origin	raw_sha256	rule_id	action	encoding	legacy_rule_takes_precedence
/home/mkrueger/work/bbs/bbsarchives/Ansi-Art/765no0.zip![11]:ARCHIVES.BBS	71d056256e41d4ff70832abfe8c37d449ef45f0265bd1d05e0393a339b37cb4a	bbs-archives-passed-banner	ReportOnly	cp437-inferred	false
/home/mkrueger/work/bbs/bbsarchives/Ansi-Art/ciapak08.zip![65]:CIA-FTR3.ZIP![6]:FFOZOUHM.TXT	156e98b129c46e2554ad6210bdff442c3bc4d02ba002c657518f2afc75e0f3a1	buggerer-stadium-footer-102	ReportOnly	cp437-inferred	false
/home/mkrueger/work/bbs/bbsarchives/Ansi-Art/massive2.zip![10]:ARCHIVES.BBS	71d056256e41d4ff70832abfe8c37d449ef45f0265bd1d05e0393a339b37cb4a	bbs-archives-passed-banner	ReportOnly	cp437-inferred	false
/home/mkrueger/work/bbs/bbsarchives/Ansi-Art/plf-0798.zip![30]:ARCHIVES.BBS	71d056256e41d4ff70832abfe8c37d449ef45f0265bd1d05e0393a339b37cb4a	bbs-archives-passed-banner	ReportOnly	cp437-inferred	false
/home/mkrueger/work/bbs/bbsarchives/Ansi-Art/shao0798.zip![25]:ARCHIVES.BBS	71d056256e41d4ff70832abfe8c37d449ef45f0265bd1d05e0393a339b37cb4a	bbs-archives-passed-banner	ReportOnly	cp437-inferred	false
/home/mkrueger/work/bbs/bbsarchives/Ansi-Avitar-Utilities/avd_2d436.zip![6]:ARCHIVES.BBS	71d056256e41d4ff70832abfe8c37d449ef45f0265bd1d05e0393a339b37cb4a	bbs-archives-passed-banner	ReportOnly	cp437-inferred	false
/home/mkrueger/work/bbs/bbsarchives/Ansi-Avitar-Utilities/ave205e.zip![3]:ARCHIVES.BBS	71d056256e41d4ff70832abfe8c37d449ef45f0265bd1d05e0393a339b37cb4a	bbs-archives-passed-banner	ReportOnly	cp437-inferred	false
/home/mkrueger/work/bbs/bbsarchives/Ansi-Avitar-Utilities/ciadrwb8.zip![11]:ARCHIVES.BBS	71d056256e41d4ff70832abfe8c37d449ef45f0265bd1d05e0393a339b37cb4a	bbs-archives-passed-banner	ReportOnly	cp437-inferred	false
/home/mkrueger/work/bbs/bbsarchives/Ansi-Avitar-Utilities/fdg_2d107.zip![68]:ARCHIVES.BBS	71d056256e41d4ff70832abfe8c37d449ef45f0265bd1d05e0393a339b37cb4a	bbs-archives-passed-banner	ReportOnly	cp437-inferred	false
/home/mkrueger/work/bbs/bbsarchives/Ansi-Avitar-Utilities/ic2_100.zip![6]:ARCHIVES.BBS	71d056256e41d4ff70832abfe8c37d449ef45f0265bd1d05e0393a339b37cb4a	bbs-archives-passed-banner	ReportOnly	cp437-inferred	false
/home/mkrueger/work/bbs/bbsarchives/Ansi-Avitar-Utilities/idw20b.zip![3]:ARCHIVES.BBS	71d056256e41d4ff70832abfe8c37d449ef45f0265bd1d05e0393a339b37cb4a	bbs-archives-passed-banner	ReportOnly	cp437-inferred	false
/home/mkrueger/work/bbs/bbsarchives/Ansi-Avitar-Utilities/pab096b.zip![4]:SPECS.ZIP![6]:ARCHIVES.BBS	71d056256e41d4ff70832abfe8c37d449ef45f0265bd1d05e0393a339b37cb4a	bbs-archives-passed-banner	ReportOnly	cp437-inferred	false
/home/mkrueger/work/bbs/bbsarchives/Ansi-Avitar-Utilities/pab096b.zip![5]:TINYVIEW.ZIP![4]:ARCHIVES.BBS	71d056256e41d4ff70832abfe8c37d449ef45f0265bd1d05e0393a339b37cb4a	bbs-archives-passed-banner	ReportOnly	cp437-inferred	false
/home/mkrueger/work/bbs/bbsarchives/Ansi-Avitar-Utilities/pablo086.zip![4]:ARCHIVES.BBS	71d056256e41d4ff70832abfe8c37d449ef45f0265bd1d05e0393a339b37cb4a	bbs-archives-passed-banner	ReportOnly	cp437-inferred	false
/home/mkrueger/work/bbs/bbsarchives/Ansi-Avitar-Utilities/paintpro.zip![12]:ARCHIVES.BBS	71d056256e41d4ff70832abfe8c37d449ef45f0265bd1d05e0393a339b37cb4a	bbs-archives-passed-banner	ReportOnly	cp437-inferred	false
/home/mkrueger/work/bbs/bbsarchives/Ansi-Avitar-Utilities/scribea3.zip![6]:ARCHIVES.BBS	71d056256e41d4ff70832abfe8c37d449ef45f0265bd1d05e0393a339b37cb4a	bbs-archives-passed-banner	ReportOnly	cp437-inferred	false
/home/mkrueger/work/bbs/bbsarchives/Ansi-Avitar-Utilities/shm180_2db.zip![5]:ARCHIVES.BBS	71d056256e41d4ff70832abfe8c37d449ef45f0265bd1d05e0393a339b37cb4a	bbs-archives-passed-banner	ReportOnly	cp437-inferred	false
/home/mkrueger/work/bbs/bbsarchives/Ansi-Avitar-Utilities/show100.zip![18]:DOORS.BBS	71d056256e41d4ff70832abfe8c37d449ef45f0265bd1d05e0393a339b37cb4a	bbs-archives-passed-banner	ReportOnly	cp437-inferred	false
/home/mkrueger/work/bbs/bbsarchives/Ansi-Avitar-Utilities/spoon216.zip![6]:ARCHIVES.BBS	71d056256e41d4ff70832abfe8c37d449ef45f0265bd1d05e0393a339b37cb4a	bbs-archives-passed-banner	ReportOnly	cp437-inferred	false
/home/mkrueger/work/bbs/bbsarchives/Ansi-Avitar-Utilities/strip7h.zip![3]:ARCHIVES.BBS	71d056256e41d4ff70832abfe8c37d449ef45f0265bd1d05e0393a339b37cb4a	bbs-archives-passed-banner	ReportOnly	cp437-inferred	false
/home/mkrueger/work/bbs/bbsarchives/Ansi-Avitar-Utilities/tna1_2d1.zip![5]:ARCHIVES.BBS	71d056256e41d4ff70832abfe8c37d449ef45f0265bd1d05e0393a339b37cb4a	bbs-archives-passed-banner	ReportOnly	cp437-inferred	false
/home/mkrueger/work/bbs/bbsarchives/Archive-Compression-Utilities/cczip22.zip![12]:PCMICR0.NFO	71d056256e41d4ff70832abfe8c37d449ef45f0265bd1d05e0393a339b37cb4a	bbs-archives-passed-banner	ReportOnly	cp437-inferred	false
/home/mkrueger/work/bbs/bbsarchives/Archive-Compression-Utilities/mscic65a.zip![11]:ARCHIVES.BBS	71d056256e41d4ff70832abfe8c37d449ef45f0265bd1d05e0393a339b37cb4a	bbs-archives-passed-banner	ReportOnly	cp437-inferred	false
/home/mkrueger/work/bbs/bbsarchives/Archive-Compression-Utilities/zipem12.zip![5]:ARCHIVES.BBS	71d056256e41d4ff70832abfe8c37d449ef45f0265bd1d05e0393a339b37cb4a	bbs-archives-passed-banner	ReportOnly	cp437-inferred	false
/home/mkrueger/work/bbs/bbsarchives/Archive-Testers---Doors/pumpsrc.zip![9]:ARCHIVES.BBS	71d056256e41d4ff70832abfe8c37d449ef45f0265bd1d05e0393a339b37cb4a	bbs-archives-passed-banner	ReportOnly	cp437-inferred	false
/home/mkrueger/work/bbs/bbsarchives/BBS-Programs---BBS-source/eb_008g2.zip![2]:SAMPLES.ZIP![2]:ELE-PP14.ZIP![0]:ARCHIVES.BBS	71d056256e41d4ff70832abfe8c37d449ef45f0265bd1d05e0393a339b37cb4a	bbs-archives-passed-banner	ReportOnly	cp437-inferred	false
/home/mkrueger/work/bbs/bbsarchives/BBS-Programs---BBS-source/eb_008g3.zip![2]:SAMPLES.ZIP![2]:ELE-PP14.ZIP![0]:ARCHIVES.BBS	71d056256e41d4ff70832abfe8c37d449ef45f0265bd1d05e0393a339b37cb4a	bbs-archives-passed-banner	ReportOnly	cp437-inferred	false
/home/mkrueger/work/bbs/bbsarchives/BBS-Programs---BBS-source/eb_008gd.zip![2]:SAMPLES.ZIP![2]:ELE-PP14.ZIP![0]:ARCHIVES.BBS	71d056256e41d4ff70832abfe8c37d449ef45f0265bd1d05e0393a339b37cb4a	bbs-archives-passed-banner	ReportOnly	cp437-inferred	false
/home/mkrueger/work/bbs/bbsarchives/BBS-Programs---BBS-source/h2_100.zip![3]:ARCHIVES.BBS	71d056256e41d4ff70832abfe8c37d449ef45f0265bd1d05e0393a339b37cb4a	bbs-archives-passed-banner	ReportOnly	cp437-inferred	false
/home/mkrueger/work/bbs/bbsarchives/BBS-Programs---BBS-source/imp71.zip![305]:ARCHIVES.BBS	71d056256e41d4ff70832abfe8c37d449ef45f0265bd1d05e0393a339b37cb4a	bbs-archives-passed-banner	ReportOnly	cp437-inferred	false
/home/mkrueger/work/bbs/bbsarchives/BBS-Programs---BBS-source/imp71src.zip![153]:ARCHIVES.BBS	71d056256e41d4ff70832abfe8c37d449ef45f0265bd1d05e0393a339b37cb4a	bbs-archives-passed-banner	ReportOnly	cp437-inferred	false
/home/mkrueger/work/bbs/bbsarchives/BBS-Programs---BBS-source/iq20.zip![7]:ARCHIVES.BBS	71d056256e41d4ff70832abfe8c37d449ef45f0265bd1d05e0393a339b37cb4a	bbs-archives-passed-banner	ReportOnly	cp437-inferred	false
/home/mkrueger/work/bbs/bbsarchives/BBS-Programs---BBS-source/max301n2.zip![23]:ARCHIVES.BBS	71d056256e41d4ff70832abfe8c37d449ef45f0265bd1d05e0393a339b37cb4a	bbs-archives-passed-banner	ReportOnly	cp437-inferred	false
/home/mkrueger/work/bbs/bbsarchives/BBS-Programs---BBS-source/max301p2.zip![29]:ARCHIVES.BBS	71d056256e41d4ff70832abfe8c37d449ef45f0265bd1d05e0393a339b37cb4a	bbs-archives-passed-banner	ReportOnly	cp437-inferred	false
/home/mkrueger/work/bbs/bbsarchives/BBS-Programs---BBS-source/max301r2.zip![20]:ARCHIVES.BBS	71d056256e41d4ff70832abfe8c37d449ef45f0265bd1d05e0393a339b37cb4a	bbs-archives-passed-banner	ReportOnly	cp437-inferred	false
/home/mkrueger/work/bbs/bbsarchives/BBS-Programs---BBS-source/parag115.zip![5]:ARCHIVES.BBS	71d056256e41d4ff70832abfe8c37d449ef45f0265bd1d05e0393a339b37cb4a	bbs-archives-passed-banner	ReportOnly	cp437-inferred	false
/home/mkrueger/work/bbs/bbsarchives/BBS-Programs---BBS-source/pl99a_2d1.zip![5]:PCMICR0.NFO	71d056256e41d4ff70832abfe8c37d449ef45f0265bd1d05e0393a339b37cb4a	bbs-archives-passed-banner	ReportOnly	cp437-inferred	false
/home/mkrueger/work/bbs/bbsarchives/BBS-Programs---BBS-source/qvreg94b.zip![14]:PCMICR0.NFO	71d056256e41d4ff70832abfe8c37d449ef45f0265bd1d05e0393a339b37cb4a	bbs-archives-passed-banner	ReportOnly	cp437-inferred	false
/home/mkrueger/work/bbs/bbsarchives/BBS-Programs---BBS-source/rap15a2.zip![2]:ARCHIVES.BBS	71d056256e41d4ff70832abfe8c37d449ef45f0265bd1d05e0393a339b37cb4a	bbs-archives-passed-banner	ReportOnly	cp437-inferred	false
/home/mkrueger/work/bbs/bbsarchives/BBS-Programs---BBS-source/tcra985.zip![2]:ARCHIVES.BBS	71d056256e41d4ff70832abfe8c37d449ef45f0265bd1d05e0393a339b37cb4a	bbs-archives-passed-banner	ReportOnly	cp437-inferred	false
/home/mkrueger/work/bbs/bbsarchives/BBS-Programs---BBS-source/wme_100b.zip![10]:PCMICR0.NFO	71d056256e41d4ff70832abfe8c37d449ef45f0265bd1d05e0393a339b37cb4a	bbs-archives-passed-banner	ReportOnly	cp437-inferred	false
/home/mkrueger/work/bbs/bbsarchives/BBS-Programs---BBS-source/xlt305_a.zip![10]:ARCHIVES.BBS	71d056256e41d4ff70832abfe8c37d449ef45f0265bd1d05e0393a339b37cb4a	bbs-archives-passed-banner	ReportOnly	cp437-inferred	false
/home/mkrueger/work/bbs/bbsarchives/BBS-Programs---BBS-source/xlt305_b.zip![24]:ARCHIVES.BBS	71d056256e41d4ff70832abfe8c37d449ef45f0265bd1d05e0393a339b37cb4a	bbs-archives-passed-banner	ReportOnly	cp437-inferred	false
/home/mkrueger/work/bbs/bbsarchives/BBS-Programs---BBS-source/xlt305_c.zip![24]:ARCHIVES.BBS	71d056256e41d4ff70832abfe8c37d449ef45f0265bd1d05e0393a339b37cb4a	bbs-archives-passed-banner	ReportOnly	cp437-inferred	false
/home/mkrueger/work/bbs/bbsarchives/BBS-Programs---BBS-source/xlt305_d.zip![10]:ARCHIVES.BBS	71d056256e41d4ff70832abfe8c37d449ef45f0265bd1d05e0393a339b37cb4a	bbs-archives-passed-banner	ReportOnly	cp437-inferred	false
/home/mkrueger/work/bbs/bbsarchives/BBS-Programs---BBS-source/xlt305_e.zip![28]:ARCHIVES.BBS	71d056256e41d4ff70832abfe8c37d449ef45f0265bd1d05e0393a339b37cb4a	bbs-archives-passed-banner	ReportOnly	cp437-inferred	false
/home/mkrueger/work/bbs/bbsarchives/Bulletin---News-Makers/anncev33.zip![3]:ARCHIVES.BBS	71d056256e41d4ff70832abfe8c37d449ef45f0265bd1d05e0393a339b37cb4a	bbs-archives-passed-banner	ReportOnly	cp437-inferred	false
/home/mkrueger/work/bbs/bbsarchives/Bulletin---News-Makers/news210.zip![4]:PCMICRO.NFO	71d056256e41d4ff70832abfe8c37d449ef45f0265bd1d05e0393a339b37cb4a	bbs-archives-passed-banner	ReportOnly	cp437-inferred	false
/home/mkrueger/work/bbs/bbsarchives/Bulletin---News-Makers/showf20.zip![11]:DOORS.BBS	71d056256e41d4ff70832abfe8c37d449ef45f0265bd1d05e0393a339b37cb4a	bbs-archives-passed-banner	ReportOnly	cp437-inferred	false
/home/mkrueger/work/bbs/bbsarchives/Bulletin---News-Makers/splite12.zip![7]:DOORS.BBS	71d056256e41d4ff70832abfe8c37d449ef45f0265bd1d05e0393a339b37cb4a	bbs-archives-passed-banner	ReportOnly	cp437-inferred	false
/home/mkrueger/work/bbs/bbsarchives/Chatting-Doors---Utils/cdoor002.zip![6]:ARCHIVES.BBS	71d056256e41d4ff70832abfe8c37d449ef45f0265bd1d05e0393a339b37cb4a	bbs-archives-passed-banner	ReportOnly	cp437-inferred	false
/home/mkrueger/work/bbs/bbsarchives/Chatting-Doors---Utils/cheri251.zip![21]:DOORS.BBS	71d056256e41d4ff70832abfe8c37d449ef45f0265bd1d05e0393a339b37cb4a	bbs-archives-passed-banner	ReportOnly	cp437-inferred	false
/home/mkrueger/work/bbs/bbsarchives/Chatting-Doors---Utils/crich300.zip![14]:ARCHIVES.BBS	71d056256e41d4ff70832abfe8c37d449ef45f0265bd1d05e0393a339b37cb4a	bbs-archives-passed-banner	ReportOnly	cp437-inferred	false
/home/mkrueger/work/bbs/bbsarchives/Chatting-Doors---Utils/fjchat22.zip![10]:RENEGADE	71d056256e41d4ff70832abfe8c37d449ef45f0265bd1d05e0393a339b37cb4a	bbs-archives-passed-banner	ReportOnly	cp437-inferred	false
/home/mkrueger/work/bbs/bbsarchives/Chatting-Doors---Utils/gti_2ddc20.zip![4]:ARCHIVES.BBS	71d056256e41d4ff70832abfe8c37d449ef45f0265bd1d05e0393a339b37cb4a	bbs-archives-passed-banner	ReportOnly	cp437-inferred	false
/home/mkrueger/work/bbs/bbsarchives/Chatting-Doors---Utils/pageme25.zip![6]:ARCHIVES.BBS	71d056256e41d4ff70832abfe8c37d449ef45f0265bd1d05e0393a339b37cb4a	bbs-archives-passed-banner	ReportOnly	cp437-inferred	false
/home/mkrueger/work/bbs/bbsarchives/Chatting-Doors---Utils/pageme30.zip![6]:ARCHIVES.BBS	71d056256e41d4ff70832abfe8c37d449ef45f0265bd1d05e0393a339b37cb4a	bbs-archives-passed-banner	ReportOnly	cp437-inferred	false
/home/mkrueger/work/bbs/bbsarchives/Chatting-Doors---Utils/supchat.zip![16]:ARCHIVES.BBS	71d056256e41d4ff70832abfe8c37d449ef45f0265bd1d05e0393a339b37cb4a	bbs-archives-passed-banner	ReportOnly	cp437-inferred	false
/home/mkrueger/work/bbs/bbsarchives/Concord-Utils/baudcnc4.zip![8]:CONCORD	71d056256e41d4ff70832abfe8c37d449ef45f0265bd1d05e0393a339b37cb4a	bbs-archives-passed-banner	ReportOnly	cp437-inferred	false
/home/mkrueger/work/bbs/bbsarchives/Concord-Utils/c2mcm105.zip![5]:ARCHIVES.BBS	71d056256e41d4ff70832abfe8c37d449ef45f0265bd1d05e0393a339b37cb4a	bbs-archives-passed-banner	ReportOnly	cp437-inferred	false
/home/mkrueger/work/bbs/bbsarchives/Concord-Utils/cc2xe08.zip![5]:BBSADDY	71d056256e41d4ff70832abfe8c37d449ef45f0265bd1d05e0393a339b37cb4a	bbs-archives-passed-banner	ReportOnly	cp437-inferred	false
/home/mkrueger/work/bbs/bbsarchives/Concord-Utils/cd2c100.zip![4]:CONCORD.RIP	71d056256e41d4ff70832abfe8c37d449ef45f0265bd1d05e0393a339b37cb4a	bbs-archives-passed-banner	ReportOnly	cp437-inferred	false
/home/mkrueger/work/bbs/bbsarchives/Concord-Utils/cevent.zip![3]:CONCORD	71d056256e41d4ff70832abfe8c37d449ef45f0265bd1d05e0393a339b37cb4a	bbs-archives-passed-banner	ReportOnly	cp437-inferred	false
/home/mkrueger/work/bbs/bbsarchives/Concord-Utils/cfaq1297.zip![4]:CONCORD.USA	71d056256e41d4ff70832abfe8c37d449ef45f0265bd1d05e0393a339b37cb4a	bbs-archives-passed-banner	ReportOnly	cp437-inferred	false
/home/mkrueger/work/bbs/bbsarchives/Concord-Utils/concuser.zip![7]:CONCORD	71d056256e41d4ff70832abfe8c37d449ef45f0265bd1d05e0393a339b37cb4a	bbs-archives-passed-banner	ReportOnly	cp437-inferred	false
/home/mkrueger/work/bbs/bbsarchives/Concord-Utils/conv0909.zip![18]:CONVERT.NOW	71d056256e41d4ff70832abfe8c37d449ef45f0265bd1d05e0393a339b37cb4a	bbs-archives-passed-banner	ReportOnly	cp437-inferred	false
/home/mkrueger/work/bbs/bbsarchives/Concord-Utils/cscrpts2.zip![4]:PCMUSA.SCR	71d056256e41d4ff70832abfe8c37d449ef45f0265bd1d05e0393a339b37cb4a	bbs-archives-passed-banner	ReportOnly	cp437-inferred	false
/home/mkrueger/work/bbs/bbsarchives/Concord-Utils/cusage02.zip![5]:USABBS	71d056256e41d4ff70832abfe8c37d449ef45f0265bd1d05e0393a339b37cb4a	bbs-archives-passed-banner	ReportOnly	cp437-inferred	false
/home/mkrueger/work/bbs/bbsarchives/Concord-Utils/cview20.zip![4]:INSAINE	71d056256e41d4ff70832abfe8c37d449ef45f0265bd1d05e0393a339b37cb4a	bbs-archives-passed-banner	ReportOnly	cp437-inferred	false
/home/mkrueger/work/bbs/bbsarchives/Concord-Utils/cwl_2deg10.zip![84]:PROMPT.USA	71d056256e41d4ff70832abfe8c37d449ef45f0265bd1d05e0393a339b37cb4a	bbs-archives-passed-banner	ReportOnly	cp437-inferred	false
/home/mkrueger/work/bbs/bbsarchives/Concord-Utils/cwl_2dlc10.zip![5]:SUCKIT.NOW	71d056256e41d4ff70832abfe8c37d449ef45f0265bd1d05e0393a339b37cb4a	bbs-archives-passed-banner	ReportOnly	cp437-inferred	false
/home/mkrueger/work/bbs/bbsarchives/Concord-Utils/cwl_2drt11.zip![6]:REQUEST.IT	71d056256e41d4ff70832abfe8c37d449ef45f0265bd1d05e0393a339b37cb4a	bbs-archives-passed-banner	ReportOnly	cp437-inferred	false
/home/mkrueger/work/bbs/bbsarchives/Concord-Utils/delta17b.zip![8]:GERMAN.UTL	71d056256e41d4ff70832abfe8c37d449ef45f0265bd1d05e0393a339b37cb4a	bbs-archives-passed-banner	ReportOnly	cp437-inferred	false
/home/mkrueger/work/bbs/bbsarchives/Concord-Utils/f2c100.zip![3]:CONCORD	71d056256e41d4ff70832abfe8c37d449ef45f0265bd1d05e0393a339b37cb4a	bbs-archives-passed-banner	ReportOnly	cp437-inferred	false
/home/mkrueger/work/bbs/bbsarchives/Concord-Utils/fe2cc104.zip![5]:FEE4FREE.NOW	71d056256e41d4ff70832abfe8c37d449ef45f0265bd1d05e0393a339b37cb4a	bbs-archives-passed-banner	ReportOnly	cp437-inferred	false
/home/mkrueger/work/bbs/bbsarchives/Concord-Utils/ged_conc.zip![6]:EXITINFO.BBS	71d056256e41d4ff70832abfe8c37d449ef45f0265bd1d05e0393a339b37cb4a	bbs-archives-passed-banner	ReportOnly	cp437-inferred	false
/home/mkrueger/work/bbs/bbsarchives/Concord-Utils/im2cc102.zip![6]:IMTHEGOD.USA	71d056256e41d4ff70832abfe8c37d449ef45f0265bd1d05e0393a339b37cb4a	bbs-archives-passed-banner	ReportOnly	cp437-inferred	false
/home/mkrueger/work/bbs/bbsarchives/Concord-Utils/limcnc01.zip![5]:INHALE.BIL	71d056256e41d4ff70832abfe8c37d449ef45f0265bd1d05e0393a339b37cb4a	bbs-archives-passed-banner	ReportOnly	cp437-inferred	false
/home/mkrueger/work/bbs/bbsarchives/Concord-Utils/mcmtocon.zip![3]:MCDONALD.EIO	71d056256e41d4ff70832abfe8c37d449ef45f0265bd1d05e0393a339b37cb4a	bbs-archives-passed-banner	ReportOnly	cp437-inferred	false
/home/mkrueger/work/bbs/bbsarchives/Concord-Utils/mlw_2d1_2d2.zip![3]:FILE_IB.DIZ	71d056256e41d4ff70832abfe8c37d449ef45f0265bd1d05e0393a339b37cb4a	bbs-archives-passed-banner	ReportOnly	cp437-inferred	false
/home/mkrueger/work/bbs/bbsarchives/Concord-Utils/nodeset.zip![3]:NOSEX4.YOU	71d056256e41d4ff70832abfe8c37d449ef45f0265bd1d05e0393a339b37cb4a	bbs-archives-passed-banner	ReportOnly	cp437-inferred	false
/home/mkrueger/work/bbs/bbsarchives/Concord-Utils/pb2conc.zip![5]:PBSUCKS.DIK	71d056256e41d4ff70832abfe8c37d449ef45f0265bd1d05e0393a339b37cb4a	bbs-archives-passed-banner	ReportOnly	cp437-inferred	false
/home/mkrueger/work/bbs/bbsarchives/Concord-Utils/qwkscr.zip![6]:CONCORD	71d056256e41d4ff70832abfe8c37d449ef45f0265bd1d05e0393a339b37cb4a	bbs-archives-passed-banner	ReportOnly	cp437-inferred	false
/home/mkrueger/work/bbs/bbsarchives/Concord-Utils/shk_2dgg11.zip![3]:GGROUP.CRC	71d056256e41d4ff70832abfe8c37d449ef45f0265bd1d05e0393a339b37cb4a	bbs-archives-passed-banner	ReportOnly	cp437-inferred	false
/home/mkrueger/work/bbs/bbsarchives/Concord-Utils/sn_21who12.zip![12]:SUBLIMI.NAL	71d056256e41d4ff70832abfe8c37d449ef45f0265bd1d05e0393a339b37cb4a	bbs-archives-passed-banner	ReportOnly	cp437-inferred	false
/home/mkrueger/work/bbs/bbsarchives/Concord-Utils/sup2con5.zip![4]:SUPDUDE.HEY	71d056256e41d4ff70832abfe8c37d449ef45f0265bd1d05e0393a339b37cb4a	bbs-archives-passed-banner	ReportOnly	cp437-inferred	false
/home/mkrueger/work/bbs/bbsarchives/Concord-Utils/usered_2dg.zip![8]:USERBED.LSD	71d056256e41d4ff70832abfe8c37d449ef45f0265bd1d05e0393a339b37cb4a	bbs-archives-passed-banner	ReportOnly	cp437-inferred	false
/home/mkrueger/work/bbs/bbsarchives/Concord-Utils/vflst100.zip![15]:LSDACID.TRP	71d056256e41d4ff70832abfe8c37d449ef45f0265bd1d05e0393a339b37cb4a	bbs-archives-passed-banner	ReportOnly	cp437-inferred	false
/home/mkrueger/work/bbs/bbsarchives/Concord-Utils/wall_312.zip![2]:REGISTER.NOT	71d056256e41d4ff70832abfe8c37d449ef45f0265bd1d05e0393a339b37cb4a	bbs-archives-passed-banner	ReportOnly	cp437-inferred	false
/home/mkrueger/work/bbs/bbsarchives/Doors/1txds130.zip![7]:DOORS.BBS	71d056256e41d4ff70832abfe8c37d449ef45f0265bd1d05e0393a339b37cb4a	bbs-archives-passed-banner	ReportOnly	cp437-inferred	false
/home/mkrueger/work/bbs/bbsarchives/Doors/1txdxtra.zip![4]:ARCHIVES.BBS	71d056256e41d4ff70832abfe8c37d449ef45f0265bd1d05e0393a339b37cb4a	bbs-archives-passed-banner	ReportOnly	cp437-inferred	false
/home/mkrueger/work/bbs/bbsarchives/Doors/316to317.zip![10]:ARCHIVES.BBS	71d056256e41d4ff70832abfe8c37d449ef45f0265bd1d05e0393a339b37cb4a	bbs-archives-passed-banner	ReportOnly	cp437-inferred	false
/home/mkrueger/work/bbs/bbsarchives/Doors/316to317.zip![11]:DOORS.BBS	71d056256e41d4ff70832abfe8c37d449ef45f0265bd1d05e0393a339b37cb4a	bbs-archives-passed-banner	ReportOnly	cp437-inferred	false
/home/mkrueger/work/bbs/bbsarchives/Doors/4corn14.zip![12]:ARCHIVES.BBS	71d056256e41d4ff70832abfe8c37d449ef45f0265bd1d05e0393a339b37cb4a	bbs-archives-passed-banner	ReportOnly	cp437-inferred	false
/home/mkrueger/work/bbs/bbsarchives/Doors/500bbs21.zip![10]:DOORS.BBS	71d056256e41d4ff70832abfe8c37d449ef45f0265bd1d05e0393a339b37cb4a	bbs-archives-passed-banner	ReportOnly	cp437-inferred	false
/home/mkrueger/work/bbs/bbsarchives/Doors/5dhang10.zip![6]:DOORS.BBS	71d056256e41d4ff70832abfe8c37d449ef45f0265bd1d05e0393a339b37cb4a	bbs-archives-passed-banner	ReportOnly	cp437-inferred	false
/home/mkrueger/work/bbs/bbsarchives/Doors/5dws193.zip![74]:ARCHIVES.BBS	71d056256e41d4ff70832abfe8c37d449ef45f0265bd1d05e0393a339b37cb4a	bbs-archives-passed-banner	ReportOnly	cp437-inferred	false
/home/mkrueger/work/bbs/bbsarchives/Doors/99v13.zip![10]:DOORS.BBS	71d056256e41d4ff70832abfe8c37d449ef45f0265bd1d05e0393a339b37cb4a	bbs-archives-passed-banner	ReportOnly	cp437-inferred	false
/home/mkrueger/work/bbs/bbsarchives/Doors/DoorConverters/bounce20.zip![17]:ARCHIVES.BBS	71d056256e41d4ff70832abfe8c37d449ef45f0265bd1d05e0393a339b37cb4a	bbs-archives-passed-banner	ReportOnly	cp437-inferred	false
/home/mkrueger/work/bbs/bbsarchives/Doors/DoorConverters/busy_v10.zip![10]:PCMICR0.NFO	71d056256e41d4ff70832abfe8c37d449ef45f0265bd1d05e0393a339b37cb4a	bbs-archives-passed-banner	ReportOnly	cp437-inferred	false
/home/mkrueger/work/bbs/bbsarchives/Doors/DoorConverters/cecho11.zip![6]:PCMICR0.NFO	71d056256e41d4ff70832abfe8c37d449ef45f0265bd1d05e0393a339b37cb4a	bbs-archives-passed-banner	ReportOnly	cp437-inferred	false
/home/mkrueger/work/bbs/bbsarchives/Doors/DoorConverters/cvtdoor.zip![4]:PCMICR0.NFO	71d056256e41d4ff70832abfe8c37d449ef45f0265bd1d05e0393a339b37cb4a	bbs-archives-passed-banner	ReportOnly	cp437-inferred	false
/home/mkrueger/work/bbs/bbsarchives/Doors/DoorConverters/dl31.zip![8]:PCMICR0.NFO	71d056256e41d4ff70832abfe8c37d449ef45f0265bd1d05e0393a339b37cb4a	bbs-archives-passed-banner	ReportOnly	cp437-inferred	false
/home/mkrueger/work/bbs/bbsarchives/Doors/DoorConverters/dropchop.zip![5]:PCMICR0.NFO	71d056256e41d4ff70832abfe8c37d449ef45f0265bd1d05e0393a339b37cb4a	bbs-archives-passed-banner	ReportOnly	cp437-inferred	false
/home/mkrueger/work/bbs/bbsarchives/Doors/DoorConverters/dt51a.zip![8]:PCMICR0.NFO	71d056256e41d4ff70832abfe8c37d449ef45f0265bd1d05e0393a339b37cb4a	bbs-archives-passed-banner	ReportOnly	cp437-inferred	false
/home/mkrueger/work/bbs/bbsarchives/Doors/DoorConverters/exitbug.zip![3]:PCMICR0.NFO	71d056256e41d4ff70832abfe8c37d449ef45f0265bd1d05e0393a339b37cb4a	bbs-archives-passed-banner	ReportOnly	cp437-inferred	false
/home/mkrueger/work/bbs/bbsarchives/Doors/DoorConverters/ez_door.zip![4]:PCMICR0.NFO	71d056256e41d4ff70832abfe8c37d449ef45f0265bd1d05e0393a339b37cb4a	bbs-archives-passed-banner	ReportOnly	cp437-inferred	false
/home/mkrueger/work/bbs/bbsarchives/Doors/DoorConverters/fixflag.zip![3]:PCMICR0.NFO	71d056256e41d4ff70832abfe8c37d449ef45f0265bd1d05e0393a339b37cb4a	bbs-archives-passed-banner	ReportOnly	cp437-inferred	false
/home/mkrueger/work/bbs/bbsarchives/Doors/DoorConverters/flash10.zip![5]:PCMICR0.NFO	71d056256e41d4ff70832abfe8c37d449ef45f0265bd1d05e0393a339b37cb4a	bbs-archives-passed-banner	ReportOnly	cp437-inferred	false
/home/mkrueger/work/bbs/bbsarchives/Doors/DoorConverters/htdoor12.zip![8]:PCMICR0.NFO	71d056256e41d4ff70832abfe8c37d449ef45f0265bd1d05e0393a339b37cb4a	bbs-archives-passed-banner	ReportOnly	cp437-inferred	false
/home/mkrueger/work/bbs/bbsarchives/Doors/DoorConverters/lidoor.zip![14]:PCMICR0.NFO	71d056256e41d4ff70832abfe8c37d449ef45f0265bd1d05e0393a339b37cb4a	bbs-archives-passed-banner	ReportOnly	cp437-inferred	false
/home/mkrueger/work/bbs/bbsarchives/Doors/DoorConverters/rage1d.zip![7]:ARCHIVES.BBS	71d056256e41d4ff70832abfe8c37d449ef45f0265bd1d05e0393a339b37cb4a	bbs-archives-passed-banner	ReportOnly	cp437-inferred	false
/home/mkrueger/work/bbs/bbsarchives/Doors/DoorConverters/splite10.zip![6]:PCMICR0.NFO	71d056256e41d4ff70832abfe8c37d449ef45f0265bd1d05e0393a339b37cb4a	bbs-archives-passed-banner	ReportOnly	cp437-inferred	false
/home/mkrueger/work/bbs/bbsarchives/Doors/DoorDevKits/boi200p.zip![23]:ARCHIVES.BBS	71d056256e41d4ff70832abfe8c37d449ef45f0265bd1d05e0393a339b37cb4a	bbs-archives-passed-banner	ReportOnly	cp437-inferred	false
/home/mkrueger/work/bbs/bbsarchives/Doors/DoorDevKits/cdev010.zip![5]:ARCHIVES.BBS	71d056256e41d4ff70832abfe8c37d449ef45f0265bd1d05e0393a339b37cb4a	bbs-archives-passed-banner	ReportOnly	cp437-inferred	false
/home/mkrueger/work/bbs/bbsarchives/Doors/DoorDevKits/cm_2dkit.zip![10]:ARCHIVES.BBS	71d056256e41d4ff70832abfe8c37d449ef45f0265bd1d05e0393a339b37cb4a	bbs-archives-passed-banner	ReportOnly	cp437-inferred	false
/home/mkrueger/work/bbs/bbsarchives/Doors/DoorDevKits/comlb100.zip![7]:ARCHIVES.BBS	71d056256e41d4ff70832abfe8c37d449ef45f0265bd1d05e0393a339b37cb4a	bbs-archives-passed-banner	ReportOnly	cp437-inferred	false
/home/mkrueger/work/bbs/bbsarchives/Doors/DoorDevKits/ddo_2dfx13.zip![42]:ARCHIVES.BBS	71d056256e41d4ff70832abfe8c37d449ef45f0265bd1d05e0393a339b37cb4a	bbs-archives-passed-banner	ReportOnly	cp437-inferred	false
/home/mkrueger/work/bbs/bbsarchives/Doors/DoorDevKits/ddplus71.zip![32]:ARCHIVES.BBS	71d056256e41d4ff70832abfe8c37d449ef45f0265bd1d05e0393a339b37cb4a	bbs-archives-passed-banner	ReportOnly	cp437-inferred	false
/home/mkrueger/work/bbs/bbsarchives/Doors/DoorDevKits/dfqbx33.zip![8]:ARCHIVES.BBS	71d056256e41d4ff70832abfe8c37d449ef45f0265bd1d05e0393a339b37cb4a	bbs-archives-passed-banner	ReportOnly	cp437-inferred	false
/home/mkrueger/work/bbs/bbsarchives/Doors/DoorDevKits/dframe49.zip![8]:PCMICR0.NFO	71d056256e41d4ff70832abfe8c37d449ef45f0265bd1d05e0393a339b37cb4a	bbs-archives-passed-banner	ReportOnly	cp437-inferred	false
/home/mkrueger/work/bbs/bbsarchives/Doors/DoorDevKits/dfvb21.zip![8]:PCMICR0.NFO	71d056256e41d4ff70832abfe8c37d449ef45f0265bd1d05e0393a339b37cb4a	bbs-archives-passed-banner	ReportOnly	cp437-inferred	false
/home/mkrueger/work/bbs/bbsarchives/Doors/DoorDevKits/doorinfo.zip![19]:ARCHIVES.BBS	71d056256e41d4ff70832abfe8c37d449ef45f0265bd1d05e0393a339b37cb4a	bbs-archives-passed-banner	ReportOnly	cp437-inferred	false
/home/mkrueger/work/bbs/bbsarchives/Doors/DoorDevKits/droot111.zip![15]:ARCHIVES.BBS	71d056256e41d4ff70832abfe8c37d449ef45f0265bd1d05e0393a339b37cb4a	bbs-archives-passed-banner	ReportOnly	cp437-inferred	false
/home/mkrueger/work/bbs/bbsarchives/Doors/DoorDevKits/fkfos102.zip![10]:ARCHIVES.BBS	71d056256e41d4ff70832abfe8c37d449ef45f0265bd1d05e0393a339b37cb4a	bbs-archives-passed-banner	ReportOnly	cp437-inferred	false
/home/mkrueger/work/bbs/bbsarchives/Doors/DoorDevKits/flapi95.zip![7]:ARCHIVES.BBS	71d056256e41d4ff70832abfe8c37d449ef45f0265bd1d05e0393a339b37cb4a	bbs-archives-passed-banner	ReportOnly	cp437-inferred	false
/home/mkrueger/work/bbs/bbsarchives/Doors/DoorDevKits/igmdv308.zip![13]:ARCHIVES.BBS	71d056256e41d4ff70832abfe8c37d449ef45f0265bd1d05e0393a339b37cb4a	bbs-archives-passed-banner	ReportOnly	cp437-inferred	false
/home/mkrueger/work/bbs/bbsarchives/Doors/DoorDevKits/igmkit10.zip![6]:ARCHIVES.BBS	71d056256e41d4ff70832abfe8c37d449ef45f0265bd1d05e0393a339b37cb4a	bbs-archives-passed-banner	ReportOnly	cp437-inferred	false
/home/mkrueger/work/bbs/bbsarchives/Doors/DoorDevKits/igmunit.zip![8]:ARCHIVES.BBS	71d056256e41d4ff70832abfe8c37d449ef45f0265bd1d05e0393a339b37cb4a	bbs-archives-passed-banner	ReportOnly	cp437-inferred	false
/home/mkrueger/work/bbs/bbsarchives/Doors/DoorDevKits/kadv600.zip![11]:ARCHIVES.BBS	71d056256e41d4ff70832abfe8c37d449ef45f0265bd1d05e0393a339b37cb4a	bbs-archives-passed-banner	ReportOnly	cp437-inferred	false
/home/mkrueger/work/bbs/bbsarchives/Doors/DoorDevKits/lordstrc.zip![2]:ARCHIVES.BBS	71d056256e41d4ff70832abfe8c37d449ef45f0265bd1d05e0393a339b37cb4a	bbs-archives-passed-banner	ReportOnly	cp437-inferred	false
/home/mkrueger/work/bbs/bbsarchives/Doors/DoorDevKits/mxgui210.zip![37]:ARCHIVES.BBS	71d056256e41d4ff70832abfe8c37d449ef45f0265bd1d05e0393a339b37cb4a	bbs-archives-passed-banner	ReportOnly	cp437-inferred	false
/home/mkrueger/work/bbs/bbsarchives/Doors/DoorDevKits/ny_src.zip![68]:ARCHIVES.BBS	71d056256e41d4ff70832abfe8c37d449ef45f0265bd1d05e0393a339b37cb4a	bbs-archives-passed-banner	ReportOnly	cp437-inferred	false
/home/mkrueger/work/bbs/bbsarchives/Doors/DoorDevKits/odoors60.zip![19]:ARCHIVES.BBS	71d056256e41d4ff70832abfe8c37d449ef45f0265bd1d05e0393a339b37cb4a	bbs-archives-passed-banner	ReportOnly	cp437-inferred	false
/home/mkrueger/work/bbs/bbsarchives/Doors/DoorDevKits/oj12.zip![42]:ARCHIVES.BBS	71d056256e41d4ff70832abfe8c37d449ef45f0265bd1d05e0393a339b37cb4a	bbs-archives-passed-banner	ReportOnly	cp437-inferred	false
/home/mkrueger/work/bbs/bbsarchives/Doors/DoorDevKits/oosrckit.zip![3]:ARCHIVES.BBS	71d056256e41d4ff70832abfe8c37d449ef45f0265bd1d05e0393a339b37cb4a	bbs-archives-passed-banner	ReportOnly	cp437-inferred	false
/home/mkrueger/work/bbs/bbsarchives/Doors/DoorDevKits/sandsrc.zip![3]:ARCHIVES.BBS	71d056256e41d4ff70832abfe8c37d449ef45f0265bd1d05e0393a339b37cb4a	bbs-archives-passed-banner	ReportOnly	cp437-inferred	false
/home/mkrueger/work/bbs/bbsarchives/Doors/DoorDevKits/structs2.zip![12]:ARCHIVES.BBS	71d056256e41d4ff70832abfe8c37d449ef45f0265bd1d05e0393a339b37cb4a	bbs-archives-passed-banner	ReportOnly	cp437-inferred	false
/home/mkrueger/work/bbs/bbsarchives/Doors/DoorDevKits/tbbs_2dapi.zip![11]:ARCHIVES.BBS	71d056256e41d4ff70832abfe8c37d449ef45f0265bd1d05e0393a339b37cb4a	bbs-archives-passed-banner	ReportOnly	cp437-inferred	false
/home/mkrueger/work/bbs/bbsarchives/Doors/DoorDevKits/tdk_v210.zip![48]:ARCHIVES.BBS	71d056256e41d4ff70832abfe8c37d449ef45f0265bd1d05e0393a339b37cb4a	bbs-archives-passed-banner	ReportOnly	cp437-inferred	false
/home/mkrueger/work/bbs/bbsarchives/Doors/DoorDevKits/tkit110.zip![25]:LORD.IGM	71d056256e41d4ff70832abfe8c37d449ef45f0265bd1d05e0393a339b37cb4a	bbs-archives-passed-banner	ReportOnly	cp437-inferred	false
/home/mkrueger/work/bbs/bbsarchives/Doors/DoorDevKits/xport11.zip![5]:ARCHIVES.BBS	71d056256e41d4ff70832abfe8c37d449ef45f0265bd1d05e0393a339b37cb4a	bbs-archives-passed-banner	ReportOnly	cp437-inferred	false
/home/mkrueger/work/bbs/bbsarchives/Doors/Doors_Lord_IGMS/4horslrd.zip![15]:LORD.IGM	71d056256e41d4ff70832abfe8c37d449ef45f0265bd1d05e0393a339b37cb4a	bbs-archives-passed-banner	ReportOnly	cp437-inferred	false
/home/mkrueger/work/bbs/bbsarchives/Doors/Doors_Lord_IGMS/_24word11.zip![4]:LORD.IGM	71d056256e41d4ff70832abfe8c37d449ef45f0265bd1d05e0393a339b37cb4a	bbs-archives-passed-banner	ReportOnly	cp437-inferred	false
/home/mkrueger/work/bbs/bbsarchives/Doors/Doors_Lord_IGMS/aa22d.zip![14]:LORD.IGM	71d056256e41d4ff70832abfe8c37d449ef45f0265bd1d05e0393a339b37cb4a	bbs-archives-passed-banner	ReportOnly	cp437-inferred	false
/home/mkrueger/work/bbs/bbsarchives/Doors/Doors_Lord_IGMS/ab09c.zip![18]:LORD.IGM	71d056256e41d4ff70832abfe8c37d449ef45f0265bd1d05e0393a339b37cb4a	bbs-archives-passed-banner	ReportOnly	cp437-inferred	false
/home/mkrueger/work/bbs/bbsarchives/Doors/Doors_Lord_IGMS/abc.zip![7]:LORD.IGM	71d056256e41d4ff70832abfe8c37d449ef45f0265bd1d05e0393a339b37cb4a	bbs-archives-passed-banner	ReportOnly	cp437-inferred	false
/home/mkrueger/work/bbs/bbsarchives/Doors/Doors_Lord_IGMS/act5.zip![8]:LORD.IGM	71d056256e41d4ff70832abfe8c37d449ef45f0265bd1d05e0393a339b37cb4a	bbs-archives-passed-banner	ReportOnly	cp437-inferred	false
/home/mkrueger/work/bbs/bbsarchives/Doors/Doors_Lord_IGMS/acth103.zip![5]:LORD.IGM	71d056256e41d4ff70832abfe8c37d449ef45f0265bd1d05e0393a339b37cb4a	bbs-archives-passed-banner	ReportOnly	cp437-inferred	false
/home/mkrueger/work/bbs/bbsarchives/Doors/Doors_Lord_IGMS/addmun10.zip![14]:LORD.IGM	71d056256e41d4ff70832abfe8c37d449ef45f0265bd1d05e0393a339b37cb4a	bbs-archives-passed-banner	ReportOnly	cp437-inferred	false
/home/mkrueger/work/bbs/bbsarchives/Doors/Doors_Lord_IGMS/adom09c.zip![15]:LORD.IGM	71d056256e41d4ff70832abfe8c37d449ef45f0265bd1d05e0393a339b37cb4a	bbs-archives-passed-banner	ReportOnly	cp437-inferred	false
/home/mkrueger/work/bbs/bbsarchives/Doors/Doors_Lord_IGMS/adultmon.zip![4]:LORD.IGM	71d056256e41d4ff70832abfe8c37d449ef45f0265bd1d05e0393a339b37cb4a	bbs-archives-passed-banner	ReportOnly	cp437-inferred	false
/home/mkrueger/work/bbs/bbsarchives/Doors/Doors_Lord_IGMS/advice.zip![5]:LORD.IGM	71d056256e41d4ff70832abfe8c37d449ef45f0265bd1d05e0393a339b37cb4a	bbs-archives-passed-banner	ReportOnly	cp437-inferred	false
/home/mkrueger/work/bbs/bbsarchives/Doors/Doors_Lord_IGMS/ahkcity.zip![8]:LORD.BBS	71d056256e41d4ff70832abfe8c37d449ef45f0265bd1d05e0393a339b37cb4a	bbs-archives-passed-banner	ReportOnly	cp437-inferred	false
/home/mkrueger/work/bbs/bbsarchives/Doors/Doors_Lord_IGMS/alad101.zip![5]:LORD.IGM	71d056256e41d4ff70832abfe8c37d449ef45f0265bd1d05e0393a339b37cb4a	bbs-archives-passed-banner	ReportOnly	cp437-inferred	false
/home/mkrueger/work/bbs/bbsarchives/Doors/Doors_Lord_IGMS/alien.zip![4]:LORD.IGM	71d056256e41d4ff70832abfe8c37d449ef45f0265bd1d05e0393a339b37cb4a	bbs-archives-passed-banner	ReportOnly	cp437-inferred	false
/home/mkrueger/work/bbs/bbsarchives/Doors/Doors_Lord_IGMS/amall103.zip![4]:LORD.IGM	71d056256e41d4ff70832abfe8c37d449ef45f0265bd1d05e0393a339b37cb4a	bbs-archives-passed-banner	ReportOnly	cp437-inferred	false
/home/mkrueger/work/bbs/bbsarchives/Doors/Doors_Lord_IGMS/anarch.zip![4]:LORD.IGM	71d056256e41d4ff70832abfe8c37d449ef45f0265bd1d05e0393a339b37cb4a	bbs-archives-passed-banner	ReportOnly	cp437-inferred	false
/home/mkrueger/work/bbs/bbsarchives/Doors/Doors_Lord_IGMS/and100.zip![13]:LORD.IGM	71d056256e41d4ff70832abfe8c37d449ef45f0265bd1d05e0393a339b37cb4a	bbs-archives-passed-banner	ReportOnly	cp437-inferred	false
/home/mkrueger/work/bbs/bbsarchives/Doors/Doors_Lord_IGMS/anlord10.zip![6]:LORD.IGM	71d056256e41d4ff70832abfe8c37d449ef45f0265bd1d05e0393a339b37cb4a	bbs-archives-passed-banner	ReportOnly	cp437-inferred	false
/home/mkrueger/work/bbs/bbsarchives/Doors/Doors_Lord_IGMS/apoth172.zip![6]:LORD.IGM	71d056256e41d4ff70832abfe8c37d449ef45f0265bd1d05e0393a339b37cb4a	bbs-archives-passed-banner	ReportOnly	cp437-inferred	false
/home/mkrueger/work/bbs/bbsarchives/Doors/Doors_Lord_IGMS/apv200.zip![16]:LORD.IGM	71d056256e41d4ff70832abfe8c37d449ef45f0265bd1d05e0393a339b37cb4a	bbs-archives-passed-banner	ReportOnly	cp437-inferred	false
/home/mkrueger/work/bbs/bbsarchives/Doors/Doors_Lord_IGMS/arabld20.zip![12]:LORD.IGM	71d056256e41d4ff70832abfe8c37d449ef45f0265bd1d05e0393a339b37cb4a	bbs-archives-passed-banner	ReportOnly	cp437-inferred	false
/home/mkrueger/work/bbs/bbsarchives/Doors/Doors_Lord_IGMS/aragonun.zip![5]:LORD.IGM	71d056256e41d4ff70832abfe8c37d449ef45f0265bd1d05e0393a339b37cb4a	bbs-archives-passed-banner	ReportOnly	cp437-inferred	false
/home/mkrueger/work/bbs/bbsarchives/Doors/Doors_Lord_IGMS/arena20.zip![7]:LORD.IGM	71d056256e41d4ff70832abfe8c37d449ef45f0265bd1d05e0393a339b37cb4a	bbs-archives-passed-banner	ReportOnly	cp437-inferred	false
/home/mkrueger/work/bbs/bbsarchives/Doors/Doors_Lord_IGMS/arenav2.zip![13]:LORD.IGM	71d056256e41d4ff70832abfe8c37d449ef45f0265bd1d05e0393a339b37cb4a	bbs-archives-passed-banner	ReportOnly	cp437-inferred	false
/home/mkrueger/work/bbs/bbsarchives/Doors/Doors_Lord_IGMS/artime11.zip![3]:LORD.IGM	71d056256e41d4ff70832abfe8c37d449ef45f0265bd1d05e0393a339b37cb4a	bbs-archives-passed-banner	ReportOnly	cp437-inferred	false
/home/mkrueger/work/bbs/bbsarchives/Doors/Doors_Lord_IGMS/asciiset.zip![2]:LORD.IGM	71d056256e41d4ff70832abfe8c37d449ef45f0265bd1d05e0393a339b37cb4a	bbs-archives-passed-banner	ReportOnly	cp437-inferred	false
/home/mkrueger/work/bbs/bbsarchives/Doors/Doors_Lord_IGMS/assfa100.zip![7]:LORD.IGM	71d056256e41d4ff70832abfe8c37d449ef45f0265bd1d05e0393a339b37cb4a	bbs-archives-passed-banner	ReportOnly	cp437-inferred	false
/home/mkrueger/work/bbs/bbsarchives/Doors/Doors_Lord_IGMS/asyvi202.zip![13]:LORD.IGM	71d056256e41d4ff70832abfe8c37d449ef45f0265bd1d05e0393a339b37cb4a	bbs-archives-passed-banner	ReportOnly	cp437-inferred	false
/home/mkrueger/work/bbs/bbsarchives/Doors/Doors_Lord_IGMS/atrain11.zip![6]:LORD.IGM	71d056256e41d4ff70832abfe8c37d449ef45f0265bd1d05e0393a339b37cb4a	bbs-archives-passed-banner	ReportOnly	cp437-inferred	false
/home/mkrueger/work/bbs/bbsarchives/Doors/Doors_Lord_IGMS/aussie11.zip![5]:LORD.IGM	71d056256e41d4ff70832abfe8c37d449ef45f0265bd1d05e0393a339b37cb4a	bbs-archives-passed-banner	ReportOnly	cp437-inferred	false
/home/mkrueger/work/bbs/bbsarchives/Doors/Doors_Lord_IGMS/avaad110.zip![5]:LORD.IGM	71d056256e41d4ff70832abfe8c37d449ef45f0265bd1d05e0393a339b37cb4a	bbs-archives-passed-banner	ReportOnly	cp437-inferred	false
/home/mkrueger/work/bbs/bbsarchives/Doors/Doors_Lord_IGMS/avaff111.zip![6]:LORD.IGM	71d056256e41d4ff70832abfe8c37d449ef45f0265bd1d05e0393a339b37cb4a	bbs-archives-passed-banner	ReportOnly	cp437-inferred	false
/home/mkrueger/work/bbs/bbsarchives/Doors/Doors_Lord_IGMS/avagy111.zip![6]:LORD.IGM	71d056256e41d4ff70832abfe8c37d449ef45f0265bd1d05e0393a339b37cb4a	bbs-archives-passed-banner	ReportOnly	cp437-inferred	false
/home/mkrueger/work/bbs/bbsarchives/Doors/Doors_Lord_IGMS/avalon24.zip![5]:LORD.IGM	71d056256e41d4ff70832abfe8c37d449ef45f0265bd1d05e0393a339b37cb4a	bbs-archives-passed-banner	ReportOnly	cp437-inferred	false
/home/mkrueger/work/bbs/bbsarchives/Doors/Doors_Lord_IGMS/axea21b.zip![11]:LORD.IGM	71d056256e41d4ff70832abfe8c37d449ef45f0265bd1d05e0393a339b37cb4a	bbs-archives-passed-banner	ReportOnly	cp437-inferred	false
/home/mkrueger/work/bbs/bbsarchives/Doors/Doors_Lord_IGMS/axedom.zip![12]:LORD.IGM	71d056256e41d4ff70832abfe8c37d449ef45f0265bd1d05e0393a339b37cb4a	bbs-archives-passed-banner	ReportOnly	cp437-inferred	false
/home/mkrueger/work/bbs/bbsarchives/Doors/Doors_Lord_IGMS/ba506.zip![6]:LORD.IGM	71d056256e41d4ff70832abfe8c37d449ef45f0265bd1d05e0393a339b37cb4a	bbs-archives-passed-banner	ReportOnly	cp437-inferred	false
/home/mkrueger/work/bbs/bbsarchives/Doors/Doors_Lord_IGMS/bac403.zip![6]:LORD.IGM	71d056256e41d4ff70832abfe8c37d449ef45f0265bd1d05e0393a339b37cb4a	bbs-archives-passed-banner	ReportOnly	cp437-inferred	false
/home/mkrueger/work/bbs/bbsarchives/Doors/Doors_Lord_IGMS/backaly2.zip![2]:LORD.IGM	71d056256e41d4ff70832abfe8c37d449ef45f0265bd1d05e0393a339b37cb4a	bbs-archives-passed-banner	ReportOnly	cp437-inferred	false
/home/mkrueger/work/bbs/bbsarchives/Doors/Doors_Lord_IGMS/badcomp.zip![4]:LORD.IGM	71d056256e41d4ff70832abfe8c37d449ef45f0265bd1d05e0393a339b37cb4a	bbs-archives-passed-banner	ReportOnly	cp437-inferred	false
/home/mkrueger/work/bbs/bbsarchives/Doors/Doors_Lord_IGMS/baitshop.zip![4]:LORD.IGM	71d056256e41d4ff70832abfe8c37d449ef45f0265bd1d05e0393a339b37cb4a	bbs-archives-passed-banner	ReportOnly	cp437-inferred	false
/home/mkrueger/work/bbs/bbsarchives/Doors/Doors_Lord_IGMS/baldur20.zip![9]:LORD.IGM	71d056256e41d4ff70832abfe8c37d449ef45f0265bd1d05e0393a339b37cb4a	bbs-archives-passed-banner	ReportOnly	cp437-inferred	false
/home/mkrueger/work/bbs/bbsarchives/Doors/Doors_Lord_IGMS/bandit2.zip![5]:LORD.IGM	71d056256e41d4ff70832abfe8c37d449ef45f0265bd1d05e0393a339b37cb4a	bbs-archives-passed-banner	ReportOnly	cp437-inferred	false
/home/mkrueger/work/bbs/bbsarchives/Doors/Doors_Lord_IGMS/bao302.zip![6]:LORD.IGM	71d056256e41d4ff70832abfe8c37d449ef45f0265bd1d05e0393a339b37cb4a	bbs-archives-passed-banner	ReportOnly	cp437-inferred	false
/home/mkrueger/work/bbs/bbsarchives/Doors/Doors_Lord_IGMS/barak100.zip![5]:LORD.IGM	71d056256e41d4ff70832abfe8c37d449ef45f0265bd1d05e0393a339b37cb4a	bbs-archives-passed-banner	ReportOnly	cp437-inferred	false
/home/mkrueger/work/bbs/bbsarchives/Doors/Doors_Lord_IGMS/barber14.zip![9]:LORD.IGM	71d056256e41d4ff70832abfe8c37d449ef45f0265bd1d05e0393a339b37cb4a	bbs-archives-passed-banner	ReportOnly	cp437-inferred	false
/home/mkrueger/work/bbs/bbsarchives/Doors/Doors_Lord_IGMS/barnlord.zip![3]:LORD.IGM	71d056256e41d4ff70832abfe8c37d449ef45f0265bd1d05e0393a339b37cb4a	bbs-archives-passed-banner	ReportOnly	cp437-inferred	false
/home/mkrueger/work/bbs/bbsarchives/Doors/Doors_Lord_IGMS/barsrc.zip![22]:LORD.IGM	71d056256e41d4ff70832abfe8c37d449ef45f0265bd1d05e0393a339b37cb4a	bbs-archives-passed-banner	ReportOnly	cp437-inferred	false
/home/mkrueger/work/bbs/bbsarchives/Doors/Doors_Lord_IGMS/battle13.zip![16]:LORD.IGM	71d056256e41d4ff70832abfe8c37d449ef45f0265bd1d05e0393a339b37cb4a	bbs-archives-passed-banner	ReportOnly	cp437-inferred	false
/home/mkrueger/work/bbs/bbsarchives/Doors/Doors_Lord_IGMS/bbar100.zip![5]:LORD.IGM	71d056256e41d4ff70832abfe8c37d449ef45f0265bd1d05e0393a339b37cb4a	bbs-archives-passed-banner	ReportOnly	cp437-inferred	false
/home/mkrueger/work/bbs/bbsarchives/Doors/Doors_Lord_IGMS/bbt100.zip![5]:LORD.IGM	71d056256e41d4ff70832abfe8c37d449ef45f0265bd1d05e0393a339b37cb4a	bbs-archives-passed-banner	ReportOnly	cp437-inferred	false
/home/mkrueger/work/bbs/bbsarchives/Doors/Doors_Lord_IGMS/bcott103.zip![4]:LORD.IGM	71d056256e41d4ff70832abfe8c37d449ef45f0265bd1d05e0393a339b37cb4a	bbs-archives-passed-banner	ReportOnly	cp437-inferred	false
/home/mkrueger/work/bbs/bbsarchives/Doors/Doors_Lord_IGMS/bd100.zip![10]:LORD.IGM	71d056256e41d4ff70832abfe8c37d449ef45f0265bd1d05e0393a339b37cb4a	bbs-archives-passed-banner	ReportOnly	cp437-inferred	false
/home/mkrueger/work/bbs/bbsarchives/Doors/Doors_Lord_IGMS/bdcv101.zip![6]:LORD.IGM	71d056256e41d4ff70832abfe8c37d449ef45f0265bd1d05e0393a339b37cb4a	bbs-archives-passed-banner	ReportOnly	cp437-inferred	false
/home/mkrueger/work/bbs/bbsarchives/Doors/Doors_Lord_IGMS/begg100v.zip![6]:LORD.IGM	71d056256e41d4ff70832abfe8c37d449ef45f0265bd1d05e0393a339b37cb4a	bbs-archives-passed-banner	ReportOnly	cp437-inferred	false
/home/mkrueger/work/bbs/bbsarchives/Doors/Doors_Lord_IGMS/bkdoor11.zip![5]:LORD.IGM	71d056256e41d4ff70832abfe8c37d449ef45f0265bd1d05e0393a339b37cb4a	bbs-archives-passed-banner	ReportOnly	cp437-inferred	false
/home/mkrueger/work/bbs/bbsarchives/Doors/Doors_Lord_IGMS/blkshp15.zip![4]:LORD.IGM	71d056256e41d4ff70832abfe8c37d449ef45f0265bd1d05e0393a339b37cb4a	bbs-archives-passed-banner	ReportOnly	cp437-inferred	false
/home/mkrueger/work/bbs/bbsarchives/Doors/Doors_Lord_IGMS/blkwng18.zip![11]:LORD.IGM	71d056256e41d4ff70832abfe8c37d449ef45f0265bd1d05e0393a339b37cb4a	bbs-archives-passed-banner	ReportOnly	cp437-inferred	false
/home/mkrueger/work/bbs/bbsarchives/Doors/Doors_Lord_IGMS/blue099.zip![6]:LORD.IGM	71d056256e41d4ff70832abfe8c37d449ef45f0265bd1d05e0393a339b37cb4a	bbs-archives-passed-banner	ReportOnly	cp437-inferred	false
/home/mkrueger/work/bbs/bbsarchives/Doors/Doors_Lord_IGMS/bobs28.zip![5]:LORD.IGM	71d056256e41d4ff70832abfe8c37d449ef45f0265bd1d05e0393a339b37cb4a	bbs-archives-passed-banner	ReportOnly	cp437-inferred	false
/home/mkrueger/work/bbs/bbsarchives/Doors/Doors_Lord_IGMS/bonefort.zip![4]:LORD.BBS	71d056256e41d4ff70832abfe8c37d449ef45f0265bd1d05e0393a339b37cb4a	bbs-archives-passed-banner	ReportOnly	cp437-inferred	false
/home/mkrueger/work/bbs/bbsarchives/Doors/Doors_Lord_IGMS/bong110.zip![5]:LORD.IGM	71d056256e41d4ff70832abfe8c37d449ef45f0265bd1d05e0393a339b37cb4a	bbs-archives-passed-banner	ReportOnly	cp437-inferred	false
/home/mkrueger/work/bbs/bbsarchives/Doors/Doors_Lord_IGMS/bounty2.zip![7]:LORD.IGM	71d056256e41d4ff70832abfe8c37d449ef45f0265bd1d05e0393a339b37cb4a	bbs-archives-passed-banner	ReportOnly	cp437-inferred	false
/home/mkrueger/work/bbs/bbsarchives/Doors/Doors_Lord_IGMS/bradyf10.zip![4]:LORD.IGM	71d056256e41d4ff70832abfe8c37d449ef45f0265bd1d05e0393a339b37cb4a	bbs-archives-passed-banner	ReportOnly	cp437-inferred	false
/home/mkrueger/work/bbs/bbsarchives/Doors/Doors_Lord_IGMS/bradyref.zip![4]:LORD.IGM	71d056256e41d4ff70832abfe8c37d449ef45f0265bd1d05e0393a339b37cb4a	bbs-archives-passed-banner	ReportOnly	cp437-inferred	false
/home/mkrueger/work/bbs/bbsarchives/Doors/Doors_Lord_IGMS/breanna2.zip![5]:LORD.IGM	71d056256e41d4ff70832abfe8c37d449ef45f0265bd1d05e0393a339b37cb4a	bbs-archives-passed-banner	ReportOnly	cp437-inferred	false
/home/mkrueger/work/bbs/bbsarchives/Doors/Doors_Lord_IGMS/bston10.zip![4]:LORD.IGM	71d056256e41d4ff70832abfe8c37d449ef45f0265bd1d05e0393a339b37cb4a	bbs-archives-passed-banner	ReportOnly	cp437-inferred	false
/home/mkrueger/work/bbs/bbsarchives/Doors/Doors_Lord_IGMS/bunny200.zip![4]:LORD.IGM	71d056256e41d4ff70832abfe8c37d449ef45f0265bd1d05e0393a339b37cb4a	bbs-archives-passed-banner	ReportOnly	cp437-inferred	false
/home/mkrueger/work/bbs/bbsarchives/Doors/Doors_Lord_IGMS/camel14.zip![6]:LORD.IGM	71d056256e41d4ff70832abfe8c37d449ef45f0265bd1d05e0393a339b37cb4a	bbs-archives-passed-banner	ReportOnly	cp437-inferred	false
/home/mkrueger/work/bbs/bbsarchives/Doors/Doors_Lord_IGMS/canoe2.zip![6]:LORD.IGM	71d056256e41d4ff70832abfe8c37d449ef45f0265bd1d05e0393a339b37cb4a	bbs-archives-passed-banner	ReportOnly	cp437-inferred	false
/home/mkrueger/work/bbs/bbsarchives/Doors/Doors_Lord_IGMS/carnal15.zip![5]:LORD.IGM	71d056256e41d4ff70832abfe8c37d449ef45f0265bd1d05e0393a339b37cb4a	bbs-archives-passed-banner	ReportOnly	cp437-inferred	false
/home/mkrueger/work/bbs/bbsarchives/Doors/Doors_Lord_IGMS/carnival.zip![4]:LORD.IGM	71d056256e41d4ff70832abfe8c37d449ef45f0265bd1d05e0393a339b37cb4a	bbs-archives-passed-banner	ReportOnly	cp437-inferred	false
/home/mkrueger/work/bbs/bbsarchives/Doors/Doors_Lord_IGMS/cave10.zip![5]:LORD.IGM	71d056256e41d4ff70832abfe8c37d449ef45f0265bd1d05e0393a339b37cb4a	bbs-archives-passed-banner	ReportOnly	cp437-inferred	false
/home/mkrueger/work/bbs/bbsarchives/Doors/Doors_Lord_IGMS/cc20.zip![7]:LORD.IGM	71d056256e41d4ff70832abfe8c37d449ef45f0265bd1d05e0393a339b37cb4a	bbs-archives-passed-banner	ReportOnly	cp437-inferred	false
/home/mkrueger/work/bbs/bbsarchives/Doors/Doors_Lord_IGMS/ccigm11b.zip![34]:LORD.IGM	71d056256e41d4ff70832abfe8c37d449ef45f0265bd1d05e0393a339b37cb4a	bbs-archives-passed-banner	ReportOnly	cp437-inferred	false
/home/mkrueger/work/bbs/bbsarchives/Doors/Doors_Lord_IGMS/ccovrnt1.zip![3]:LORD.IGM	71d056256e41d4ff70832abfe8c37d449ef45f0265bd1d05e0393a339b37cb4a	bbs-archives-passed-banner	ReportOnly	cp437-inferred	false
/home/mkrueger/work/bbs/bbsarchives/Doors/Doors_Lord_IGMS/cest202.zip![5]:LORD.IGM	71d056256e41d4ff70832abfe8c37d449ef45f0265bd1d05e0393a339b37cb4a	bbs-archives-passed-banner	ReportOnly	cp437-inferred	false
/home/mkrueger/work/bbs/bbsarchives/Doors/Doors_Lord_IGMS/chance15.zip![6]:LORD.IGM	71d056256e41d4ff70832abfe8c37d449ef45f0265bd1d05e0393a339b37cb4a	bbs-archives-passed-banner	ReportOnly	cp437-inferred	false
/home/mkrueger/work/bbs/bbsarchives/Doors/Doors_Lord_IGMS/change_21.zip![17]:LORD.IGM	71d056256e41d4ff70832abfe8c37d449ef45f0265bd1d05e0393a339b37cb4a	bbs-archives-passed-banner	ReportOnly	cp437-inferred	false
/home/mkrueger/work/bbs/bbsarchives/Doors/Doors_Lord_IGMS/changlng.zip![6]:LORD.IGM	71d056256e41d4ff70832abfe8c37d449ef45f0265bd1d05e0393a339b37cb4a	bbs-archives-passed-banner	ReportOnly	cp437-inferred	false
/home/mkrueger/work/bbs/bbsarchives/Doors/Doors_Lord_IGMS/chat10a.zip![12]:LORD.IGM	71d056256e41d4ff70832abfe8c37d449ef45f0265bd1d05e0393a339b37cb4a	bbs-archives-passed-banner	ReportOnly	cp437-inferred	false
/home/mkrueger/work/bbs/bbsarchives/Doors/Doors_Lord_IGMS/christ23.zip![6]:LORD.IGM	71d056256e41d4ff70832abfe8c37d449ef45f0265bd1d05e0393a339b37cb4a	bbs-archives-passed-banner	ReportOnly	cp437-inferred	false
/home/mkrueger/work/bbs/bbsarchives/Doors/Doors_Lord_IGMS/church15.zip![5]:LORD.IGM	71d056256e41d4ff70832abfe8c37d449ef45f0265bd1d05e0393a339b37cb4a	bbs-archives-passed-banner	ReportOnly	cp437-inferred	false
/home/mkrueger/work/bbs/bbsarchives/Doors/Doors_Lord_IGMS/circus10.zip![6]:LORD.IGM	71d056256e41d4ff70832abfe8c37d449ef45f0265bd1d05e0393a339b37cb4a	bbs-archives-passed-banner	ReportOnly	cp437-inferred	false
/home/mkrueger/work/bbs/bbsarchives/Doors/Doors_Lord_IGMS/circus20.zip![7]:LORD.IGM	71d056256e41d4ff70832abfe8c37d449ef45f0265bd1d05e0393a339b37cb4a	bbs-archives-passed-banner	ReportOnly	cp437-inferred	false
/home/mkrueger/work/bbs/bbsarchives/Doors/Doors_Lord_IGMS/clinic15.zip![6]:LORD.IGM	71d056256e41d4ff70832abfe8c37d449ef45f0265bd1d05e0393a339b37cb4a	bbs-archives-passed-banner	ReportOnly	cp437-inferred	false
/home/mkrueger/work/bbs/bbsarchives/Doors/Doors_Lord_IGMS/clintn20.zip![3]:LORD.IGM	71d056256e41d4ff70832abfe8c37d449ef45f0265bd1d05e0393a339b37cb4a	bbs-archives-passed-banner	ReportOnly	cp437-inferred	false
/home/mkrueger/work/bbs/bbsarchives/Doors/Doors_Lord_IGMS/cloak200.zip![7]:LORD.IGM	71d056256e41d4ff70832abfe8c37d449ef45f0265bd1d05e0393a339b37cb4a	bbs-archives-passed-banner	ReportOnly	cp437-inferred	false
/home/mkrueger/work/bbs/bbsarchives/Doors/Doors_Lord_IGMS/cn20.zip![11]:LORD.IGM	71d056256e41d4ff70832abfe8c37d449ef45f0265bd1d05e0393a339b37cb4a	bbs-archives-passed-banner	ReportOnly	cp437-inferred	false
/home/mkrueger/work/bbs/bbsarchives/Doors/Doors_Lord_IGMS/co_2d005.zip![10]:LORD.IGM	71d056256e41d4ff70832abfe8c37d449ef45f0265bd1d05e0393a339b37cb4a	bbs-archives-passed-banner	ReportOnly	cp437-inferred	false
/home/mkrueger/work/bbs/bbsarchives/Doors/Doors_Lord_IGMS/cod101.zip![12]:LORD.IGM	71d056256e41d4ff70832abfe8c37d449ef45f0265bd1d05e0393a339b37cb4a	bbs-archives-passed-banner	ReportOnly	cp437-inferred	false
/home/mkrueger/work/bbs/bbsarchives/Doors/Doors_Lord_IGMS/col100b.zip![8]:LORD.IGM	71d056256e41d4ff70832abfe8c37d449ef45f0265bd1d05e0393a339b37cb4a	bbs-archives-passed-banner	ReportOnly	cp437-inferred	false
/home/mkrueger/work/bbs/bbsarchives/Doors/Doors_Lord_IGMS/col210.zip![8]:LORD.IGM	71d056256e41d4ff70832abfe8c37d449ef45f0265bd1d05e0393a339b37cb4a	bbs-archives-passed-banner	ReportOnly	cp437-inferred	false
/home/mkrueger/work/bbs/bbsarchives/Doors/Doors_Lord_IGMS/crack100.zip![5]:LORD.IGM	71d056256e41d4ff70832abfe8c37d449ef45f0265bd1d05e0393a339b37cb4a	bbs-archives-passed-banner	ReportOnly	cp437-inferred	false
/home/mkrueger/work/bbs/bbsarchives/Doors/Doors_Lord_IGMS/crazy100.zip![5]:LORD.IGM	71d056256e41d4ff70832abfe8c37d449ef45f0265bd1d05e0393a339b37cb4a	bbs-archives-passed-banner	ReportOnly	cp437-inferred	false
/home/mkrueger/work/bbs/bbsarchives/Doors/Doors_Lord_IGMS/daeigm2.zip![11]:LORD.BBS	71d056256e41d4ff70832abfe8c37d449ef45f0265bd1d05e0393a339b37cb4a	bbs-archives-passed-banner	ReportOnly	cp437-inferred	false
/home/mkrueger/work/bbs/bbsarchives/Doors/Doors_Lord_IGMS/daemonr.zip![38]:LORD.IGM	71d056256e41d4ff70832abfe8c37d449ef45f0265bd1d05e0393a339b37cb4a	bbs-archives-passed-banner	ReportOnly	cp437-inferred	false
/home/mkrueger/work/bbs/bbsarchives/Doors/Doors_Lord_IGMS/dapit351.zip![4]:LORD.IGM	71d056256e41d4ff70832abfe8c37d449ef45f0265bd1d05e0393a339b37cb4a	bbs-archives-passed-banner	ReportOnly	cp437-inferred	false
/home/mkrueger/work/bbs/bbsarchives/Doors/Doors_Lord_IGMS/dapondv2.zip![5]:LORD.IGM	71d056256e41d4ff70832abfe8c37d449ef45f0265bd1d05e0393a339b37cb4a	bbs-archives-passed-banner	ReportOnly	cp437-inferred	false
/home/mkrueger/work/bbs/bbsarchives/Doors/Doors_Lord_IGMS/darkct13.zip![6]:LORD.IGM	71d056256e41d4ff70832abfe8c37d449ef45f0265bd1d05e0393a339b37cb4a	bbs-archives-passed-banner	ReportOnly	cp437-inferred	false
/home/mkrueger/work/bbs/bbsarchives/Doors/Doors_Lord_IGMS/davin091.zip![7]:LORD.IGM	71d056256e41d4ff70832abfe8c37d449ef45f0265bd1d05e0393a339b37cb4a	bbs-archives-passed-banner	ReportOnly	cp437-inferred	false
/home/mkrueger/work/bbs/bbsarchives/Doors/Doors_Lord_IGMS/dbmv73.zip![10]:LORD.IGM	71d056256e41d4ff70832abfe8c37d449ef45f0265bd1d05e0393a339b37cb4a	bbs-archives-passed-banner	ReportOnly	cp437-inferred	false
/home/mkrueger/work/bbs/bbsarchives/Doors/Doors_Lord_IGMS/dbs102.zip![7]:LORD.IGM	71d056256e41d4ff70832abfe8c37d449ef45f0265bd1d05e0393a339b37cb4a	bbs-archives-passed-banner	ReportOnly	cp437-inferred	false
/home/mkrueger/work/bbs/bbsarchives/Doors/Doors_Lord_IGMS/dcl201.zip![13]:LORD.IGM	71d056256e41d4ff70832abfe8c37d449ef45f0265bd1d05e0393a339b37cb4a	bbs-archives-passed-banner	ReportOnly	cp437-inferred	false
/home/mkrueger/work/bbs/bbsarchives/Doors/Doors_Lord_IGMS/ddc_2d025.zip![10]:LORD.IGM	71d056256e41d4ff70832abfe8c37d449ef45f0265bd1d05e0393a339b37cb4a	bbs-archives-passed-banner	ReportOnly	cp437-inferred	false
/home/mkrueger/work/bbs/bbsarchives/Doors/Doors_Lord_IGMS/death101.zip![9]:LORD.IGM	71d056256e41d4ff70832abfe8c37d449ef45f0265bd1d05e0393a339b37cb4a	bbs-archives-passed-banner	ReportOnly	cp437-inferred	false
/home/mkrueger/work/bbs/bbsarchives/Doors/Doors_Lord_IGMS/descnt15.zip![6]:LORD.IGM	71d056256e41d4ff70832abfe8c37d449ef45f0265bd1d05e0393a339b37cb4a	bbs-archives-passed-banner	ReportOnly	cp437-inferred	false
/home/mkrueger/work/bbs/bbsarchives/Doors/Doors_Lord_IGMS/dev150.zip![8]:LORD.IGM	71d056256e41d4ff70832abfe8c37d449ef45f0265bd1d05e0393a339b37cb4a	bbs-archives-passed-banner	ReportOnly	cp437-inferred	false
/home/mkrueger/work/bbs/bbsarchives/Doors/Doors_Lord_IGMS/dev666.zip![7]:LORD.IGM	71d056256e41d4ff70832abfe8c37d449ef45f0265bd1d05e0393a339b37cb4a	bbs-archives-passed-banner	ReportOnly	cp437-inferred	false
/home/mkrueger/work/bbs/bbsarchives/Doors/Doors_Lord_IGMS/devil201.zip![9]:LORD.IGM	71d056256e41d4ff70832abfe8c37d449ef45f0265bd1d05e0393a339b37cb4a	bbs-archives-passed-banner	ReportOnly	cp437-inferred	false
/home/mkrueger/work/bbs/bbsarchives/Doors/Doors_Lord_IGMS/disco100.zip![4]:LORD.IGM	71d056256e41d4ff70832abfe8c37d449ef45f0265bd1d05e0393a339b37cb4a	bbs-archives-passed-banner	ReportOnly	cp437-inferred	false
/home/mkrueger/work/bbs/bbsarchives/Doors/Doors_Lord_IGMS/divinec.zip![4]:LORD.IGM	71d056256e41d4ff70832abfe8c37d449ef45f0265bd1d05e0393a339b37cb4a	bbs-archives-passed-banner	ReportOnly	cp437-inferred	false
/home/mkrueger/work/bbs/bbsarchives/Doors/Doors_Lord_IGMS/diyi400.zip![10]:LORD.IGM	71d056256e41d4ff70832abfe8c37d449ef45f0265bd1d05e0393a339b37cb4a	bbs-archives-passed-banner	ReportOnly	cp437-inferred	false
/home/mkrueger/work/bbs/bbsarchives/Doors/Doors_Lord_IGMS/dklv220b.zip![11]:LORD.IGM	71d056256e41d4ff70832abfe8c37d449ef45f0265bd1d05e0393a339b37cb4a	bbs-archives-passed-banner	ReportOnly	cp437-inferred	false
/home/mkrueger/work/bbs/bbsarchives/Doors/Doors_Lord_IGMS/dlair18.zip![11]:LORD.IGM	71d056256e41d4ff70832abfe8c37d449ef45f0265bd1d05e0393a339b37cb4a	bbs-archives-passed-banner	ReportOnly	cp437-inferred	false
/home/mkrueger/work/bbs/bbsarchives/Doors/Doors_Lord_IGMS/dlrealm.zip![4]:LORD.IGM	71d056256e41d4ff70832abfe8c37d449ef45f0265bd1d05e0393a339b37cb4a	bbs-archives-passed-banner	ReportOnly	cp437-inferred	false
/home/mkrueger/work/bbs/bbsarchives/Doors/Doors_Lord_IGMS/dm01.zip![3]:LORD.IGM	71d056256e41d4ff70832abfe8c37d449ef45f0265bd1d05e0393a339b37cb4a	bbs-archives-passed-banner	ReportOnly	cp437-inferred	false
/home/mkrueger/work/bbs/bbsarchives/Doors/Doors_Lord_IGMS/doc300a.zip![6]:LORD.IGM	71d056256e41d4ff70832abfe8c37d449ef45f0265bd1d05e0393a339b37cb4a	bbs-archives-passed-banner	ReportOnly	cp437-inferred	false
/home/mkrueger/work/bbs/bbsarchives/Doors/Doors_Lord_IGMS/domanu10.zip![5]:LORD.IGM	71d056256e41d4ff70832abfe8c37d449ef45f0265bd1d05e0393a339b37cb4a	bbs-archives-passed-banner	ReportOnly	cp437-inferred	false
/home/mkrueger/work/bbs/bbsarchives/Doors/Doors_Lord_IGMS/domi221.zip![5]:LORD.IGM	71d056256e41d4ff70832abfe8c37d449ef45f0265bd1d05e0393a339b37cb4a	bbs-archives-passed-banner	ReportOnly	cp437-inferred	false
/home/mkrueger/work/bbs/bbsarchives/Doors/Doors_Lord_IGMS/dream02.zip![4]:LORD.IGM	71d056256e41d4ff70832abfe8c37d449ef45f0265bd1d05e0393a339b37cb4a	bbs-archives-passed-banner	ReportOnly	cp437-inferred	false
/home/mkrueger/work/bbs/bbsarchives/Doors/Doors_Lord_IGMS/drgnhmv3.zip![5]:LORD.IGM	71d056256e41d4ff70832abfe8c37d449ef45f0265bd1d05e0393a339b37cb4a	bbs-archives-passed-banner	ReportOnly	cp437-inferred	false
/home/mkrueger/work/bbs/bbsarchives/Doors/Doors_Lord_IGMS/drgnhome.zip![5]:LORD.IGM	71d056256e41d4ff70832abfe8c37d449ef45f0265bd1d05e0393a339b37cb4a	bbs-archives-passed-banner	ReportOnly	cp437-inferred	false
/home/mkrueger/work/bbs/bbsarchives/Doors/Doors_Lord_IGMS/dside102.zip![9]:LORD.IGM	71d056256e41d4ff70832abfe8c37d449ef45f0265bd1d05e0393a339b37cb4a	bbs-archives-passed-banner	ReportOnly	cp437-inferred	false
/home/mkrueger/work/bbs/bbsarchives/Doors/Doors_Lord_IGMS/dsprhpv2.zip![4]:LORD.IGM	71d056256e41d4ff70832abfe8c37d449ef45f0265bd1d05e0393a339b37cb4a	bbs-archives-passed-banner	ReportOnly	cp437-inferred	false
/home/mkrueger/work/bbs/bbsarchives/Doors/Doors_Lord_IGMS/dtu13.zip![10]:LORD.IGM	71d056256e41d4ff70832abfe8c37d449ef45f0265bd1d05e0393a339b37cb4a	bbs-archives-passed-banner	ReportOnly	cp437-inferred	false
/home/mkrueger/work/bbs/bbsarchives/Doors/Doors_Lord_IGMS/dweeb128.zip![8]:LORD.IGM	71d056256e41d4ff70832abfe8c37d449ef45f0265bd1d05e0393a339b37cb4a	bbs-archives-passed-banner	ReportOnly	cp437-inferred	false
/home/mkrueger/work/bbs/bbsarchives/Doors/Doors_Lord_IGMS/eman131b.zip![7]:LORD.IGM	71d056256e41d4ff70832abfe8c37d449ef45f0265bd1d05e0393a339b37cb4a	bbs-archives-passed-banner	ReportOnly	cp437-inferred	false
/home/mkrueger/work/bbs/bbsarchives/Doors/Doors_Lord_IGMS/ersch23.zip![9]:LORD.IGM	71d056256e41d4ff70832abfe8c37d449ef45f0265bd1d05e0393a339b37cb4a	bbs-archives-passed-banner	ReportOnly	cp437-inferred	false
/home/mkrueger/work/bbs/bbsarchives/Doors/Doors_Lord_IGMS/et100.zip![6]:LORD.IGM	71d056256e41d4ff70832abfe8c37d449ef45f0265bd1d05e0393a339b37cb4a	bbs-archives-passed-banner	ReportOnly	cp437-inferred	false
/home/mkrueger/work/bbs/bbsarchives/Doors/Doors_Lord_IGMS/et200.zip![7]:LORD.IGM	71d056256e41d4ff70832abfe8c37d449ef45f0265bd1d05e0393a339b37cb4a	bbs-archives-passed-banner	ReportOnly	cp437-inferred	false
/home/mkrueger/work/bbs/bbsarchives/Doors/Doors_Lord_IGMS/ever17.zip![5]:LORD.IGM	71d056256e41d4ff70832abfe8c37d449ef45f0265bd1d05e0393a339b37cb4a	bbs-archives-passed-banner	ReportOnly	cp437-inferred	false
/home/mkrueger/work/bbs/bbsarchives/Doors/Doors_Lord_IGMS/exfun103.zip![7]:LORD.IGM	71d056256e41d4ff70832abfe8c37d449ef45f0265bd1d05e0393a339b37cb4a	bbs-archives-passed-banner	ReportOnly	cp437-inferred	false
/home/mkrueger/work/bbs/bbsarchives/Doors/Doors_Lord_IGMS/fair266a.zip![20]:LORD.IGM	71d056256e41d4ff70832abfe8c37d449ef45f0265bd1d05e0393a339b37cb4a	bbs-archives-passed-banner	ReportOnly	cp437-inferred	false
/home/mkrueger/work/bbs/bbsarchives/Doors/Doors_Lord_IGMS/fair407.zip![27]:LORD.IGM	71d056256e41d4ff70832abfe8c37d449ef45f0265bd1d05e0393a339b37cb4a	bbs-archives-passed-banner	ReportOnly	cp437-inferred	false
/home/mkrueger/work/bbs/bbsarchives/Doors/Doors_Lord_IGMS/farm1_0.zip![5]:LORD.IGM	71d056256e41d4ff70832abfe8c37d449ef45f0265bd1d05e0393a339b37cb4a	bbs-archives-passed-banner	ReportOnly	cp437-inferred	false
/home/mkrueger/work/bbs/bbsarchives/Doors/Doors_Lord_IGMS/fel1_9.zip![7]:LORD.IGM	71d056256e41d4ff70832abfe8c37d449ef45f0265bd1d05e0393a339b37cb4a	bbs-archives-passed-banner	ReportOnly	cp437-inferred	false
/home/mkrueger/work/bbs/bbsarchives/Doors/Doors_Lord_IGMS/ffearv30.zip![7]:LORD.IGM	71d056256e41d4ff70832abfe8c37d449ef45f0265bd1d05e0393a339b37cb4a	bbs-archives-passed-banner	ReportOnly	cp437-inferred	false
/home/mkrueger/work/bbs/bbsarchives/Doors/Doors_Lord_IGMS/fglad100.zip![5]:LORD.IGM	71d056256e41d4ff70832abfe8c37d449ef45f0265bd1d05e0393a339b37cb4a	bbs-archives-passed-banner	ReportOnly	cp437-inferred	false
/home/mkrueger/work/bbs/bbsarchives/Doors/Doors_Lord_IGMS/fgrave.zip![4]:LORD.IGM	71d056256e41d4ff70832abfe8c37d449ef45f0265bd1d05e0393a339b37cb4a	bbs-archives-passed-banner	ReportOnly	cp437-inferred	false
/home/mkrueger/work/bbs/bbsarchives/Doors/Doors_Lord_IGMS/fig012.zip![11]:LORD.IGM	71d056256e41d4ff70832abfe8c37d449ef45f0265bd1d05e0393a339b37cb4a	bbs-archives-passed-banner	ReportOnly	cp437-inferred	false
/home/mkrueger/work/bbs/bbsarchives/Doors/Doors_Lord_IGMS/figar127.zip![7]:LORD.IGM	71d056256e41d4ff70832abfe8c37d449ef45f0265bd1d05e0393a339b37cb4a	bbs-archives-passed-banner	ReportOnly	cp437-inferred	false
/home/mkrueger/work/bbs/bbsarchives/Doors/Doors_Lord_IGMS/figaro12.zip![7]:LORD.BBS	71d056256e41d4ff70832abfe8c37d449ef45f0265bd1d05e0393a339b37cb4a	bbs-archives-passed-banner	ReportOnly	cp437-inferred	false
/home/mkrueger/work/bbs/bbsarchives/Doors/Doors_Lord_IGMS/fires101.zip![13]:LORD.IGM	71d056256e41d4ff70832abfe8c37d449ef45f0265bd1d05e0393a339b37cb4a	bbs-archives-passed-banner	ReportOnly	cp437-inferred	false
/home/mkrueger/work/bbs/bbsarchives/Doors/Doors_Lord_IGMS/fish.zip![5]:LORD.IGM	71d056256e41d4ff70832abfe8c37d449ef45f0265bd1d05e0393a339b37cb4a	bbs-archives-passed-banner	ReportOnly	cp437-inferred	false
/home/mkrueger/work/bbs/bbsarchives/Doors/Doors_Lord_IGMS/fish10.zip![5]:LORD.IGM	71d056256e41d4ff70832abfe8c37d449ef45f0265bd1d05e0393a339b37cb4a	bbs-archives-passed-banner	ReportOnly	cp437-inferred	false
/home/mkrueger/work/bbs/bbsarchives/Doors/Doors_Lord_IGMS/fish10b.zip![4]:LORD.IGM	71d056256e41d4ff70832abfe8c37d449ef45f0265bd1d05e0393a339b37cb4a	bbs-archives-passed-banner	ReportOnly	cp437-inferred	false
/home/mkrueger/work/bbs/bbsarchives/Doors/Doors_Lord_IGMS/fitepach.zip![9]:LORD.IGM	71d056256e41d4ff70832abfe8c37d449ef45f0265bd1d05e0393a339b37cb4a	bbs-archives-passed-banner	ReportOnly	cp437-inferred	false
/home/mkrueger/work/bbs/bbsarchives/Doors/Doors_Lord_IGMS/flea111.zip![4]:LORD.IGM	71d056256e41d4ff70832abfe8c37d449ef45f0265bd1d05e0393a339b37cb4a	bbs-archives-passed-banner	ReportOnly	cp437-inferred	false
/home/mkrueger/work/bbs/bbsarchives/Doors/Doors_Lord_IGMS/flink100.zip![5]:LORD.IGM	71d056256e41d4ff70832abfe8c37d449ef45f0265bd1d05e0393a339b37cb4a	bbs-archives-passed-banner	ReportOnly	cp437-inferred	false
/home/mkrueger/work/bbs/bbsarchives/Doors/Doors_Lord_IGMS/fmm103a.zip![10]:LORD.IGM	71d056256e41d4ff70832abfe8c37d449ef45f0265bd1d05e0393a339b37cb4a	bbs-archives-passed-banner	ReportOnly	cp437-inferred	false
/home/mkrueger/work/bbs/bbsarchives/Doors/Doors_Lord_IGMS/fmm104a.zip![10]:LORD.IGM	71d056256e41d4ff70832abfe8c37d449ef45f0265bd1d05e0393a339b37cb4a	bbs-archives-passed-banner	ReportOnly	cp437-inferred	false
/home/mkrueger/work/bbs/bbsarchives/Doors/Doors_Lord_IGMS/foi101.zip![7]:LORD.IGM	71d056256e41d4ff70832abfe8c37d449ef45f0265bd1d05e0393a339b37cb4a	bbs-archives-passed-banner	ReportOnly	cp437-inferred	false
/home/mkrueger/work/bbs/bbsarchives/Doors/Doors_Lord_IGMS/forge10.zip![5]:LORD.IGM	71d056256e41d4ff70832abfe8c37d449ef45f0265bd1d05e0393a339b37cb4a	bbs-archives-passed-banner	ReportOnly	cp437-inferred	false
/home/mkrueger/work/bbs/bbsarchives/Doors/Doors_Lord_IGMS/freddy10.zip![5]:LORD.IGM	71d056256e41d4ff70832abfe8c37d449ef45f0265bd1d05e0393a339b37cb4a	bbs-archives-passed-banner	ReportOnly	cp437-inferred	false
/home/mkrueger/work/bbs/bbsarchives/Doors/Doors_Lord_IGMS/ft1_0.zip![6]:LORD.IGM	71d056256e41d4ff70832abfe8c37d449ef45f0265bd1d05e0393a339b37cb4a	bbs-archives-passed-banner	ReportOnly	cp437-inferred	false
/home/mkrueger/work/bbs/bbsarchives/Doors/Doors_Lord_IGMS/ftown066.zip![7]:LORD.IGM	71d056256e41d4ff70832abfe8c37d449ef45f0265bd1d05e0393a339b37cb4a	bbs-archives-passed-banner	ReportOnly	cp437-inferred	false
/home/mkrueger/work/bbs/bbsarchives/Doors/Doors_Lord_IGMS/ftown100.zip![9]:LORD.IGM	71d056256e41d4ff70832abfe8c37d449ef45f0265bd1d05e0393a339b37cb4a	bbs-archives-passed-banner	ReportOnly	cp437-inferred	false
/home/mkrueger/work/bbs/bbsarchives/Doors/Doors_Lord_IGMS/fun11.zip![9]:LORD.IGM	71d056256e41d4ff70832abfe8c37d449ef45f0265bd1d05e0393a339b37cb4a	bbs-archives-passed-banner	ReportOnly	cp437-inferred	false
/home/mkrueger/work/bbs/bbsarchives/Doors/Doors_Lord_IGMS/fworld54.zip![10]:LORD.IGM	71d056256e41d4ff70832abfe8c37d449ef45f0265bd1d05e0393a339b37cb4a	bbs-archives-passed-banner	ReportOnly	cp437-inferred	false
/home/mkrueger/work/bbs/bbsarchives/Doors/Doors_Lord_IGMS/fworld57.zip![8]:LORD.IGM	71d056256e41d4ff70832abfe8c37d449ef45f0265bd1d05e0393a339b37cb4a	bbs-archives-passed-banner	ReportOnly	cp437-inferred	false
/home/mkrueger/work/bbs/bbsarchives/Doors/Doors_Lord_IGMS/g_l_igm.zip![5]:LORD.IGM	71d056256e41d4ff70832abfe8c37d449ef45f0265bd1d05e0393a339b37cb4a	bbs-archives-passed-banner	ReportOnly	cp437-inferred	false
/home/mkrueger/work/bbs/bbsarchives/Doors/Doors_Lord_IGMS/galagher.zip![5]:LORD.IGM	71d056256e41d4ff70832abfe8c37d449ef45f0265bd1d05e0393a339b37cb4a	bbs-archives-passed-banner	ReportOnly	cp437-inferred	false
/home/mkrueger/work/bbs/bbsarchives/Doors/Doors_Lord_IGMS/gateway.zip![12]:LORD.IGM	71d056256e41d4ff70832abfe8c37d449ef45f0265bd1d05e0393a339b37cb4a	bbs-archives-passed-banner	ReportOnly	cp437-inferred	false
/home/mkrueger/work/bbs/bbsarchives/Doors/Doors_Lord_IGMS/gdale20.zip![5]:LORD.IGM	71d056256e41d4ff70832abfe8c37d449ef45f0265bd1d05e0393a339b37cb4a	bbs-archives-passed-banner	ReportOnly	cp437-inferred	false
/home/mkrueger/work/bbs/bbsarchives/Doors/Doors_Lord_IGMS/gift100.zip![4]:LORD.IGM	71d056256e41d4ff70832abfe8c37d449ef45f0265bd1d05e0393a339b37cb4a	bbs-archives-passed-banner	ReportOnly	cp437-inferred	false
/home/mkrueger/work/bbs/bbsarchives/Doors/Doors_Lord_IGMS/givers10.zip![5]:LORD.IGM	71d056256e41d4ff70832abfe8c37d449ef45f0265bd1d05e0393a339b37cb4a	bbs-archives-passed-banner	ReportOnly	cp437-inferred	false
/home/mkrueger/work/bbs/bbsarchives/Doors/Doors_Lord_IGMS/globe112.zip![11]:LORD.IGM	71d056256e41d4ff70832abfe8c37d449ef45f0265bd1d05e0393a339b37cb4a	bbs-archives-passed-banner	ReportOnly	cp437-inferred	false
/home/mkrueger/work/bbs/bbsarchives/Doors/Doors_Lord_IGMS/gm100.zip![5]:LORD.IGM	71d056256e41d4ff70832abfe8c37d449ef45f0265bd1d05e0393a339b37cb4a	bbs-archives-passed-banner	ReportOnly	cp437-inferred	false
/home/mkrueger/work/bbs/bbsarchives/Doors/Doors_Lord_IGMS/gmtxptch.zip![3]:LORD.IGM	71d056256e41d4ff70832abfe8c37d449ef45f0265bd1d05e0393a339b37cb4a	bbs-archives-passed-banner	ReportOnly	cp437-inferred	false
/home/mkrueger/work/bbs/bbsarchives/Doors/Doors_Lord_IGMS/go135.zip![15]:LORD.BBS	71d056256e41d4ff70832abfe8c37d449ef45f0265bd1d05e0393a339b37cb4a	bbs-archives-passed-banner	ReportOnly	cp437-inferred	false
/home/mkrueger/work/bbs/bbsarchives/Doors/Doors_Lord_IGMS/gorilla.zip![4]:LORD.IGM	71d056256e41d4ff70832abfe8c37d449ef45f0265bd1d05e0393a339b37cb4a	bbs-archives-passed-banner	ReportOnly	cp437-inferred	false
/home/mkrueger/work/bbs/bbsarchives/Doors/Doors_Lord_IGMS/grave330.zip![11]:LORD.IGM	71d056256e41d4ff70832abfe8c37d449ef45f0265bd1d05e0393a339b37cb4a	bbs-archives-passed-banner	ReportOnly	cp437-inferred	false
/home/mkrueger/work/bbs/bbsarchives/Doors/Doors_Lord_IGMS/greasy10.zip![5]:LORD.IGM	71d056256e41d4ff70832abfe8c37d449ef45f0265bd1d05e0393a339b37cb4a	bbs-archives-passed-banner	ReportOnly	cp437-inferred	false
/home/mkrueger/work/bbs/bbsarchives/Doors/Doors_Lord_IGMS/griz100.zip![13]:LORD.IGM	71d056256e41d4ff70832abfe8c37d449ef45f0265bd1d05e0393a339b37cb4a	bbs-archives-passed-banner	ReportOnly	cp437-inferred	false
/home/mkrueger/work/bbs/bbsarchives/Doors/Doors_Lord_IGMS/griz172.zip![6]:LORD.IGM	71d056256e41d4ff70832abfe8c37d449ef45f0265bd1d05e0393a339b37cb4a	bbs-archives-passed-banner	ReportOnly	cp437-inferred	false
/home/mkrueger/work/bbs/bbsarchives/Doors/Doors_Lord_IGMS/gstore13.zip![10]:LORD.IGM	71d056256e41d4ff70832abfe8c37d449ef45f0265bd1d05e0393a339b37cb4a	bbs-archives-passed-banner	ReportOnly	cp437-inferred	false
/home/mkrueger/work/bbs/bbsarchives/Doors/Doors_Lord_IGMS/gtg15.zip![6]:LORD.IGM	71d056256e41d4ff70832abfe8c37d449ef45f0265bd1d05e0393a339b37cb4a	bbs-archives-passed-banner	ReportOnly	cp437-inferred	false
/home/mkrueger/work/bbs/bbsarchives/Doors/Doors_Lord_IGMS/gtxtptch.zip![2]:LORD.IGM	71d056256e41d4ff70832abfe8c37d449ef45f0265bd1d05e0393a339b37cb4a	bbs-archives-passed-banner	ReportOnly	cp437-inferred	false
/home/mkrueger/work/bbs/bbsarchives/Doors/Doors_Lord_IGMS/guild.zip![9]:LORD.IGM	71d056256e41d4ff70832abfe8c37d449ef45f0265bd1d05e0393a339b37cb4a	bbs-archives-passed-banner	ReportOnly	cp437-inferred	false
/home/mkrueger/work/bbs/bbsarchives/Doors/Doors_Lord_IGMS/gumv212.zip![9]:LORD.IGM	71d056256e41d4ff70832abfe8c37d449ef45f0265bd1d05e0393a339b37cb4a	bbs-archives-passed-banner	ReportOnly	cp437-inferred	false
/home/mkrueger/work/bbs/bbsarchives/Doors/Doors_Lord_IGMS/gurub9b.zip![5]:LORD.IGM	71d056256e41d4ff70832abfe8c37d449ef45f0265bd1d05e0393a339b37cb4a	bbs-archives-passed-banner	ReportOnly	cp437-inferred	false
/home/mkrueger/work/bbs/bbsarchives/Doors/Doors_Lord_IGMS/guy.zip![4]:LORD.IGM	71d056256e41d4ff70832abfe8c37d449ef45f0265bd1d05e0393a339b37cb4a	bbs-archives-passed-banner	ReportOnly	cp437-inferred	false
/home/mkrueger/work/bbs/bbsarchives/Doors/Doors_Lord_IGMS/gym216.zip![16]:LORD.IGM	71d056256e41d4ff70832abfe8c37d449ef45f0265bd1d05e0393a339b37cb4a	bbs-archives-passed-banner	ReportOnly	cp437-inferred	false
/home/mkrueger/work/bbs/bbsarchives/Doors/Doors_Lord_IGMS/gypsy.zip![6]:LORD.IGM	71d056256e41d4ff70832abfe8c37d449ef45f0265bd1d05e0393a339b37cb4a	bbs-archives-passed-banner	ReportOnly	cp437-inferred	false
/home/mkrueger/work/bbs/bbsarchives/Doors/Doors_Lord_IGMS/hate.zip![2]:LORD.IGM	71d056256e41d4ff70832abfe8c37d449ef45f0265bd1d05e0393a339b37cb4a	bbs-archives-passed-banner	ReportOnly	cp437-inferred	false
/home/mkrueger/work/bbs/bbsarchives/Doors/Doors_Lord_IGMS/haunted.zip![4]:LORD.IGM	71d056256e41d4ff70832abfe8c37d449ef45f0265bd1d05e0393a339b37cb4a	bbs-archives-passed-banner	ReportOnly	cp437-inferred	false
/home/mkrueger/work/bbs/bbsarchives/Doors/Doors_Lord_IGMS/hawood.zip![8]:LORD.IGM	71d056256e41d4ff70832abfe8c37d449ef45f0265bd1d05e0393a339b37cb4a	bbs-archives-passed-banner	ReportOnly	cp437-inferred	false
/home/mkrueger/work/bbs/bbsarchives/Doors/Doors_Lord_IGMS/healer01.zip![6]:LORD.IGM	71d056256e41d4ff70832abfe8c37d449ef45f0265bd1d05e0393a339b37cb4a	bbs-archives-passed-banner	ReportOnly	cp437-inferred	false
/home/mkrueger/work/bbs/bbsarchives/Doors/Doors_Lord_IGMS/highwa15.zip![9]:LORD.IGM	71d056256e41d4ff70832abfe8c37d449ef45f0265bd1d05e0393a339b37cb4a	bbs-archives-passed-banner	ReportOnly	cp437-inferred	false
/home/mkrueger/work/bbs/bbsarchives/Doors/Doors_Lord_IGMS/hits100.zip![8]:LORD.IGM	71d056256e41d4ff70832abfe8c37d449ef45f0265bd1d05e0393a339b37cb4a	bbs-archives-passed-banner	ReportOnly	cp437-inferred	false
/home/mkrueger/work/bbs/bbsarchives/Doors/Doors_Lord_IGMS/hmb3.zip![4]:LORD.IGM	71d056256e41d4ff70832abfe8c37d449ef45f0265bd1d05e0393a339b37cb4a	bbs-archives-passed-banner	ReportOnly	cp437-inferred	false
/home/mkrueger/work/bbs/bbsarchives/Doors/Doors_Lord_IGMS/hongv104.zip![10]:LORD.IGM	71d056256e41d4ff70832abfe8c37d449ef45f0265bd1d05e0393a339b37cb4a	bbs-archives-passed-banner	ReportOnly	cp437-inferred	false
/home/mkrueger/work/bbs/bbsarchives/Doors/Doors_Lord_IGMS/hotel1.zip![4]:LORD.IGM	71d056256e41d4ff70832abfe8c37d449ef45f0265bd1d05e0393a339b37cb4a	bbs-archives-passed-banner	ReportOnly	cp437-inferred	false
/home/mkrueger/work/bbs/bbsarchives/Doors/Doors_Lord_IGMS/hotel100.zip![6]:LORD.IGM	71d056256e41d4ff70832abfe8c37d449ef45f0265bd1d05e0393a339b37cb4a	bbs-archives-passed-banner	ReportOnly	cp437-inferred	false
/home/mkrueger/work/bbs/bbsarchives/Doors/Doors_Lord_IGMS/hs30.zip![6]:LORD.IGM	71d056256e41d4ff70832abfe8c37d449ef45f0265bd1d05e0393a339b37cb4a	bbs-archives-passed-banner	ReportOnly	cp437-inferred	false
/home/mkrueger/work/bbs/bbsarchives/Doors/Doors_Lord_IGMS/hscity11.zip![6]:LORD.IGM	71d056256e41d4ff70832abfe8c37d449ef45f0265bd1d05e0393a339b37cb4a	bbs-archives-passed-banner	ReportOnly	cp437-inferred	false
/home/mkrueger/work/bbs/bbsarchives/Doors/Doors_Lord_IGMS/ht100.zip![4]:LORD.IGM	71d056256e41d4ff70832abfe8c37d449ef45f0265bd1d05e0393a339b37cb4a	bbs-archives-passed-banner	ReportOnly	cp437-inferred	false
/home/mkrueger/work/bbs/bbsarchives/Doors/Doors_Lord_IGMS/huntv103.zip![9]:LORD.IGM	71d056256e41d4ff70832abfe8c37d449ef45f0265bd1d05e0393a339b37cb4a	bbs-archives-passed-banner	ReportOnly	cp437-inferred	false
/home/mkrueger/work/bbs/bbsarchives/Doors/Doors_Lord_IGMS/igmdv202.zip![11]:LORD.BBS	71d056256e41d4ff70832abfe8c37d449ef45f0265bd1d05e0393a339b37cb4a	bbs-archives-passed-banner	ReportOnly	cp437-inferred	false
/home/mkrueger/work/bbs/bbsarchives/Doors/Doors_Lord_IGMS/igrd100.zip![5]:LORD.IGM	71d056256e41d4ff70832abfe8c37d449ef45f0265bd1d05e0393a339b37cb4a	bbs-archives-passed-banner	ReportOnly	cp437-inferred	false
/home/mkrueger/work/bbs/bbsarchives/Doors/Doors_Lord_IGMS/indian12.zip![5]:LORD.IGM	71d056256e41d4ff70832abfe8c37d449ef45f0265bd1d05e0393a339b37cb4a	bbs-archives-passed-banner	ReportOnly	cp437-inferred	false
/home/mkrueger/work/bbs/bbsarchives/Doors/Doors_Lord_IGMS/inns100.zip![14]:LORD.IGM	71d056256e41d4ff70832abfe8c37d449ef45f0265bd1d05e0393a339b37cb4a	bbs-archives-passed-banner	ReportOnly	cp437-inferred	false
/home/mkrueger/work/bbs/bbsarchives/Doors/Doors_Lord_IGMS/island10.zip![5]:LORD.IGM	71d056256e41d4ff70832abfe8c37d449ef45f0265bd1d05e0393a339b37cb4a	bbs-archives-passed-banner	ReportOnly	cp437-inferred	false
/home/mkrueger/work/bbs/bbsarchives/Doors/Doors_Lord_IGMS/isle45.zip![9]:LORD.IGM	71d056256e41d4ff70832abfe8c37d449ef45f0265bd1d05e0393a339b37cb4a	bbs-archives-passed-banner	ReportOnly	cp437-inferred	false
/home/mkrueger/work/bbs/bbsarchives/Doors/Doors_Lord_IGMS/jadov160.zip![10]:LORD.IGM	71d056256e41d4ff70832abfe8c37d449ef45f0265bd1d05e0393a339b37cb4a	bbs-archives-passed-banner	ReportOnly	cp437-inferred	false
/home/mkrueger/work/bbs/bbsarchives/Doors/Doors_Lord_IGMS/jester21.zip![6]:LORD.IGM	71d056256e41d4ff70832abfe8c37d449ef45f0265bd1d05e0393a339b37cb4a	bbs-archives-passed-banner	ReportOnly	cp437-inferred	false
/home/mkrueger/work/bbs/bbsarchives/Doors/Doors_Lord_IGMS/jg100.zip![7]:LORD.IGM	71d056256e41d4ff70832abfe8c37d449ef45f0265bd1d05e0393a339b37cb4a	bbs-archives-passed-banner	ReportOnly	cp437-inferred	false
/home/mkrueger/work/bbs/bbsarchives/Doors/Doors_Lord_IGMS/joane105.zip![6]:LORD.IGM	71d056256e41d4ff70832abfe8c37d449ef45f0265bd1d05e0393a339b37cb4a	bbs-archives-passed-banner	ReportOnly	cp437-inferred	false
/home/mkrueger/work/bbs/bbsarchives/Doors/Doors_Lord_IGMS/jrest.zip![4]:LORD.IGM	71d056256e41d4ff70832abfe8c37d449ef45f0265bd1d05e0393a339b37cb4a	bbs-archives-passed-banner	ReportOnly	cp437-inferred	false
/home/mkrueger/work/bbs/bbsarchives/Doors/Doors_Lord_IGMS/juancho8.zip![11]:LORD.IGM	71d056256e41d4ff70832abfe8c37d449ef45f0265bd1d05e0393a339b37cb4a	bbs-archives-passed-banner	ReportOnly	cp437-inferred	false
/home/mkrueger/work/bbs/bbsarchives/Doors/Doors_Lord_IGMS/junkyd10.zip![3]:LORD.IGM	71d056256e41d4ff70832abfe8c37d449ef45f0265bd1d05e0393a339b37cb4a	bbs-archives-passed-banner	ReportOnly	cp437-inferred	false
/home/mkrueger/work/bbs/bbsarchives/Doors/Doors_Lord_IGMS/jwlr19.zip![10]:LORD.IGM	71d056256e41d4ff70832abfe8c37d449ef45f0265bd1d05e0393a339b37cb4a	bbs-archives-passed-banner	ReportOnly	cp437-inferred	false
/home/mkrueger/work/bbs/bbsarchives/Doors/Doors_Lord_IGMS/k9igm411.zip![3]:LORD.IGM	71d056256e41d4ff70832abfe8c37d449ef45f0265bd1d05e0393a339b37cb4a	bbs-archives-passed-banner	ReportOnly	cp437-inferred	false
/home/mkrueger/work/bbs/bbsarchives/Doors/Doors_Lord_IGMS/k9igm413.zip![3]:LORD.IGM	71d056256e41d4ff70832abfe8c37d449ef45f0265bd1d05e0393a339b37cb4a	bbs-archives-passed-banner	ReportOnly	cp437-inferred	false
/home/mkrueger/work/bbs/bbsarchives/Doors/Doors_Lord_IGMS/kal15igm.zip![12]:LORD.IGM	71d056256e41d4ff70832abfe8c37d449ef45f0265bd1d05e0393a339b37cb4a	bbs-archives-passed-banner	ReportOnly	cp437-inferred	false
/home/mkrueger/work/bbs/bbsarchives/Doors/Doors_Lord_IGMS/kaldor20.zip![13]:LORD.IGM	71d056256e41d4ff70832abfe8c37d449ef45f0265bd1d05e0393a339b37cb4a	bbs-archives-passed-banner	ReportOnly	cp437-inferred	false
/home/mkrueger/work/bbs/bbsarchives/Doors/Doors_Lord_IGMS/kalv6_1.zip![10]:LORD.IGM	71d056256e41d4ff70832abfe8c37d449ef45f0265bd1d05e0393a339b37cb4a	bbs-archives-passed-banner	ReportOnly	cp437-inferred	false
/home/mkrueger/work/bbs/bbsarchives/Doors/Doors_Lord_IGMS/keep1301.zip![9]:LORD.BBS	71d056256e41d4ff70832abfe8c37d449ef45f0265bd1d05e0393a339b37cb4a	bbs-archives-passed-banner	ReportOnly	cp437-inferred	false
/home/mkrueger/work/bbs/bbsarchives/Doors/Doors_Lord_IGMS/keep149.zip![5]:LORD.IGM	71d056256e41d4ff70832abfe8c37d449ef45f0265bd1d05e0393a339b37cb4a	bbs-archives-passed-banner	ReportOnly	cp437-inferred	false
/home/mkrueger/work/bbs/bbsarchives/Doors/Doors_Lord_IGMS/kfs1_2d253.zip![9]:LORD.IGM	71d056256e41d4ff70832abfe8c37d449ef45f0265bd1d05e0393a339b37cb4a	bbs-archives-passed-banner	ReportOnly	cp437-inferred	false
/home/mkrueger/work/bbs/bbsarchives/Doors/Doors_Lord_IGMS/kiss.zip![5]:LORD.IGM	71d056256e41d4ff70832abfe8c37d449ef45f0265bd1d05e0393a339b37cb4a	bbs-archives-passed-banner	ReportOnly	cp437-inferred	false
/home/mkrueger/work/bbs/bbsarchives/Doors/Doors_Lord_IGMS/kitkas10.zip![5]:LORD.IGM	71d056256e41d4ff70832abfe8c37d449ef45f0265bd1d05e0393a339b37cb4a	bbs-archives-passed-banner	ReportOnly	cp437-inferred	false
/home/mkrueger/work/bbs/bbsarchives/Doors/Doors_Lord_IGMS/knight65.zip![6]:LORD.IGM	71d056256e41d4ff70832abfe8c37d449ef45f0265bd1d05e0393a339b37cb4a	bbs-archives-passed-banner	ReportOnly	cp437-inferred	false
/home/mkrueger/work/bbs/bbsarchives/Doors/Doors_Lord_IGMS/knot250.zip![4]:LORD.IGM	71d056256e41d4ff70832abfe8c37d449ef45f0265bd1d05e0393a339b37cb4a	bbs-archives-passed-banner	ReportOnly	cp437-inferred	false
/home/mkrueger/work/bbs/bbsarchives/Doors/Doors_Lord_IGMS/kob001.zip![4]:LORD.IGM	71d056256e41d4ff70832abfe8c37d449ef45f0265bd1d05e0393a339b37cb4a	bbs-archives-passed-banner	ReportOnly	cp437-inferred	false
/home/mkrueger/work/bbs/bbsarchives/Doors/Doors_Lord_IGMS/kob002wb.zip![4]:LORD.IGM	71d056256e41d4ff70832abfe8c37d449ef45f0265bd1d05e0393a339b37cb4a	bbs-archives-passed-banner	ReportOnly	cp437-inferred	false
/home/mkrueger/work/bbs/bbsarchives/Doors/Doors_Lord_IGMS/l2101a.zip![65]:LORD.IGM	71d056256e41d4ff70832abfe8c37d449ef45f0265bd1d05e0393a339b37cb4a	bbs-archives-passed-banner	ReportOnly	cp437-inferred	false
/home/mkrueger/work/bbs/bbsarchives/Doors/Doors_Lord_IGMS/l2ac3b1.zip![5]:LORD.IGM	71d056256e41d4ff70832abfe8c37d449ef45f0265bd1d05e0393a339b37cb4a	bbs-archives-passed-banner	ReportOnly	cp437-inferred	false
/home/mkrueger/work/bbs/bbsarchives/Doors/Doors_Lord_IGMS/l2bi_b5.zip![5]:LORD.IGM	71d056256e41d4ff70832abfe8c37d449ef45f0265bd1d05e0393a339b37cb4a	bbs-archives-passed-banner	ReportOnly	cp437-inferred	false
/home/mkrueger/work/bbs/bbsarchives/Doors/Doors_Lord_IGMS/l2d2_2d11.zip![37]:LORD.IGM	71d056256e41d4ff70832abfe8c37d449ef45f0265bd1d05e0393a339b37cb4a	bbs-archives-passed-banner	ReportOnly	cp437-inferred	false
/home/mkrueger/work/bbs/bbsarchives/Doors/Doors_Lord_IGMS/l2dlv045.zip![3]:LORD.IGM	71d056256e41d4ff70832abfe8c37d449ef45f0265bd1d05e0393a339b37cb4a	bbs-archives-passed-banner	ReportOnly	cp437-inferred	false
/home/mkrueger/work/bbs/bbsarchives/Doors/Doors_Lord_IGMS/l2ewb7.zip![79]:LORD.IGM	71d056256e41d4ff70832abfe8c37d449ef45f0265bd1d05e0393a339b37cb4a	bbs-archives-passed-banner	ReportOnly	cp437-inferred	false
/home/mkrueger/work/bbs/bbsarchives/Doors/Doors_Lord_IGMS/l2fn_b3a.zip![6]:LORD.IGM	71d056256e41d4ff70832abfe8c37d449ef45f0265bd1d05e0393a339b37cb4a	bbs-archives-passed-banner	ReportOnly	cp437-inferred	false
/home/mkrueger/work/bbs/bbsarchives/Doors/Doors_Lord_IGMS/l2menu.zip![5]:LORD.IGM	71d056256e41d4ff70832abfe8c37d449ef45f0265bd1d05e0393a339b37cb4a	bbs-archives-passed-banner	ReportOnly	cp437-inferred	false
/home/mkrueger/work/bbs/bbsarchives/Doors/Doors_Lord_IGMS/l2mini1.zip![4]:LORD.IGM	71d056256e41d4ff70832abfe8c37d449ef45f0265bd1d05e0393a339b37cb4a	bbs-archives-passed-banner	ReportOnly	cp437-inferred	false
/home/mkrueger/work/bbs/bbsarchives/Doors/Doors_Lord_IGMS/l2mini20.zip![4]:LORD.IGM	71d056256e41d4ff70832abfe8c37d449ef45f0265bd1d05e0393a339b37cb4a	bbs-archives-passed-banner	ReportOnly	cp437-inferred	false
/home/mkrueger/work/bbs/bbsarchives/Doors/Doors_Lord_IGMS/l2nfaq11.zip![3]:LORD.IGM	71d056256e41d4ff70832abfe8c37d449ef45f0265bd1d05e0393a339b37cb4a	bbs-archives-passed-banner	ReportOnly	cp437-inferred	false
/home/mkrueger/work/bbs/bbsarchives/Doors/Doors_Lord_IGMS/l2pond.zip![2]:LORD.IGM	71d056256e41d4ff70832abfe8c37d449ef45f0265bd1d05e0393a339b37cb4a	bbs-archives-passed-banner	ReportOnly	cp437-inferred	false
/home/mkrueger/work/bbs/bbsarchives/Doors/Doors_Lord_IGMS/l2qfm_b2.zip![115]:LORD.IGM	71d056256e41d4ff70832abfe8c37d449ef45f0265bd1d05e0393a339b37cb4a	bbs-archives-passed-banner	ReportOnly	cp437-inferred	false
/home/mkrueger/work/bbs/bbsarchives/Doors/Doors_Lord_IGMS/l2rev13.zip![23]:LORD.IGM	71d056256e41d4ff70832abfe8c37d449ef45f0265bd1d05e0393a339b37cb4a	bbs-archives-passed-banner	ReportOnly	cp437-inferred	false
/home/mkrueger/work/bbs/bbsarchives/Doors/Doors_Lord_IGMS/l2s500.zip![6]:ARCHIVES.BBS	71d056256e41d4ff70832abfe8c37d449ef45f0265bd1d05e0393a339b37cb4a	bbs-archives-passed-banner	ReportOnly	cp437-inferred	false
/home/mkrueger/work/bbs/bbsarchives/Doors/Doors_Lord_IGMS/l2s500.zip![7]:LORD.IGM	71d056256e41d4ff70832abfe8c37d449ef45f0265bd1d05e0393a339b37cb4a	bbs-archives-passed-banner	ReportOnly	cp437-inferred	false
/home/mkrueger/work/bbs/bbsarchives/Doors/Doors_Lord_IGMS/l2sof_b1.zip![3]:LORD.IGM	71d056256e41d4ff70832abfe8c37d449ef45f0265bd1d05e0393a339b37cb4a	bbs-archives-passed-banner	ReportOnly	cp437-inferred	false
/home/mkrueger/work/bbs/bbsarchives/Doors/Doors_Lord_IGMS/l2tl140.zip![149]:LORD.IGM	71d056256e41d4ff70832abfe8c37d449ef45f0265bd1d05e0393a339b37cb4a	bbs-archives-passed-banner	ReportOnly	cp437-inferred	false
/home/mkrueger/work/bbs/bbsarchives/Doors/Doors_Lord_IGMS/lat_v25a.zip![12]:LORD.IGM	71d056256e41d4ff70832abfe8c37d449ef45f0265bd1d05e0393a339b37cb4a	bbs-archives-passed-banner	ReportOnly	cp437-inferred	false
/home/mkrueger/work/bbs/bbsarchives/Doors/Doors_Lord_IGMS/latr30b2.zip![17]:LORD.IGM	71d056256e41d4ff70832abfe8c37d449ef45f0265bd1d05e0393a339b37cb4a	bbs-archives-passed-banner	ReportOnly	cp437-inferred	false
/home/mkrueger/work/bbs/bbsarchives/Doors/Doors_Lord_IGMS/law100.zip![5]:LORD.IGM	71d056256e41d4ff70832abfe8c37d449ef45f0265bd1d05e0393a339b37cb4a	bbs-archives-passed-banner	ReportOnly	cp437-inferred	false
/home/mkrueger/work/bbs/bbsarchives/Doors/Doors_Lord_IGMS/lawac100.zip![5]:LORD.IGM	71d056256e41d4ff70832abfe8c37d449ef45f0265bd1d05e0393a339b37cb4a	bbs-archives-passed-banner	ReportOnly	cp437-inferred	false
/home/mkrueger/work/bbs/bbsarchives/Doors/Doors_Lord_IGMS/lbbt100.zip![5]:LORD.IGM	71d056256e41d4ff70832abfe8c37d449ef45f0265bd1d05e0393a339b37cb4a	bbs-archives-passed-banner	ReportOnly	cp437-inferred	false
/home/mkrueger/work/bbs/bbsarchives/Doors/Doors_Lord_IGMS/lclan1_0.zip![7]:LORD.IGM	71d056256e41d4ff70832abfe8c37d449ef45f0265bd1d05e0393a339b37cb4a	bbs-archives-passed-banner	ReportOnly	cp437-inferred	false
/home/mkrueger/work/bbs/bbsarchives/Doors/Doors_Lord_IGMS/ldchet10.zip![23]:LORD.IGM	71d056256e41d4ff70832abfe8c37d449ef45f0265bd1d05e0393a339b37cb4a	bbs-archives-passed-banner	ReportOnly	cp437-inferred	false
/home/mkrueger/work/bbs/bbsarchives/Doors/Doors_Lord_IGMS/ldtrx115.zip![9]:LORD.IGM	71d056256e41d4ff70832abfe8c37d449ef45f0265bd1d05e0393a339b37cb4a	bbs-archives-passed-banner	ReportOnly	cp437-inferred	false
/home/mkrueger/work/bbs/bbsarchives/Doors/Doors_Lord_IGMS/ldwhr13.zip![5]:LORD.IGM	71d056256e41d4ff70832abfe8c37d449ef45f0265bd1d05e0393a339b37cb4a	bbs-archives-passed-banner	ReportOnly	cp437-inferred	false
/home/mkrueger/work/bbs/bbsarchives/Doors/Doors_Lord_IGMS/le100a.zip![9]:LORD.IGM	71d056256e41d4ff70832abfe8c37d449ef45f0265bd1d05e0393a339b37cb4a	bbs-archives-passed-banner	ReportOnly	cp437-inferred	false
/home/mkrueger/work/bbs/bbsarchives/Doors/Doors_Lord_IGMS/ledlord.zip![12]:LORD.IGM	71d056256e41d4ff70832abfe8c37d449ef45f0265bd1d05e0393a339b37cb4a	bbs-archives-passed-banner	ReportOnly	cp437-inferred	false
/home/mkrueger/work/bbs/bbsarchives/Doors/Doors_Lord_IGMS/legends.zip![4]:LORD.BBS	71d056256e41d4ff70832abfe8c37d449ef45f0265bd1d05e0393a339b37cb4a	bbs-archives-passed-banner	ReportOnly	cp437-inferred	false
/home/mkrueger/work/bbs/bbsarchives/Doors/Doors_Lord_IGMS/lenny200.zip![5]:LORD.IGM	71d056256e41d4ff70832abfe8c37d449ef45f0265bd1d05e0393a339b37cb4a	bbs-archives-passed-banner	ReportOnly	cp437-inferred	false
/home/mkrueger/work/bbs/bbsarchives/Doors/Doors_Lord_IGMS/lest10.zip![20]:LORD.IGM	71d056256e41d4ff70832abfe8c37d449ef45f0265bd1d05e0393a339b37cb4a	bbs-archives-passed-banner	ReportOnly	cp437-inferred	false
/home/mkrueger/work/bbs/bbsarchives/Doors/Doors_Lord_IGMS/lfair1y.zip![6]:LORD.IGM	71d056256e41d4ff70832abfe8c37d449ef45f0265bd1d05e0393a339b37cb4a	bbs-archives-passed-banner	ReportOnly	cp437-inferred	false
/home/mkrueger/work/bbs/bbsarchives/Doors/Doors_Lord_IGMS/lfair31.zip![7]:LORD.IGM	71d056256e41d4ff70832abfe8c37d449ef45f0265bd1d05e0393a339b37cb4a	bbs-archives-passed-banner	ReportOnly	cp437-inferred	false
/home/mkrueger/work/bbs/bbsarchives/Doors/Doors_Lord_IGMS/lhfun15_21.zip![6]:LORD.BBS	71d056256e41d4ff70832abfe8c37d449ef45f0265bd1d05e0393a339b37cb4a	bbs-archives-passed-banner	ReportOnly	cp437-inferred	false
/home/mkrueger/work/bbs/bbsarchives/Doors/Doors_Lord_IGMS/lhfun20_21.zip![8]:LORD.IGM	71d056256e41d4ff70832abfe8c37d449ef45f0265bd1d05e0393a339b37cb4a	bbs-archives-passed-banner	ReportOnly	cp437-inferred	false
/home/mkrueger/work/bbs/bbsarchives/Doors/Doors_Lord_IGMS/lhh101.zip![4]:LORD.IGM	71d056256e41d4ff70832abfe8c37d449ef45f0265bd1d05e0393a339b37cb4a	bbs-archives-passed-banner	ReportOnly	cp437-inferred	false
/home/mkrueger/work/bbs/bbsarchives/Doors/Doors_Lord_IGMS/lhunt101.zip![5]:LORD.IGM	71d056256e41d4ff70832abfe8c37d449ef45f0265bd1d05e0393a339b37cb4a	bbs-archives-passed-banner	ReportOnly	cp437-inferred	false
/home/mkrueger/work/bbs/bbsarchives/Doors/Doors_Lord_IGMS/lianl21.zip![2]:LORD.IGM	71d056256e41d4ff70832abfe8c37d449ef45f0265bd1d05e0393a339b37cb4a	bbs-archives-passed-banner	ReportOnly	cp437-inferred	false
/home/mkrueger/work/bbs/bbsarchives/Doors/Doors_Lord_IGMS/life119d.zip![9]:LORD.IGM	71d056256e41d4ff70832abfe8c37d449ef45f0265bd1d05e0393a339b37cb4a	bbs-archives-passed-banner	ReportOnly	cp437-inferred	false
/home/mkrueger/work/bbs/bbsarchives/Doors/Doors_Lord_IGMS/ll106.zip![12]:LORD.IGM	71d056256e41d4ff70832abfe8c37d449ef45f0265bd1d05e0393a339b37cb4a	bbs-archives-passed-banner	ReportOnly	cp437-inferred	false
/home/mkrueger/work/bbs/bbsarchives/Doors/Doors_Lord_IGMS/ll120.zip![10]:LORD.IGM	71d056256e41d4ff70832abfe8c37d449ef45f0265bd1d05e0393a339b37cb4a	bbs-archives-passed-banner	ReportOnly	cp437-inferred	false
/home/mkrueger/work/bbs/bbsarchives/Doors/Doors_Lord_IGMS/lll100.zip![4]:LORD.IGM	71d056256e41d4ff70832abfe8c37d449ef45f0265bd1d05e0393a339b37cb4a	bbs-archives-passed-banner	ReportOnly	cp437-inferred	false
/home/mkrueger/work/bbs/bbsarchives/Doors/Doors_Lord_IGMS/lmchap13.zip![6]:LORD.IGM	71d056256e41d4ff70832abfe8c37d449ef45f0265bd1d05e0393a339b37cb4a	bbs-archives-passed-banner	ReportOnly	cp437-inferred	false
/home/mkrueger/work/bbs/bbsarchives/Doors/Doors_Lord_IGMS/lmenu121.zip![3]:LORD.IGM	71d056256e41d4ff70832abfe8c37d449ef45f0265bd1d05e0393a339b37cb4a	bbs-archives-passed-banner	ReportOnly	cp437-inferred	false
/home/mkrueger/work/bbs/bbsarchives/Doors/Doors_Lord_IGMS/lmm100.zip![4]:LORD.IGM	71d056256e41d4ff70832abfe8c37d449ef45f0265bd1d05e0393a339b37cb4a	bbs-archives-passed-banner	ReportOnly	cp437-inferred	false
/home/mkrueger/work/bbs/bbsarchives/Doors/Doors_Lord_IGMS/lndl25c.zip![6]:LORD.IGM	71d056256e41d4ff70832abfe8c37d449ef45f0265bd1d05e0393a339b37cb4a	bbs-archives-passed-banner	ReportOnly	cp437-inferred	false
/home/mkrueger/work/bbs/bbsarchives/Doors/Doors_Lord_IGMS/lntapp.zip![5]:LORD.IGM	71d056256e41d4ff70832abfe8c37d449ef45f0265bd1d05e0393a339b37cb4a	bbs-archives-passed-banner	ReportOnly	cp437-inferred	false
/home/mkrueger/work/bbs/bbsarchives/Doors/Doors_Lord_IGMS/loki103.zip![5]:LORD.IGM	71d056256e41d4ff70832abfe8c37d449ef45f0265bd1d05e0393a339b37cb4a	bbs-archives-passed-banner	ReportOnly	cp437-inferred	false
/home/mkrueger/work/bbs/bbsarchives/Doors/Doors_Lord_IGMS/looker11.zip![3]:LORD.IGM	71d056256e41d4ff70832abfe8c37d449ef45f0265bd1d05e0393a339b37cb4a	bbs-archives-passed-banner	ReportOnly	cp437-inferred	false
/home/mkrueger/work/bbs/bbsarchives/Doors/Doors_Lord_IGMS/lord400a.zip![5]:LORD.IGM	71d056256e41d4ff70832abfe8c37d449ef45f0265bd1d05e0393a339b37cb4a	bbs-archives-passed-banner	ReportOnly	cp437-inferred	false
/home/mkrueger/work/bbs/bbsarchives/Doors/Doors_Lord_IGMS/lorda11b.zip![4]:LORD.IGM	71d056256e41d4ff70832abfe8c37d449ef45f0265bd1d05e0393a339b37cb4a	bbs-archives-passed-banner	ReportOnly	cp437-inferred	false
/home/mkrueger/work/bbs/bbsarchives/Doors/Doors_Lord_IGMS/lordapp.zip![2]:LORD.IGM	71d056256e41d4ff70832abfe8c37d449ef45f0265bd1d05e0393a339b37cb4a	bbs-archives-passed-banner	ReportOnly	cp437-inferred	false
/home/mkrueger/work/bbs/bbsarchives/Doors/Doors_Lord_IGMS/lordchat.zip![7]:LORD.IGM	71d056256e41d4ff70832abfe8c37d449ef45f0265bd1d05e0393a339b37cb4a	bbs-archives-passed-banner	ReportOnly	cp437-inferred	false
/home/mkrueger/work/bbs/bbsarchives/Doors/Doors_Lord_IGMS/lordgc16.zip![6]:LORD.IGM	71d056256e41d4ff70832abfe8c37d449ef45f0265bd1d05e0393a339b37cb4a	bbs-archives-passed-banner	ReportOnly	cp437-inferred	false
/home/mkrueger/work/bbs/bbsarchives/Doors/Doors_Lord_IGMS/lordgc17.zip![7]:LORD.BBS	71d056256e41d4ff70832abfe8c37d449ef45f0265bd1d05e0393a339b37cb4a	bbs-archives-passed-banner	ReportOnly	cp437-inferred	false
/home/mkrueger/work/bbs/bbsarchives/Doors/Doors_Lord_IGMS/lordhelp.zip![2]:LORD.IGM	71d056256e41d4ff70832abfe8c37d449ef45f0265bd1d05e0393a339b37cb4a	bbs-archives-passed-banner	ReportOnly	cp437-inferred	false
/home/mkrueger/work/bbs/bbsarchives/Doors/Doors_Lord_IGMS/lordmorn.zip![5]:LORD.IGM	71d056256e41d4ff70832abfe8c37d449ef45f0265bd1d05e0393a339b37cb4a	bbs-archives-passed-banner	ReportOnly	cp437-inferred	false
/home/mkrueger/work/bbs/bbsarchives/Doors/Doors_Lord_IGMS/lordop18.zip![9]:LORD.IGM	71d056256e41d4ff70832abfe8c37d449ef45f0265bd1d05e0393a339b37cb4a	bbs-archives-passed-banner	ReportOnly	cp437-inferred	false
/home/mkrueger/work/bbs/bbsarchives/Doors/Doors_Lord_IGMS/lordrec2.zip![3]:LORD.IGM	71d056256e41d4ff70832abfe8c37d449ef45f0265bd1d05e0393a339b37cb4a	bbs-archives-passed-banner	ReportOnly	cp437-inferred	false
/home/mkrueger/work/bbs/bbsarchives/Doors/Doors_Lord_IGMS/lordtxt.zip![2]:LORD.IGM	71d056256e41d4ff70832abfe8c37d449ef45f0265bd1d05e0393a339b37cb4a	bbs-archives-passed-banner	ReportOnly	cp437-inferred	false
/home/mkrueger/work/bbs/bbsarchives/Doors/Doors_Lord_IGMS/lordwin5.zip![8]:LORD.IGM	71d056256e41d4ff70832abfe8c37d449ef45f0265bd1d05e0393a339b37cb4a	bbs-archives-passed-banner	ReportOnly	cp437-inferred	false
/home/mkrueger/work/bbs/bbsarchives/Doors/Doors_Lord_IGMS/lordy10.zip![5]:LORD.IGM	71d056256e41d4ff70832abfe8c37d449ef45f0265bd1d05e0393a339b37cb4a	bbs-archives-passed-banner	ReportOnly	cp437-inferred	false
/home/mkrueger/work/bbs/bbsarchives/Doors/Doors_Lord_IGMS/lordy11.zip![6]:LORD.IGM	71d056256e41d4ff70832abfe8c37d449ef45f0265bd1d05e0393a339b37cb4a	bbs-archives-passed-banner	ReportOnly	cp437-inferred	false
/home/mkrueger/work/bbs/bbsarchives/Doors/Doors_Lord_IGMS/lottery1.zip![8]:LORD.IGM	71d056256e41d4ff70832abfe8c37d449ef45f0265bd1d05e0393a339b37cb4a	bbs-archives-passed-banner	ReportOnly	cp437-inferred	false
/home/mkrueger/work/bbs/bbsarchives/Doors/Doors_Lord_IGMS/lotto14.zip![5]:LORD.IGM	71d056256e41d4ff70832abfe8c37d449ef45f0265bd1d05e0393a339b37cb4a	bbs-archives-passed-banner	ReportOnly	cp437-inferred	false
/home/mkrueger/work/bbs/bbsarchives/Doors/Doors_Lord_IGMS/love110.zip![7]:LORD.IGM	71d056256e41d4ff70832abfe8c37d449ef45f0265bd1d05e0393a339b37cb4a	bbs-archives-passed-banner	ReportOnly	cp437-inferred	false
/home/mkrueger/work/bbs/bbsarchives/Doors/Doors_Lord_IGMS/love120.zip![8]:LORD.IGM	71d056256e41d4ff70832abfe8c37d449ef45f0265bd1d05e0393a339b37cb4a	bbs-archives-passed-banner	ReportOnly	cp437-inferred	false
/home/mkrueger/work/bbs/bbsarchives/Doors/Doors_Lord_IGMS/lpak0415.zip![14]:LORD.IGM	71d056256e41d4ff70832abfe8c37d449ef45f0265bd1d05e0393a339b37cb4a	bbs-archives-passed-banner	ReportOnly	cp437-inferred	false
/home/mkrueger/work/bbs/bbsarchives/Doors/Doors_Lord_IGMS/lpak0613.zip![15]:LORD.IGM	71d056256e41d4ff70832abfe8c37d449ef45f0265bd1d05e0393a339b37cb4a	bbs-archives-passed-banner	ReportOnly	cp437-inferred	false
/home/mkrueger/work/bbs/bbsarchives/Doors/Doors_Lord_IGMS/lpd10.zip![6]:LORD.IGM	71d056256e41d4ff70832abfe8c37d449ef45f0265bd1d05e0393a339b37cb4a	bbs-archives-passed-banner	ReportOnly	cp437-inferred	false
/home/mkrueger/work/bbs/bbsarchives/Doors/Doors_Lord_IGMS/lpit210.zip![6]:LORD.IGM	71d056256e41d4ff70832abfe8c37d449ef45f0265bd1d05e0393a339b37cb4a	bbs-archives-passed-banner	ReportOnly	cp437-inferred	false
/home/mkrueger/work/bbs/bbsarchives/Doors/Doors_Lord_IGMS/lpit250.zip![6]:LORD.IGM	71d056256e41d4ff70832abfe8c37d449ef45f0265bd1d05e0393a339b37cb4a	bbs-archives-passed-banner	ReportOnly	cp437-inferred	false
/home/mkrueger/work/bbs/bbsarchives/Doors/Doors_Lord_IGMS/lrank10.zip![4]:LORD.IGM	71d056256e41d4ff70832abfe8c37d449ef45f0265bd1d05e0393a339b37cb4a	bbs-archives-passed-banner	ReportOnly	cp437-inferred	false
/home/mkrueger/work/bbs/bbsarchives/Doors/Doors_Lord_IGMS/lrd2tip.zip![2]:LORD.IGM	71d056256e41d4ff70832abfe8c37d449ef45f0265bd1d05e0393a339b37cb4a	bbs-archives-passed-banner	ReportOnly	cp437-inferred	false
/home/mkrueger/work/bbs/bbsarchives/Doors/Doors_Lord_IGMS/lrd352pt.zip![6]:LORD.IGM	71d056256e41d4ff70832abfe8c37d449ef45f0265bd1d05e0393a339b37cb4a	bbs-archives-passed-banner	ReportOnly	cp437-inferred	false
/home/mkrueger/work/bbs/bbsarchives/Doors/Doors_Lord_IGMS/lrdhlp16.zip![12]:LORD.IGM	71d056256e41d4ff70832abfe8c37d449ef45f0265bd1d05e0393a339b37cb4a	bbs-archives-passed-banner	ReportOnly	cp437-inferred	false
/home/mkrueger/work/bbs/bbsarchives/Doors/Doors_Lord_IGMS/lrdimgr1.zip![5]:LORD.IGM	71d056256e41d4ff70832abfe8c37d449ef45f0265bd1d05e0393a339b37cb4a	bbs-archives-passed-banner	ReportOnly	cp437-inferred	false
/home/mkrueger/work/bbs/bbsarchives/Doors/Doors_Lord_IGMS/lrdtrv20.zip![9]:LORD.IGM	71d056256e41d4ff70832abfe8c37d449ef45f0265bd1d05e0393a339b37cb4a	bbs-archives-passed-banner	ReportOnly	cp437-inferred	false
/home/mkrueger/work/bbs/bbsarchives/Doors/Doors_Lord_IGMS/ltest10.zip![3]:LORD.IGM	71d056256e41d4ff70832abfe8c37d449ef45f0265bd1d05e0393a339b37cb4a	bbs-archives-passed-banner	ReportOnly	cp437-inferred	false
/home/mkrueger/work/bbs/bbsarchives/Doors/Doors_Lord_IGMS/ltype200.zip![7]:LORD.IGM	71d056256e41d4ff70832abfe8c37d449ef45f0265bd1d05e0393a339b37cb4a	bbs-archives-passed-banner	ReportOnly	cp437-inferred	false
/home/mkrueger/work/bbs/bbsarchives/Doors/Doors_Lord_IGMS/lwheel10.zip![5]:LORD.IGM	71d056256e41d4ff70832abfe8c37d449ef45f0265bd1d05e0393a339b37cb4a	bbs-archives-passed-banner	ReportOnly	cp437-inferred	false
/home/mkrueger/work/bbs/bbsarchives/Doors/Doors_Lord_IGMS/madm23.zip![6]:LORD.IGM	71d056256e41d4ff70832abfe8c37d449ef45f0265bd1d05e0393a339b37cb4a	bbs-archives-passed-banner	ReportOnly	cp437-inferred	false
/home/mkrueger/work/bbs/bbsarchives/Doors/Doors_Lord_IGMS/mafia103.zip![12]:LORD.IGM	71d056256e41d4ff70832abfe8c37d449ef45f0265bd1d05e0393a339b37cb4a	bbs-archives-passed-banner	ReportOnly	cp437-inferred	false
/home/mkrueger/work/bbs/bbsarchives/Doors/Doors_Lord_IGMS/mansion.zip![10]:LORD.IGM	71d056256e41d4ff70832abfe8c37d449ef45f0265bd1d05e0393a339b37cb4a	bbs-archives-passed-banner	ReportOnly	cp437-inferred	false
/home/mkrueger/work/bbs/bbsarchives/Doors/Doors_Lord_IGMS/mapswa11.zip![7]:LORD.IGM	71d056256e41d4ff70832abfe8c37d449ef45f0265bd1d05e0393a339b37cb4a	bbs-archives-passed-banner	ReportOnly	cp437-inferred	false
/home/mkrueger/work/bbs/bbsarchives/Doors/Doors_Lord_IGMS/marilyn1.zip![4]:LORD.IGM	71d056256e41d4ff70832abfe8c37d449ef45f0265bd1d05e0393a339b37cb4a	bbs-archives-passed-banner	ReportOnly	cp437-inferred	false
/home/mkrueger/work/bbs/bbsarchives/Doors/Doors_Lord_IGMS/marty16.zip![5]:LORD.IGM	71d056256e41d4ff70832abfe8c37d449ef45f0265bd1d05e0393a339b37cb4a	bbs-archives-passed-banner	ReportOnly	cp437-inferred	false
/home/mkrueger/work/bbs/bbsarchives/Doors/Doors_Lord_IGMS/merdiv11.zip![3]:LORD.IGM	71d056256e41d4ff70832abfe8c37d449ef45f0265bd1d05e0393a339b37cb4a	bbs-archives-passed-banner	ReportOnly	cp437-inferred	false
/home/mkrueger/work/bbs/bbsarchives/Doors/Doors_Lord_IGMS/mimsic17.zip![9]:LORD.IGM	71d056256e41d4ff70832abfe8c37d449ef45f0265bd1d05e0393a339b37cb4a	bbs-archives-passed-banner	ReportOnly	cp437-inferred	false
/home/mkrueger/work/bbs/bbsarchives/Doors/Doors_Lord_IGMS/mine15.zip![5]:LORD.IGM	71d056256e41d4ff70832abfe8c37d449ef45f0265bd1d05e0393a339b37cb4a	bbs-archives-passed-banner	ReportOnly	cp437-inferred	false
/home/mkrueger/work/bbs/bbsarchives/Doors/Doors_Lord_IGMS/mmv250.zip![21]:LORD.IGM	71d056256e41d4ff70832abfe8c37d449ef45f0265bd1d05e0393a339b37cb4a	bbs-archives-passed-banner	ReportOnly	cp437-inferred	false
/home/mkrueger/work/bbs/bbsarchives/Doors/Doors_Lord_IGMS/moi20.zip![6]:LORD.IGM	71d056256e41d4ff70832abfe8c37d449ef45f0265bd1d05e0393a339b37cb4a	bbs-archives-passed-banner	ReportOnly	cp437-inferred	false
/home/mkrueger/work/bbs/bbsarchives/Doors/Doors_Lord_IGMS/moi21.zip![6]:LORD.IGM	71d056256e41d4ff70832abfe8c37d449ef45f0265bd1d05e0393a339b37cb4a	bbs-archives-passed-banner	ReportOnly	cp437-inferred	false
/home/mkrueger/work/bbs/bbsarchives/Doors/Doors_Lord_IGMS/mold.zip![4]:LORD.IGM	71d056256e41d4ff70832abfe8c37d449ef45f0265bd1d05e0393a339b37cb4a	bbs-archives-passed-banner	ReportOnly	cp437-inferred	false
/home/mkrueger/work/bbs/bbsarchives/Doors/Doors_Lord_IGMS/molun11.zip![11]:LORD.IGM	71d056256e41d4ff70832abfe8c37d449ef45f0265bd1d05e0393a339b37cb4a	bbs-archives-passed-banner	ReportOnly	cp437-inferred	false
/home/mkrueger/work/bbs/bbsarchives/Doors/Doors_Lord_IGMS/mon.zip![4]:LORD.IGM	71d056256e41d4ff70832abfe8c37d449ef45f0265bd1d05e0393a339b37cb4a	bbs-archives-passed-banner	ReportOnly	cp437-inferred	false
/home/mkrueger/work/bbs/bbsarchives/Doors/Doors_Lord_IGMS/monedit1.zip![3]:LORD.IGM	71d056256e41d4ff70832abfe8c37d449ef45f0265bd1d05e0393a339b37cb4a	bbs-archives-passed-banner	ReportOnly	cp437-inferred	false
/home/mkrueger/work/bbs/bbsarchives/Doors/Doors_Lord_IGMS/monrpt_2d1.zip![3]:LORD.IGM	71d056256e41d4ff70832abfe8c37d449ef45f0265bd1d05e0393a339b37cb4a	bbs-archives-passed-banner	ReportOnly	cp437-inferred	false
/home/mkrueger/work/bbs/bbsarchives/Doors/Doors_Lord_IGMS/moon100.zip![14]:LORD.IGM	71d056256e41d4ff70832abfe8c37d449ef45f0265bd1d05e0393a339b37cb4a	bbs-archives-passed-banner	ReportOnly	cp437-inferred	false
/home/mkrueger/work/bbs/bbsarchives/Doors/Doors_Lord_IGMS/moon101.zip![26]:LORD.IGM	71d056256e41d4ff70832abfe8c37d449ef45f0265bd1d05e0393a339b37cb4a	bbs-archives-passed-banner	ReportOnly	cp437-inferred	false
/home/mkrueger/work/bbs/bbsarchives/Doors/Doors_Lord_IGMS/mornlord.zip![5]:LORD.IGM	71d056256e41d4ff70832abfe8c37d449ef45f0265bd1d05e0393a339b37cb4a	bbs-archives-passed-banner	ReportOnly	cp437-inferred	false
/home/mkrueger/work/bbs/bbsarchives/Doors/Doors_Lord_IGMS/mortal.zip![5]:LORD.IGM	71d056256e41d4ff70832abfe8c37d449ef45f0265bd1d05e0393a339b37cb4a	bbs-archives-passed-banner	ReportOnly	cp437-inferred	false
/home/mkrueger/work/bbs/bbsarchives/Doors/Doors_Lord_IGMS/mosh200.zip![4]:LORD.IGM	71d056256e41d4ff70832abfe8c37d449ef45f0265bd1d05e0393a339b37cb4a	bbs-archives-passed-banner	ReportOnly	cp437-inferred	false
/home/mkrueger/work/bbs/bbsarchives/Doors/Doors_Lord_IGMS/mpit_2d100.zip![6]:LORD.IGM	71d056256e41d4ff70832abfe8c37d449ef45f0265bd1d05e0393a339b37cb4a	bbs-archives-passed-banner	ReportOnly	cp437-inferred	false
/home/mkrueger/work/bbs/bbsarchives/Doors/Doors_Lord_IGMS/msdrm_2d21.zip![5]:LORD.IGM	71d056256e41d4ff70832abfe8c37d449ef45f0265bd1d05e0393a339b37cb4a	bbs-archives-passed-banner	ReportOnly	cp437-inferred	false
/home/mkrueger/work/bbs/bbsarchives/Doors/Doors_Lord_IGMS/mshop10c.zip![7]:LORD.IGM	71d056256e41d4ff70832abfe8c37d449ef45f0265bd1d05e0393a339b37cb4a	bbs-archives-passed-banner	ReportOnly	cp437-inferred	false
/home/mkrueger/work/bbs/bbsarchives/Doors/Doors_Lord_IGMS/msngr10.zip![5]:LORD.IGM	71d056256e41d4ff70832abfe8c37d449ef45f0265bd1d05e0393a339b37cb4a	bbs-archives-passed-banner	ReportOnly	cp437-inferred	false
/home/mkrueger/work/bbs/bbsarchives/Doors/Doors_Lord_IGMS/mys016.zip![9]:LORD.IGM	71d056256e41d4ff70832abfe8c37d449ef45f0265bd1d05e0393a339b37cb4a	bbs-archives-passed-banner	ReportOnly	cp437-inferred	false
/home/mkrueger/work/bbs/bbsarchives/Doors/Doors_Lord_IGMS/mys_2d22.zip![10]:LORD.IGM	71d056256e41d4ff70832abfe8c37d449ef45f0265bd1d05e0393a339b37cb4a	bbs-archives-passed-banner	ReportOnly	cp437-inferred	false
/home/mkrueger/work/bbs/bbsarchives/Doors/Doors_Lord_IGMS/myst150.zip![5]:LORD.IGM	71d056256e41d4ff70832abfe8c37d449ef45f0265bd1d05e0393a339b37cb4a	bbs-archives-passed-banner	ReportOnly	cp437-inferred	false
/home/mkrueger/work/bbs/bbsarchives/Doors/Doors_Lord_IGMS/mysthut1.zip![6]:LORD.IGM	71d056256e41d4ff70832abfe8c37d449ef45f0265bd1d05e0393a339b37cb4a	bbs-archives-passed-banner	ReportOnly	cp437-inferred	false
/home/mkrueger/work/bbs/bbsarchives/Doors/Doors_Lord_IGMS/mythc112.zip![7]:LORD.IGM	71d056256e41d4ff70832abfe8c37d449ef45f0265bd1d05e0393a339b37cb4a	bbs-archives-passed-banner	ReportOnly	cp437-inferred	false
/home/mkrueger/work/bbs/bbsarchives/Doors/Doors_Lord_IGMS/natville.zip![11]:LORD.IGM	71d056256e41d4ff70832abfe8c37d449ef45f0265bd1d05e0393a339b37cb4a	bbs-archives-passed-banner	ReportOnly	cp437-inferred	false
/home/mkrueger/work/bbs/bbsarchives/Doors/Doors_Lord_IGMS/noad22.zip![11]:LORD.IGM	71d056256e41d4ff70832abfe8c37d449ef45f0265bd1d05e0393a339b37cb4a	bbs-archives-passed-banner	ReportOnly	cp437-inferred	false
/home/mkrueger/work/bbs/bbsarchives/Doors/Doors_Lord_IGMS/nop100l.zip![6]:LORD.IGM	71d056256e41d4ff70832abfe8c37d449ef45f0265bd1d05e0393a339b37cb4a	bbs-archives-passed-banner	ReportOnly	cp437-inferred	false
/home/mkrueger/work/bbs/bbsarchives/Doors/Doors_Lord_IGMS/npclor26.zip![20]:LORD.IGM	71d056256e41d4ff70832abfe8c37d449ef45f0265bd1d05e0393a339b37cb4a	bbs-archives-passed-banner	ReportOnly	cp437-inferred	false
/home/mkrueger/work/bbs/bbsarchives/Doors/Doors_Lord_IGMS/npclord.zip![13]:LORD.IGM	71d056256e41d4ff70832abfe8c37d449ef45f0265bd1d05e0393a339b37cb4a	bbs-archives-passed-banner	ReportOnly	cp437-inferred	false
/home/mkrueger/work/bbs/bbsarchives/Doors/Doors_Lord_IGMS/oasis_09.zip![4]:LORD.IGM	71d056256e41d4ff70832abfe8c37d449ef45f0265bd1d05e0393a339b37cb4a	bbs-archives-passed-banner	ReportOnly	cp437-inferred	false
/home/mkrueger/work/bbs/bbsarchives/Doors/Doors_Lord_IGMS/oasis_2d09.zip![4]:LORD.IGM	71d056256e41d4ff70832abfe8c37d449ef45f0265bd1d05e0393a339b37cb4a	bbs-archives-passed-banner	ReportOnly	cp437-inferred	false
/home/mkrueger/work/bbs/bbsarchives/Doors/Doors_Lord_IGMS/ocean.zip![9]:LORD.IGM	71d056256e41d4ff70832abfe8c37d449ef45f0265bd1d05e0393a339b37cb4a	bbs-archives-passed-banner	ReportOnly	cp437-inferred	false
/home/mkrueger/work/bbs/bbsarchives/Doors/Doors_Lord_IGMS/odink201.zip![6]:LORD.IGM	71d056256e41d4ff70832abfe8c37d449ef45f0265bd1d05e0393a339b37cb4a	bbs-archives-passed-banner	ReportOnly	cp437-inferred	false
/home/mkrueger/work/bbs/bbsarchives/Doors/Doors_Lord_IGMS/olman21.zip![5]:LORD.IGM	71d056256e41d4ff70832abfe8c37d449ef45f0265bd1d05e0393a339b37cb4a	bbs-archives-passed-banner	ReportOnly	cp437-inferred	false
/home/mkrueger/work/bbs/bbsarchives/Doors/Doors_Lord_IGMS/omc10.zip![5]:LORD.IGM	71d056256e41d4ff70832abfe8c37d449ef45f0265bd1d05e0393a339b37cb4a	bbs-archives-passed-banner	ReportOnly	cp437-inferred	false
/home/mkrueger/work/bbs/bbsarchives/Doors/Doors_Lord_IGMS/oracle.zip![5]:LORD.IGM	71d056256e41d4ff70832abfe8c37d449ef45f0265bd1d05e0393a339b37cb4a	bbs-archives-passed-banner	ReportOnly	cp437-inferred	false
/home/mkrueger/work/bbs/bbsarchives/Doors/Doors_Lord_IGMS/orc100a.zip![7]:LORD.IGM	71d056256e41d4ff70832abfe8c37d449ef45f0265bd1d05e0393a339b37cb4a	bbs-archives-passed-banner	ReportOnly	cp437-inferred	false
/home/mkrueger/work/bbs/bbsarchives/Doors/Doors_Lord_IGMS/orc200.zip![8]:LORD.IGM	71d056256e41d4ff70832abfe8c37d449ef45f0265bd1d05e0393a339b37cb4a	bbs-archives-passed-banner	ReportOnly	cp437-inferred	false
/home/mkrueger/work/bbs/bbsarchives/Doors/Doors_Lord_IGMS/orphan10.zip![5]:LORD.IGM	71d056256e41d4ff70832abfe8c37d449ef45f0265bd1d05e0393a339b37cb4a	bbs-archives-passed-banner	ReportOnly	cp437-inferred	false
/home/mkrueger/work/bbs/bbsarchives/Doors/Doors_Lord_IGMS/orphan11.zip![5]:LORD.IGM	71d056256e41d4ff70832abfe8c37d449ef45f0265bd1d05e0393a339b37cb4a	bbs-archives-passed-banner	ReportOnly	cp437-inferred	false
/home/mkrueger/work/bbs/bbsarchives/Doors/Doors_Lord_IGMS/ouths13.zip![4]:LORD.IGM	71d056256e41d4ff70832abfe8c37d449ef45f0265bd1d05e0393a339b37cb4a	bbs-archives-passed-banner	ReportOnly	cp437-inferred	false
/home/mkrueger/work/bbs/bbsarchives/Doors/Doors_Lord_IGMS/outs11.zip![6]:LORD.IGM	71d056256e41d4ff70832abfe8c37d449ef45f0265bd1d05e0393a339b37cb4a	bbs-archives-passed-banner	ReportOnly	cp437-inferred	false
/home/mkrueger/work/bbs/bbsarchives/Doors/Doors_Lord_IGMS/overlk12.zip![5]:LORD.IGM	71d056256e41d4ff70832abfe8c37d449ef45f0265bd1d05e0393a339b37cb4a	bbs-archives-passed-banner	ReportOnly	cp437-inferred	false
/home/mkrueger/work/bbs/bbsarchives/Doors/Doors_Lord_IGMS/owyn100.zip![11]:LORD.IGM	71d056256e41d4ff70832abfe8c37d449ef45f0265bd1d05e0393a339b37cb4a	bbs-archives-passed-banner	ReportOnly	cp437-inferred	false
/home/mkrueger/work/bbs/bbsarchives/Doors/Doors_Lord_IGMS/p1012.zip![4]:LORD.IGM	71d056256e41d4ff70832abfe8c37d449ef45f0265bd1d05e0393a339b37cb4a	bbs-archives-passed-banner	ReportOnly	cp437-inferred	false
/home/mkrueger/work/bbs/bbsarchives/Doors/Doors_Lord_IGMS/p1036a.zip![5]:LORD.IGM	71d056256e41d4ff70832abfe8c37d449ef45f0265bd1d05e0393a339b37cb4a	bbs-archives-passed-banner	ReportOnly	cp437-inferred	false
/home/mkrueger/work/bbs/bbsarchives/Doors/Doors_Lord_IGMS/p1037.zip![5]:LORD.IGM	71d056256e41d4ff70832abfe8c37d449ef45f0265bd1d05e0393a339b37cb4a	bbs-archives-passed-banner	ReportOnly	cp437-inferred	false
/home/mkrueger/work/bbs/bbsarchives/Doors/Doors_Lord_IGMS/p1040.zip![5]:LORD.IGM	71d056256e41d4ff70832abfe8c37d449ef45f0265bd1d05e0393a339b37cb4a	bbs-archives-passed-banner	ReportOnly	cp437-inferred	false
/home/mkrueger/work/bbs/bbsarchives/Doors/Doors_Lord_IGMS/p1040b.zip![5]:LORD.IGM	71d056256e41d4ff70832abfe8c37d449ef45f0265bd1d05e0393a339b37cb4a	bbs-archives-passed-banner	ReportOnly	cp437-inferred	false
/home/mkrueger/work/bbs/bbsarchives/Doors/Doors_Lord_IGMS/p1040c.zip![5]:LORD.IGM	71d056256e41d4ff70832abfe8c37d449ef45f0265bd1d05e0393a339b37cb4a	bbs-archives-passed-banner	ReportOnly	cp437-inferred	false
/home/mkrueger/work/bbs/bbsarchives/Doors/Doors_Lord_IGMS/p1092.zip![5]:LORD.IGM	71d056256e41d4ff70832abfe8c37d449ef45f0265bd1d05e0393a339b37cb4a	bbs-archives-passed-banner	ReportOnly	cp437-inferred	false
/home/mkrueger/work/bbs/bbsarchives/Doors/Doors_Lord_IGMS/p1188.zip![5]:LORD.IGM	71d056256e41d4ff70832abfe8c37d449ef45f0265bd1d05e0393a339b37cb4a	bbs-archives-passed-banner	ReportOnly	cp437-inferred	false
/home/mkrueger/work/bbs/bbsarchives/Doors/Doors_Lord_IGMS/p1193.zip![5]:LORD.IGM	71d056256e41d4ff70832abfe8c37d449ef45f0265bd1d05e0393a339b37cb4a	bbs-archives-passed-banner	ReportOnly	cp437-inferred	false
/home/mkrueger/work/bbs/bbsarchives/Doors/Doors_Lord_IGMS/p1194.zip![5]:LORD.IGM	71d056256e41d4ff70832abfe8c37d449ef45f0265bd1d05e0393a339b37cb4a	bbs-archives-passed-banner	ReportOnly	cp437-inferred	false
/home/mkrueger/work/bbs/bbsarchives/Doors/Doors_Lord_IGMS/p1276.zip![5]:LORD.IGM	71d056256e41d4ff70832abfe8c37d449ef45f0265bd1d05e0393a339b37cb4a	bbs-archives-passed-banner	ReportOnly	cp437-inferred	false
/home/mkrueger/work/bbs/bbsarchives/Doors/Doors_Lord_IGMS/p1278.zip![5]:LORD.IGM	71d056256e41d4ff70832abfe8c37d449ef45f0265bd1d05e0393a339b37cb4a	bbs-archives-passed-banner	ReportOnly	cp437-inferred	false
/home/mkrueger/work/bbs/bbsarchives/Doors/Doors_Lord_IGMS/p1279.zip![5]:LORD.IGM	71d056256e41d4ff70832abfe8c37d449ef45f0265bd1d05e0393a339b37cb4a	bbs-archives-passed-banner	ReportOnly	cp437-inferred	false
/home/mkrueger/work/bbs/bbsarchives/Doors/Doors_Lord_IGMS/p1332a.zip![5]:LORD.IGM	71d056256e41d4ff70832abfe8c37d449ef45f0265bd1d05e0393a339b37cb4a	bbs-archives-passed-banner	ReportOnly	cp437-inferred	false
/home/mkrueger/work/bbs/bbsarchives/Doors/Doors_Lord_IGMS/p1357.zip![5]:LORD.IGM	71d056256e41d4ff70832abfe8c37d449ef45f0265bd1d05e0393a339b37cb4a	bbs-archives-passed-banner	ReportOnly	cp437-inferred	false
/home/mkrueger/work/bbs/bbsarchives/Doors/Doors_Lord_IGMS/p1359.zip![5]:LORD.IGM	71d056256e41d4ff70832abfe8c37d449ef45f0265bd1d05e0393a339b37cb4a	bbs-archives-passed-banner	ReportOnly	cp437-inferred	false
/home/mkrueger/work/bbs/bbsarchives/Doors/Doors_Lord_IGMS/p1436.zip![5]:LORD.IGM	71d056256e41d4ff70832abfe8c37d449ef45f0265bd1d05e0393a339b37cb4a	bbs-archives-passed-banner	ReportOnly	cp437-inferred	false
/home/mkrueger/work/bbs/bbsarchives/Doors/Doors_Lord_IGMS/p1439a.zip![5]:LORD.IGM	71d056256e41d4ff70832abfe8c37d449ef45f0265bd1d05e0393a339b37cb4a	bbs-archives-passed-banner	ReportOnly	cp437-inferred	false
/home/mkrueger/work/bbs/bbsarchives/Doors/Doors_Lord_IGMS/p1440b.zip![6]:LORD.IGM	71d056256e41d4ff70832abfe8c37d449ef45f0265bd1d05e0393a339b37cb4a	bbs-archives-passed-banner	ReportOnly	cp437-inferred	false
/home/mkrueger/work/bbs/bbsarchives/Doors/Doors_Lord_IGMS/p1519.zip![5]:LORD.IGM	71d056256e41d4ff70832abfe8c37d449ef45f0265bd1d05e0393a339b37cb4a	bbs-archives-passed-banner	ReportOnly	cp437-inferred	false
/home/mkrueger/work/bbs/bbsarchives/Doors/Doors_Lord_IGMS/p67.zip![5]:LORD.IGM	71d056256e41d4ff70832abfe8c37d449ef45f0265bd1d05e0393a339b37cb4a	bbs-archives-passed-banner	ReportOnly	cp437-inferred	false
/home/mkrueger/work/bbs/bbsarchives/Doors/Doors_Lord_IGMS/p956.zip![5]:LORD.IGM	71d056256e41d4ff70832abfe8c37d449ef45f0265bd1d05e0393a339b37cb4a	bbs-archives-passed-banner	ReportOnly	cp437-inferred	false
/home/mkrueger/work/bbs/bbsarchives/Doors/Doors_Lord_IGMS/palo.zip![4]:LORD.IGM	71d056256e41d4ff70832abfe8c37d449ef45f0265bd1d05e0393a339b37cb4a	bbs-archives-passed-banner	ReportOnly	cp437-inferred	false
/home/mkrueger/work/bbs/bbsarchives/Doors/Doors_Lord_IGMS/para199.zip![4]:LORD.IGM	71d056256e41d4ff70832abfe8c37d449ef45f0265bd1d05e0393a339b37cb4a	bbs-archives-passed-banner	ReportOnly	cp437-inferred	false
/home/mkrueger/work/bbs/bbsarchives/Doors/Doors_Lord_IGMS/para1991.zip![4]:LORD.IGM	71d056256e41d4ff70832abfe8c37d449ef45f0265bd1d05e0393a339b37cb4a	bbs-archives-passed-banner	ReportOnly	cp437-inferred	false
/home/mkrueger/work/bbs/bbsarchives/Doors/Doors_Lord_IGMS/passage3.zip![12]:LORD.IGM	71d056256e41d4ff70832abfe8c37d449ef45f0265bd1d05e0393a339b37cb4a	bbs-archives-passed-banner	ReportOnly	cp437-inferred	false
/home/mkrueger/work/bbs/bbsarchives/Doors/Doors_Lord_IGMS/passmn11.zip![5]:LORD.IGM	71d056256e41d4ff70832abfe8c37d449ef45f0265bd1d05e0393a339b37cb4a	bbs-archives-passed-banner	ReportOnly	cp437-inferred	false
/home/mkrueger/work/bbs/bbsarchives/Doors/Doors_Lord_IGMS/pawn0103.zip![8]:LORD.IGM	71d056256e41d4ff70832abfe8c37d449ef45f0265bd1d05e0393a339b37cb4a	bbs-archives-passed-banner	ReportOnly	cp437-inferred	false
/home/mkrueger/work/bbs/bbsarchives/Doors/Doors_Lord_IGMS/pawn0119.zip![8]:LORD.IGM	71d056256e41d4ff70832abfe8c37d449ef45f0265bd1d05e0393a339b37cb4a	bbs-archives-passed-banner	ReportOnly	cp437-inferred	false
/home/mkrueger/work/bbs/bbsarchives/Doors/Doors_Lord_IGMS/pawnigm.zip![5]:LORD.IGM	71d056256e41d4ff70832abfe8c37d449ef45f0265bd1d05e0393a339b37cb4a	bbs-archives-passed-banner	ReportOnly	cp437-inferred	false
/home/mkrueger/work/bbs/bbsarchives/Doors/Doors_Lord_IGMS/pbar_11.zip![4]:LORD.IGM	71d056256e41d4ff70832abfe8c37d449ef45f0265bd1d05e0393a339b37cb4a	bbs-archives-passed-banner	ReportOnly	cp437-inferred	false
/home/mkrueger/work/bbs/bbsarchives/Doors/Doors_Lord_IGMS/pbar_2d11.zip![4]:LORD.IGM	71d056256e41d4ff70832abfe8c37d449ef45f0265bd1d05e0393a339b37cb4a	bbs-archives-passed-banner	ReportOnly	cp437-inferred	false
/home/mkrueger/work/bbs/bbsarchives/Doors/Doors_Lord_IGMS/pedler23.zip![5]:LORD.IGM	71d056256e41d4ff70832abfe8c37d449ef45f0265bd1d05e0393a339b37cb4a	bbs-archives-passed-banner	ReportOnly	cp437-inferred	false
/home/mkrueger/work/bbs/bbsarchives/Doors/Doors_Lord_IGMS/penyon15.zip![6]:LORD.IGM	71d056256e41d4ff70832abfe8c37d449ef45f0265bd1d05e0393a339b37cb4a	bbs-archives-passed-banner	ReportOnly	cp437-inferred	false
/home/mkrueger/work/bbs/bbsarchives/Doors/Doors_Lord_IGMS/phan211.zip![24]:LORD.IGM	71d056256e41d4ff70832abfe8c37d449ef45f0265bd1d05e0393a339b37cb4a	bbs-archives-passed-banner	ReportOnly	cp437-inferred	false
/home/mkrueger/work/bbs/bbsarchives/Doors/Doors_Lord_IGMS/phan217.zip![33]:LORD.IGM	71d056256e41d4ff70832abfe8c37d449ef45f0265bd1d05e0393a339b37cb4a	bbs-archives-passed-banner	ReportOnly	cp437-inferred	false
/home/mkrueger/work/bbs/bbsarchives/Doors/Doors_Lord_IGMS/phaze15.zip![23]:LORD.IGM	71d056256e41d4ff70832abfe8c37d449ef45f0265bd1d05e0393a339b37cb4a	bbs-archives-passed-banner	ReportOnly	cp437-inferred	false
/home/mkrueger/work/bbs/bbsarchives/Doors/Doors_Lord_IGMS/photek28.zip![4]:LORD.IGM	71d056256e41d4ff70832abfe8c37d449ef45f0265bd1d05e0393a339b37cb4a	bbs-archives-passed-banner	ReportOnly	cp437-inferred	false
/home/mkrueger/work/bbs/bbsarchives/Doors/Doors_Lord_IGMS/picnic10.zip![5]:LORD.IGM	71d056256e41d4ff70832abfe8c37d449ef45f0265bd1d05e0393a339b37cb4a	bbs-archives-passed-banner	ReportOnly	cp437-inferred	false
/home/mkrueger/work/bbs/bbsarchives/Doors/Doors_Lord_IGMS/planeref.zip![7]:LORD.IGM	71d056256e41d4ff70832abfe8c37d449ef45f0265bd1d05e0393a339b37cb4a	bbs-archives-passed-banner	ReportOnly	cp437-inferred	false
/home/mkrueger/work/bbs/bbsarchives/Doors/Doors_Lord_IGMS/pmv13.zip![6]:LORD.IGM	71d056256e41d4ff70832abfe8c37d449ef45f0265bd1d05e0393a339b37cb4a	bbs-archives-passed-banner	ReportOnly	cp437-inferred	false
/home/mkrueger/work/bbs/bbsarchives/Doors/Doors_Lord_IGMS/pmv14.zip![6]:LORD.IGM	71d056256e41d4ff70832abfe8c37d449ef45f0265bd1d05e0393a339b37cb4a	bbs-archives-passed-banner	ReportOnly	cp437-inferred	false
/home/mkrueger/work/bbs/bbsarchives/Doors/Doors_Lord_IGMS/poor10.zip![5]:LORD.IGM	71d056256e41d4ff70832abfe8c37d449ef45f0265bd1d05e0393a339b37cb4a	bbs-archives-passed-banner	ReportOnly	cp437-inferred	false
/home/mkrueger/work/bbs/bbsarchives/Doors/Doors_Lord_IGMS/potion10.zip![5]:LORD.IGM	71d056256e41d4ff70832abfe8c37d449ef45f0265bd1d05e0393a339b37cb4a	bbs-archives-passed-banner	ReportOnly	cp437-inferred	false
/home/mkrueger/work/bbs/bbsarchives/Doors/Doors_Lord_IGMS/prison14.zip![8]:LORD.IGM	71d056256e41d4ff70832abfe8c37d449ef45f0265bd1d05e0393a339b37cb4a	bbs-archives-passed-banner	ReportOnly	cp437-inferred	false
/home/mkrueger/work/bbs/bbsarchives/Doors/Doors_Lord_IGMS/prisonv2.zip![9]:LORD.IGM	71d056256e41d4ff70832abfe8c37d449ef45f0265bd1d05e0393a339b37cb4a	bbs-archives-passed-banner	ReportOnly	cp437-inferred	false
/home/mkrueger/work/bbs/bbsarchives/Doors/Doors_Lord_IGMS/ptshp10a.zip![3]:LORD.IGM	71d056256e41d4ff70832abfe8c37d449ef45f0265bd1d05e0393a339b37cb4a	bbs-archives-passed-banner	ReportOnly	cp437-inferred	false
/home/mkrueger/work/bbs/bbsarchives/Doors/Doors_Lord_IGMS/pyram120.zip![12]:LORD.IGM	71d056256e41d4ff70832abfe8c37d449ef45f0265bd1d05e0393a339b37cb4a	bbs-archives-passed-banner	ReportOnly	cp437-inferred	false
/home/mkrueger/work/bbs/bbsarchives/Doors/Doors_Lord_IGMS/qfort145.zip![5]:LORD.IGM	71d056256e41d4ff70832abfe8c37d449ef45f0265bd1d05e0393a339b37cb4a	bbs-archives-passed-banner	ReportOnly	cp437-inferred	false
/home/mkrueger/work/bbs/bbsarchives/Doors/Doors_Lord_IGMS/qfortres.zip![4]:LORD.IGM	71d056256e41d4ff70832abfe8c37d449ef45f0265bd1d05e0393a339b37cb4a	bbs-archives-passed-banner	ReportOnly	cp437-inferred	false
/home/mkrueger/work/bbs/bbsarchives/Doors/Doors_Lord_IGMS/quest201.zip![5]:LORD.IGM	71d056256e41d4ff70832abfe8c37d449ef45f0265bd1d05e0393a339b37cb4a	bbs-archives-passed-banner	ReportOnly	cp437-inferred	false
/home/mkrueger/work/bbs/bbsarchives/Doors/Doors_Lord_IGMS/qwkmrt11.zip![6]:LORD.IGM	71d056256e41d4ff70832abfe8c37d449ef45f0265bd1d05e0393a339b37cb4a	bbs-archives-passed-banner	ReportOnly	cp437-inferred	false
/home/mkrueger/work/bbs/bbsarchives/Doors/Doors_Lord_IGMS/races21.zip![6]:LORD.IGM	71d056256e41d4ff70832abfe8c37d449ef45f0265bd1d05e0393a339b37cb4a	bbs-archives-passed-banner	ReportOnly	cp437-inferred	false
/home/mkrueger/work/bbs/bbsarchives/Doors/Doors_Lord_IGMS/races22.zip![6]:LORD.IGM	71d056256e41d4ff70832abfe8c37d449ef45f0265bd1d05e0393a339b37cb4a	bbs-archives-passed-banner	ReportOnly	cp437-inferred	false
/home/mkrueger/work/bbs/bbsarchives/Doors/Doors_Lord_IGMS/racetrk2.zip![6]:LORD.IGM	71d056256e41d4ff70832abfe8c37d449ef45f0265bd1d05e0393a339b37cb4a	bbs-archives-passed-banner	ReportOnly	cp437-inferred	false
/home/mkrueger/work/bbs/bbsarchives/Doors/Doors_Lord_IGMS/raven_2d22.zip![4]:LORD.IGM	71d056256e41d4ff70832abfe8c37d449ef45f0265bd1d05e0393a339b37cb4a	bbs-archives-passed-banner	ReportOnly	cp437-inferred	false
/home/mkrueger/work/bbs/bbsarchives/Doors/Doors_Lord_IGMS/raven_2d23.zip![4]:LORD.IGM	71d056256e41d4ff70832abfe8c37d449ef45f0265bd1d05e0393a339b37cb4a	bbs-archives-passed-banner	ReportOnly	cp437-inferred	false
/home/mkrueger/work/bbs/bbsarchives/Doors/Doors_Lord_IGMS/rdbank16.zip![8]:LORD.IGM	71d056256e41d4ff70832abfe8c37d449ef45f0265bd1d05e0393a339b37cb4a	bbs-archives-passed-banner	ReportOnly	cp437-inferred	false
/home/mkrueger/work/bbs/bbsarchives/Doors/Doors_Lord_IGMS/rdcas11b.zip![4]:LORD.IGM	71d056256e41d4ff70832abfe8c37d449ef45f0265bd1d05e0393a339b37cb4a	bbs-archives-passed-banner	ReportOnly	cp437-inferred	false
/home/mkrueger/work/bbs/bbsarchives/Doors/Doors_Lord_IGMS/rdcas16.zip![15]:LORD.IGM	71d056256e41d4ff70832abfe8c37d449ef45f0265bd1d05e0393a339b37cb4a	bbs-archives-passed-banner	ReportOnly	cp437-inferred	false
/home/mkrueger/work/bbs/bbsarchives/Doors/Doors_Lord_IGMS/rdcastle.zip![3]:LORD.IGM	71d056256e41d4ff70832abfe8c37d449ef45f0265bd1d05e0393a339b37cb4a	bbs-archives-passed-banner	ReportOnly	cp437-inferred	false
/home/mkrueger/work/bbs/bbsarchives/Doors/Doors_Lord_IGMS/rdhide12.zip![4]:LORD.IGM	71d056256e41d4ff70832abfe8c37d449ef45f0265bd1d05e0393a339b37cb4a	bbs-archives-passed-banner	ReportOnly	cp437-inferred	false
/home/mkrueger/work/bbs/bbsarchives/Doors/Doors_Lord_IGMS/rdsfl099.zip![3]:LORD.IGM	71d056256e41d4ff70832abfe8c37d449ef45f0265bd1d05e0393a339b37cb4a	bbs-archives-passed-banner	ReportOnly	cp437-inferred	false
/home/mkrueger/work/bbs/bbsarchives/Doors/Doors_Lord_IGMS/realm100.zip![7]:LORD.IGM	71d056256e41d4ff70832abfe8c37d449ef45f0265bd1d05e0393a339b37cb4a	bbs-archives-passed-banner	ReportOnly	cp437-inferred	false
/home/mkrueger/work/bbs/bbsarchives/Doors/Doors_Lord_IGMS/reddt01.zip![7]:LORD.IGM	71d056256e41d4ff70832abfe8c37d449ef45f0265bd1d05e0393a339b37cb4a	bbs-archives-passed-banner	ReportOnly	cp437-inferred	false
/home/mkrueger/work/bbs/bbsarchives/Doors/Doors_Lord_IGMS/registry.zip![6]:LORD.IGM	71d056256e41d4ff70832abfe8c37d449ef45f0265bd1d05e0393a339b37cb4a	bbs-archives-passed-banner	ReportOnly	cp437-inferred	false
/home/mkrueger/work/bbs/bbsarchives/Doors/Doors_Lord_IGMS/reporter.zip![3]:LORD.IGM	71d056256e41d4ff70832abfe8c37d449ef45f0265bd1d05e0393a339b37cb4a	bbs-archives-passed-banner	ReportOnly	cp437-inferred	false
/home/mkrueger/work/bbs/bbsarchives/Doors/Doors_Lord_IGMS/reset107.zip![7]:LORD.IGM	71d056256e41d4ff70832abfe8c37d449ef45f0265bd1d05e0393a339b37cb4a	bbs-archives-passed-banner	ReportOnly	cp437-inferred	false
/home/mkrueger/work/bbs/bbsarchives/Doors/Doors_Lord_IGMS/reset12.zip![7]:LORD.IGM	71d056256e41d4ff70832abfe8c37d449ef45f0265bd1d05e0393a339b37cb4a	bbs-archives-passed-banner	ReportOnly	cp437-inferred	false
/home/mkrueger/work/bbs/bbsarchives/Doors/Doors_Lord_IGMS/resort20.zip![6]:LORD.IGM	71d056256e41d4ff70832abfe8c37d449ef45f0265bd1d05e0393a339b37cb4a	bbs-archives-passed-banner	ReportOnly	cp437-inferred	false
/home/mkrueger/work/bbs/bbsarchives/Doors/Doors_Lord_IGMS/rev100.zip![6]:LORD.IGM	71d056256e41d4ff70832abfe8c37d449ef45f0265bd1d05e0393a339b37cb4a	bbs-archives-passed-banner	ReportOnly	cp437-inferred	false
/home/mkrueger/work/bbs/bbsarchives/Doors/Doors_Lord_IGMS/rflct11.zip![6]:LORD.IGM	71d056256e41d4ff70832abfe8c37d449ef45f0265bd1d05e0393a339b37cb4a	bbs-archives-passed-banner	ReportOnly	cp437-inferred	false
/home/mkrueger/work/bbs/bbsarchives/Doors/Doors_Lord_IGMS/rhpsv1.zip![10]:LORD.IGM	71d056256e41d4ff70832abfe8c37d449ef45f0265bd1d05e0393a339b37cb4a	bbs-archives-passed-banner	ReportOnly	cp437-inferred	false
/home/mkrueger/work/bbs/bbsarchives/Doors/Doors_Lord_IGMS/rhpsv2.zip![13]:LORD.IGM	71d056256e41d4ff70832abfe8c37d449ef45f0265bd1d05e0393a339b37cb4a	bbs-archives-passed-banner	ReportOnly	cp437-inferred	false
/home/mkrueger/work/bbs/bbsarchives/Doors/Doors_Lord_IGMS/rivwbv10.zip![3]:LORD.IGM	71d056256e41d4ff70832abfe8c37d449ef45f0265bd1d05e0393a339b37cb4a	bbs-archives-passed-banner	ReportOnly	cp437-inferred	false
/home/mkrueger/work/bbs/bbsarchives/Doors/Doors_Lord_IGMS/rnr13.zip![6]:LORD.IGM	71d056256e41d4ff70832abfe8c37d449ef45f0265bd1d05e0393a339b37cb4a	bbs-archives-passed-banner	ReportOnly	cp437-inferred	false
/home/mkrueger/work/bbs/bbsarchives/Doors/Doors_Lord_IGMS/rnr20.zip![6]:LORD.IGM	71d056256e41d4ff70832abfe8c37d449ef45f0265bd1d05e0393a339b37cb4a	bbs-archives-passed-banner	ReportOnly	cp437-inferred	false
/home/mkrueger/work/bbs/bbsarchives/Doors/Doors_Lord_IGMS/rnrcheat.zip![2]:LORD.IGM	71d056256e41d4ff70832abfe8c37d449ef45f0265bd1d05e0393a339b37cb4a	bbs-archives-passed-banner	ReportOnly	cp437-inferred	false
/home/mkrueger/work/bbs/bbsarchives/Doors/Doors_Lord_IGMS/rol143.zip![8]:LORD.IGM	71d056256e41d4ff70832abfe8c37d449ef45f0265bd1d05e0393a339b37cb4a	bbs-archives-passed-banner	ReportOnly	cp437-inferred	false
/home/mkrueger/work/bbs/bbsarchives/Doors/Doors_Lord_IGMS/rose100.zip![4]:LORD.IGM	71d056256e41d4ff70832abfe8c37d449ef45f0265bd1d05e0393a339b37cb4a	bbs-archives-passed-banner	ReportOnly	cp437-inferred	false
/home/mkrueger/work/bbs/bbsarchives/Doors/Doors_Lord_IGMS/rtscr10.zip![2]:LORD.IGM	71d056256e41d4ff70832abfe8c37d449ef45f0265bd1d05e0393a339b37cb4a	bbs-archives-passed-banner	ReportOnly	cp437-inferred	false
/home/mkrueger/work/bbs/bbsarchives/Doors/Doors_Lord_IGMS/rtwed14.zip![4]:LORD.IGM	71d056256e41d4ff70832abfe8c37d449ef45f0265bd1d05e0393a339b37cb4a	bbs-archives-passed-banner	ReportOnly	cp437-inferred	false
/home/mkrueger/work/bbs/bbsarchives/Doors/Doors_Lord_IGMS/russ10.zip![4]:LORD.IGM	71d056256e41d4ff70832abfe8c37d449ef45f0265bd1d05e0393a339b37cb4a	bbs-archives-passed-banner	ReportOnly	cp437-inferred	false
/home/mkrueger/work/bbs/bbsarchives/Doors/Doors_Lord_IGMS/s_train1.zip![7]:LORD.IGM	71d056256e41d4ff70832abfe8c37d449ef45f0265bd1d05e0393a339b37cb4a	bbs-archives-passed-banner	ReportOnly	cp437-inferred	false
/home/mkrueger/work/bbs/bbsarchives/Doors/Doors_Lord_IGMS/sandcity.zip![5]:LORD.IGM	71d056256e41d4ff70832abfe8c37d449ef45f0265bd1d05e0393a339b37cb4a	bbs-archives-passed-banner	ReportOnly	cp437-inferred	false
/home/mkrueger/work/bbs/bbsarchives/Doors/Doors_Lord_IGMS/sandsrc.zip![3]:LORD.IGM	71d056256e41d4ff70832abfe8c37d449ef45f0265bd1d05e0393a339b37cb4a	bbs-archives-passed-banner	ReportOnly	cp437-inferred	false
/home/mkrueger/work/bbs/bbsarchives/Doors/Doors_Lord_IGMS/santa10.zip![4]:LORD.IGM	71d056256e41d4ff70832abfe8c37d449ef45f0265bd1d05e0393a339b37cb4a	bbs-archives-passed-banner	ReportOnly	cp437-inferred	false
/home/mkrueger/work/bbs/bbsarchives/Doors/Doors_Lord_IGMS/santa12.zip![4]:LORD.IGM	71d056256e41d4ff70832abfe8c37d449ef45f0265bd1d05e0393a339b37cb4a	bbs-archives-passed-banner	ReportOnly	cp437-inferred	false
/home/mkrueger/work/bbs/bbsarchives/Doors/Doors_Lord_IGMS/save10.zip![4]:LORD.IGM	71d056256e41d4ff70832abfe8c37d449ef45f0265bd1d05e0393a339b37cb4a	bbs-archives-passed-banner	ReportOnly	cp437-inferred	false
/home/mkrueger/work/bbs/bbsarchives/Doors/Doors_Lord_IGMS/sbar102.zip![5]:LORD.BBS	71d056256e41d4ff70832abfe8c37d449ef45f0265bd1d05e0393a339b37cb4a	bbs-archives-passed-banner	ReportOnly	cp437-inferred	false
/home/mkrueger/work/bbs/bbsarchives/Doors/Doors_Lord_IGMS/sbl104.zip![4]:LORD.IGM	71d056256e41d4ff70832abfe8c37d449ef45f0265bd1d05e0393a339b37cb4a	bbs-archives-passed-banner	ReportOnly	cp437-inferred	false
/home/mkrueger/work/bbs/bbsarchives/Doors/Doors_Lord_IGMS/sc100.zip![6]:LORD.IGM	71d056256e41d4ff70832abfe8c37d449ef45f0265bd1d05e0393a339b37cb4a	bbs-archives-passed-banner	ReportOnly	cp437-inferred	false
/home/mkrueger/work/bbs/bbsarchives/Doors/Doors_Lord_IGMS/sc201.zip![6]:LORD.IGM	71d056256e41d4ff70832abfe8c37d449ef45f0265bd1d05e0393a339b37cb4a	bbs-archives-passed-banner	ReportOnly	cp437-inferred	false
/home/mkrueger/work/bbs/bbsarchives/Doors/Doors_Lord_IGMS/scarl13.zip![11]:LORD.IGM	71d056256e41d4ff70832abfe8c37d449ef45f0265bd1d05e0393a339b37cb4a	bbs-archives-passed-banner	ReportOnly	cp437-inferred	false
/home/mkrueger/work/bbs/bbsarchives/Doors/Doors_Lord_IGMS/school10.zip![5]:LORD.IGM	71d056256e41d4ff70832abfe8c37d449ef45f0265bd1d05e0393a339b37cb4a	bbs-archives-passed-banner	ReportOnly	cp437-inferred	false
/home/mkrueger/work/bbs/bbsarchives/Doors/Doors_Lord_IGMS/scorp110.zip![12]:LORD.IGM	71d056256e41d4ff70832abfe8c37d449ef45f0265bd1d05e0393a339b37cb4a	bbs-archives-passed-banner	ReportOnly	cp437-inferred	false
/home/mkrueger/work/bbs/bbsarchives/Doors/Doors_Lord_IGMS/sdpass13.zip![7]:LORD.IGM	71d056256e41d4ff70832abfe8c37d449ef45f0265bd1d05e0393a339b37cb4a	bbs-archives-passed-banner	ReportOnly	cp437-inferred	false
/home/mkrueger/work/bbs/bbsarchives/Doors/Doors_Lord_IGMS/seas95a.zip![7]:LORD.IGM	71d056256e41d4ff70832abfe8c37d449ef45f0265bd1d05e0393a339b37cb4a	bbs-archives-passed-banner	ReportOnly	cp437-inferred	false
/home/mkrueger/work/bbs/bbsarchives/Doors/Doors_Lord_IGMS/seas97l2.zip![7]:LORD.IGM	71d056256e41d4ff70832abfe8c37d449ef45f0265bd1d05e0393a339b37cb4a	bbs-archives-passed-banner	ReportOnly	cp437-inferred	false
/home/mkrueger/work/bbs/bbsarchives/Doors/Doors_Lord_IGMS/seas98.zip![6]:LORD.IGM	71d056256e41d4ff70832abfe8c37d449ef45f0265bd1d05e0393a339b37cb4a	bbs-archives-passed-banner	ReportOnly	cp437-inferred	false
/home/mkrueger/work/bbs/bbsarchives/Doors/Doors_Lord_IGMS/seed.zip![2]:LORD.IGM	71d056256e41d4ff70832abfe8c37d449ef45f0265bd1d05e0393a339b37cb4a	bbs-archives-passed-banner	ReportOnly	cp437-inferred	false
/home/mkrueger/work/bbs/bbsarchives/Doors/Doors_Lord_IGMS/seth22.zip![6]:LORD.IGM	71d056256e41d4ff70832abfe8c37d449ef45f0265bd1d05e0393a339b37cb4a	bbs-archives-passed-banner	ReportOnly	cp437-inferred	false
/home/mkrueger/work/bbs/bbsarchives/Doors/Doors_Lord_IGMS/sfairy23.zip![8]:LORD.IGM	71d056256e41d4ff70832abfe8c37d449ef45f0265bd1d05e0393a339b37cb4a	bbs-archives-passed-banner	ReportOnly	cp437-inferred	false
/home/mkrueger/work/bbs/bbsarchives/Doors/Doors_Lord_IGMS/sfairy26.zip![9]:LORD.IGM	71d056256e41d4ff70832abfe8c37d449ef45f0265bd1d05e0393a339b37cb4a	bbs-archives-passed-banner	ReportOnly	cp437-inferred	false
/home/mkrueger/work/bbs/bbsarchives/Doors/Doors_Lord_IGMS/sfarm13.zip![6]:LORD.IGM	71d056256e41d4ff70832abfe8c37d449ef45f0265bd1d05e0393a339b37cb4a	bbs-archives-passed-banner	ReportOnly	cp437-inferred	false
/home/mkrueger/work/bbs/bbsarchives/Doors/Doors_Lord_IGMS/sfort21.zip![7]:LORD.IGM	71d056256e41d4ff70832abfe8c37d449ef45f0265bd1d05e0393a339b37cb4a	bbs-archives-passed-banner	ReportOnly	cp437-inferred	false
/home/mkrueger/work/bbs/bbsarchives/Doors/Doors_Lord_IGMS/sha155.zip![4]:LORD.IGM	71d056256e41d4ff70832abfe8c37d449ef45f0265bd1d05e0393a339b37cb4a	bbs-archives-passed-banner	ReportOnly	cp437-inferred	false
/home/mkrueger/work/bbs/bbsarchives/Doors/Doors_Lord_IGMS/sha200.zip![5]:LORD.IGM	71d056256e41d4ff70832abfe8c37d449ef45f0265bd1d05e0393a339b37cb4a	bbs-archives-passed-banner	ReportOnly	cp437-inferred	false
/home/mkrueger/work/bbs/bbsarchives/Doors/Doors_Lord_IGMS/shang30.zip![6]:LORD.IGM	71d056256e41d4ff70832abfe8c37d449ef45f0265bd1d05e0393a339b37cb4a	bbs-archives-passed-banner	ReportOnly	cp437-inferred	false
/home/mkrueger/work/bbs/bbsarchives/Doors/Doors_Lord_IGMS/shark100.zip![6]:LORD.IGM	71d056256e41d4ff70832abfe8c37d449ef45f0265bd1d05e0393a339b37cb4a	bbs-archives-passed-banner	ReportOnly	cp437-inferred	false
/home/mkrueger/work/bbs/bbsarchives/Doors/Doors_Lord_IGMS/shark121.zip![5]:LORD.IGM	71d056256e41d4ff70832abfe8c37d449ef45f0265bd1d05e0393a339b37cb4a	bbs-archives-passed-banner	ReportOnly	cp437-inferred	false
/home/mkrueger/work/bbs/bbsarchives/Doors/Doors_Lord_IGMS/sharkyv1.zip![9]:LORD.IGM	71d056256e41d4ff70832abfe8c37d449ef45f0265bd1d05e0393a339b37cb4a	bbs-archives-passed-banner	ReportOnly	cp437-inferred	false
/home/mkrueger/work/bbs/bbsarchives/Doors/Doors_Lord_IGMS/ship_a.zip![4]:LORD.IGM	71d056256e41d4ff70832abfe8c37d449ef45f0265bd1d05e0393a339b37cb4a	bbs-archives-passed-banner	ReportOnly	cp437-inferred	false
/home/mkrueger/work/bbs/bbsarchives/Doors/Doors_Lord_IGMS/shipwk10.zip![5]:LORD.IGM	71d056256e41d4ff70832abfe8c37d449ef45f0265bd1d05e0393a339b37cb4a	bbs-archives-passed-banner	ReportOnly	cp437-inferred	false
/home/mkrueger/work/bbs/bbsarchives/Doors/Doors_Lord_IGMS/show19.zip![13]:LORD.IGM	71d056256e41d4ff70832abfe8c37d449ef45f0265bd1d05e0393a339b37cb4a	bbs-archives-passed-banner	ReportOnly	cp437-inferred	false
/home/mkrueger/work/bbs/bbsarchives/Doors/Doors_Lord_IGMS/shrwd10.zip![6]:LORD.IGM	71d056256e41d4ff70832abfe8c37d449ef45f0265bd1d05e0393a339b37cb4a	bbs-archives-passed-banner	ReportOnly	cp437-inferred	false
/home/mkrueger/work/bbs/bbsarchives/Doors/Doors_Lord_IGMS/shrwd12.zip![6]:LORD.IGM	71d056256e41d4ff70832abfe8c37d449ef45f0265bd1d05e0393a339b37cb4a	bbs-archives-passed-banner	ReportOnly	cp437-inferred	false
/home/mkrueger/work/bbs/bbsarchives/Doors/Doors_Lord_IGMS/sinchrch.zip![7]:LORD.IGM	71d056256e41d4ff70832abfe8c37d449ef45f0265bd1d05e0393a339b37cb4a	bbs-archives-passed-banner	ReportOnly	cp437-inferred	false
/home/mkrueger/work/bbs/bbsarchives/Doors/Doors_Lord_IGMS/skc_1s.zip![8]:LORD.IGM	71d056256e41d4ff70832abfe8c37d449ef45f0265bd1d05e0393a339b37cb4a	bbs-archives-passed-banner	ReportOnly	cp437-inferred	false
/home/mkrueger/work/bbs/bbsarchives/Doors/Doors_Lord_IGMS/skigm10.zip![5]:LORD.IGM	71d056256e41d4ff70832abfe8c37d449ef45f0265bd1d05e0393a339b37cb4a	bbs-archives-passed-banner	ReportOnly	cp437-inferred	false
/home/mkrueger/work/bbs/bbsarchives/Doors/Doors_Lord_IGMS/skill103.zip![7]:LORD.IGM	71d056256e41d4ff70832abfe8c37d449ef45f0265bd1d05e0393a339b37cb4a	bbs-archives-passed-banner	ReportOnly	cp437-inferred	false
/home/mkrueger/work/bbs/bbsarchives/Doors/Doors_Lord_IGMS/skill104.zip![7]:LORD.IGM	71d056256e41d4ff70832abfe8c37d449ef45f0265bd1d05e0393a339b37cb4a	bbs-archives-passed-banner	ReportOnly	cp437-inferred	false
/home/mkrueger/work/bbs/bbsarchives/Doors/Doors_Lord_IGMS/skull021.zip![7]:LORD.IGM	71d056256e41d4ff70832abfe8c37d449ef45f0265bd1d05e0393a339b37cb4a	bbs-archives-passed-banner	ReportOnly	cp437-inferred	false
/home/mkrueger/work/bbs/bbsarchives/Doors/Doors_Lord_IGMS/skull022.zip![7]:LORD.IGM	71d056256e41d4ff70832abfe8c37d449ef45f0265bd1d05e0393a339b37cb4a	bbs-archives-passed-banner	ReportOnly	cp437-inferred	false
/home/mkrueger/work/bbs/bbsarchives/Doors/Doors_Lord_IGMS/skystaff.zip![5]:LORD.IGM	71d056256e41d4ff70832abfe8c37d449ef45f0265bd1d05e0393a339b37cb4a	bbs-archives-passed-banner	ReportOnly	cp437-inferred	false
/home/mkrueger/work/bbs/bbsarchives/Doors/Doors_Lord_IGMS/slay201.zip![6]:LORD.IGM	71d056256e41d4ff70832abfe8c37d449ef45f0265bd1d05e0393a339b37cb4a	bbs-archives-passed-banner	ReportOnly	cp437-inferred	false
/home/mkrueger/work/bbs/bbsarchives/Doors/Doors_Lord_IGMS/slotto10.zip![4]:LORD.IGM	71d056256e41d4ff70832abfe8c37d449ef45f0265bd1d05e0393a339b37cb4a	bbs-archives-passed-banner	ReportOnly	cp437-inferred	false
/home/mkrueger/work/bbs/bbsarchives/Doors/Doors_Lord_IGMS/slugh50.zip![24]:LORD.IGM	71d056256e41d4ff70832abfe8c37d449ef45f0265bd1d05e0393a339b37cb4a	bbs-archives-passed-banner	ReportOnly	cp437-inferred	false
/home/mkrueger/work/bbs/bbsarchives/Doors/Doors_Lord_IGMS/slvil17.zip![10]:LORD.IGM	71d056256e41d4ff70832abfe8c37d449ef45f0265bd1d05e0393a339b37cb4a	bbs-archives-passed-banner	ReportOnly	cp437-inferred	false
/home/mkrueger/work/bbs/bbsarchives/Doors/Doors_Lord_IGMS/smplord2.zip![11]:LORD.IGM	71d056256e41d4ff70832abfe8c37d449ef45f0265bd1d05e0393a339b37cb4a	bbs-archives-passed-banner	ReportOnly	cp437-inferred	false
/home/mkrueger/work/bbs/bbsarchives/Doors/Doors_Lord_IGMS/sndbar20.zip![5]:LORD.IGM	71d056256e41d4ff70832abfe8c37d449ef45f0265bd1d05e0393a339b37cb4a	bbs-archives-passed-banner	ReportOnly	cp437-inferred	false
/home/mkrueger/work/bbs/bbsarchives/Doors/Doors_Lord_IGMS/soda12.zip![4]:LORD.IGM	71d056256e41d4ff70832abfe8c37d449ef45f0265bd1d05e0393a339b37cb4a	bbs-archives-passed-banner	ReportOnly	cp437-inferred	false
/home/mkrueger/work/bbs/bbsarchives/Doors/Doors_Lord_IGMS/solace1.zip![6]:LORD.IGM	71d056256e41d4ff70832abfe8c37d449ef45f0265bd1d05e0393a339b37cb4a	bbs-archives-passed-banner	ReportOnly	cp437-inferred	false
/home/mkrueger/work/bbs/bbsarchives/Doors/Doors_Lord_IGMS/somrigm.zip![4]:LORD.IGM	71d056256e41d4ff70832abfe8c37d449ef45f0265bd1d05e0393a339b37cb4a	bbs-archives-passed-banner	ReportOnly	cp437-inferred	false
/home/mkrueger/work/bbs/bbsarchives/Doors/Doors_Lord_IGMS/spelbind.zip![4]:LORD.IGM	71d056256e41d4ff70832abfe8c37d449ef45f0265bd1d05e0393a339b37cb4a	bbs-archives-passed-banner	ReportOnly	cp437-inferred	false
/home/mkrueger/work/bbs/bbsarchives/Doors/Doors_Lord_IGMS/srdcsl20.zip![5]:LORD.IGM	71d056256e41d4ff70832abfe8c37d449ef45f0265bd1d05e0393a339b37cb4a	bbs-archives-passed-banner	ReportOnly	cp437-inferred	false
/home/mkrueger/work/bbs/bbsarchives/Doors/Doors_Lord_IGMS/ss20.zip![4]:LORD.IGM	71d056256e41d4ff70832abfe8c37d449ef45f0265bd1d05e0393a339b37cb4a	bbs-archives-passed-banner	ReportOnly	cp437-inferred	false
/home/mkrueger/work/bbs/bbsarchives/Doors/Doors_Lord_IGMS/stable01.zip![6]:LORD.IGM	71d056256e41d4ff70832abfe8c37d449ef45f0265bd1d05e0393a339b37cb4a	bbs-archives-passed-banner	ReportOnly	cp437-inferred	false
/home/mkrueger/work/bbs/bbsarchives/Doors/Doors_Lord_IGMS/stable15.zip![10]:LORD.IGM	71d056256e41d4ff70832abfe8c37d449ef45f0265bd1d05e0393a339b37cb4a	bbs-archives-passed-banner	ReportOnly	cp437-inferred	false
/home/mkrueger/work/bbs/bbsarchives/Doors/Doors_Lord_IGMS/stbar201.zip![20]:LORD.IGM	71d056256e41d4ff70832abfe8c37d449ef45f0265bd1d05e0393a339b37cb4a	bbs-archives-passed-banner	ReportOnly	cp437-inferred	false
/home/mkrueger/work/bbs/bbsarchives/Doors/Doors_Lord_IGMS/stone_21.zip![7]:LORD.IGM	71d056256e41d4ff70832abfe8c37d449ef45f0265bd1d05e0393a339b37cb4a	bbs-archives-passed-banner	ReportOnly	cp437-inferred	false
/home/mkrueger/work/bbs/bbsarchives/Doors/Doors_Lord_IGMS/stoneb10.zip![3]:LORD.IGM	71d056256e41d4ff70832abfe8c37d449ef45f0265bd1d05e0393a339b37cb4a	bbs-archives-passed-banner	ReportOnly	cp437-inferred	false
/home/mkrueger/work/bbs/bbsarchives/Doors/Doors_Lord_IGMS/stores10.zip![4]:LORD.IGM	71d056256e41d4ff70832abfe8c37d449ef45f0265bd1d05e0393a339b37cb4a	bbs-archives-passed-banner	ReportOnly	cp437-inferred	false
/home/mkrueger/work/bbs/bbsarchives/Doors/Doors_Lord_IGMS/stron133.zip![4]:LORD.IGM	71d056256e41d4ff70832abfe8c37d449ef45f0265bd1d05e0393a339b37cb4a	bbs-archives-passed-banner	ReportOnly	cp437-inferred	false
/home/mkrueger/work/bbs/bbsarchives/Doors/Doors_Lord_IGMS/strong12.zip![5]:LORD.IGM	71d056256e41d4ff70832abfe8c37d449ef45f0265bd1d05e0393a339b37cb4a	bbs-archives-passed-banner	ReportOnly	cp437-inferred	false
/home/mkrueger/work/bbs/bbsarchives/Doors/Doors_Lord_IGMS/strport1.zip![6]:LORD.IGM	71d056256e41d4ff70832abfe8c37d449ef45f0265bd1d05e0393a339b37cb4a	bbs-archives-passed-banner	ReportOnly	cp437-inferred	false
/home/mkrueger/work/bbs/bbsarchives/Doors/Doors_Lord_IGMS/strport2.zip![8]:LORD.IGM	71d056256e41d4ff70832abfe8c37d449ef45f0265bd1d05e0393a339b37cb4a	bbs-archives-passed-banner	ReportOnly	cp437-inferred	false
/home/mkrueger/work/bbs/bbsarchives/Doors/Doors_Lord_IGMS/stuff10.zip![8]:LORD.IGM	71d056256e41d4ff70832abfe8c37d449ef45f0265bd1d05e0393a339b37cb4a	bbs-archives-passed-banner	ReportOnly	cp437-inferred	false
/home/mkrueger/work/bbs/bbsarchives/Doors/Doors_Lord_IGMS/sub17a.zip![6]:LORD.IGM	71d056256e41d4ff70832abfe8c37d449ef45f0265bd1d05e0393a339b37cb4a	bbs-archives-passed-banner	ReportOnly	cp437-inferred	false
/home/mkrueger/work/bbs/bbsarchives/Doors/Doors_Lord_IGMS/sub200.zip![7]:LORD.IGM	71d056256e41d4ff70832abfe8c37d449ef45f0265bd1d05e0393a339b37cb4a	bbs-archives-passed-banner	ReportOnly	cp437-inferred	false
/home/mkrueger/work/bbs/bbsarchives/Doors/Doors_Lord_IGMS/swim050.zip![37]:LORD.IGM	71d056256e41d4ff70832abfe8c37d449ef45f0265bd1d05e0393a339b37cb4a	bbs-archives-passed-banner	ReportOnly	cp437-inferred	false
/home/mkrueger/work/bbs/bbsarchives/Doors/Doors_Lord_IGMS/sword11.zip![4]:LORD.IGM	71d056256e41d4ff70832abfe8c37d449ef45f0265bd1d05e0393a339b37cb4a	bbs-archives-passed-banner	ReportOnly	cp437-inferred	false
/home/mkrueger/work/bbs/bbsarchives/Doors/Doors_Lord_IGMS/sysop_v1.zip![3]:LORD.IGM	71d056256e41d4ff70832abfe8c37d449ef45f0265bd1d05e0393a339b37cb4a	bbs-archives-passed-banner	ReportOnly	cp437-inferred	false
/home/mkrueger/work/bbs/bbsarchives/Doors/Doors_Lord_IGMS/tal10.zip![5]:LORD.IGM	71d056256e41d4ff70832abfe8c37d449ef45f0265bd1d05e0393a339b37cb4a	bbs-archives-passed-banner	ReportOnly	cp437-inferred	false
/home/mkrueger/work/bbs/bbsarchives/Doors/Doors_Lord_IGMS/tal11.zip![6]:LORD.IGM	71d056256e41d4ff70832abfe8c37d449ef45f0265bd1d05e0393a339b37cb4a	bbs-archives-passed-banner	ReportOnly	cp437-inferred	false
/home/mkrueger/work/bbs/bbsarchives/Doors/Doors_Lord_IGMS/talquiz.zip![4]:LORD.IGM	71d056256e41d4ff70832abfe8c37d449ef45f0265bd1d05e0393a339b37cb4a	bbs-archives-passed-banner	ReportOnly	cp437-inferred	false
/home/mkrueger/work/bbs/bbsarchives/Doors/Doors_Lord_IGMS/tbhv101.zip![5]:LORD.IGM	71d056256e41d4ff70832abfe8c37d449ef45f0265bd1d05e0393a339b37cb4a	bbs-archives-passed-banner	ReportOnly	cp437-inferred	false
/home/mkrueger/work/bbs/bbsarchives/Doors/Doors_Lord_IGMS/tcw094.zip![6]:LORD.IGM	71d056256e41d4ff70832abfe8c37d449ef45f0265bd1d05e0393a339b37cb4a	bbs-archives-passed-banner	ReportOnly	cp437-inferred	false
/home/mkrueger/work/bbs/bbsarchives/Doors/Doors_Lord_IGMS/tdragd04.zip![5]:LORD.IGM	71d056256e41d4ff70832abfe8c37d449ef45f0265bd1d05e0393a339b37cb4a	bbs-archives-passed-banner	ReportOnly	cp437-inferred	false
/home/mkrueger/work/bbs/bbsarchives/Doors/Doors_Lord_IGMS/tdun18.zip![10]:LORD.BBS	71d056256e41d4ff70832abfe8c37d449ef45f0265bd1d05e0393a339b37cb4a	bbs-archives-passed-banner	ReportOnly	cp437-inferred	false
/home/mkrueger/work/bbs/bbsarchives/Doors/Doors_Lord_IGMS/teaml130.zip![31]:LORD.IGM	71d056256e41d4ff70832abfe8c37d449ef45f0265bd1d05e0393a339b37cb4a	bbs-archives-passed-banner	ReportOnly	cp437-inferred	false
/home/mkrueger/work/bbs/bbsarchives/Doors/Doors_Lord_IGMS/telev7.zip![6]:LORD.IGM	71d056256e41d4ff70832abfe8c37d449ef45f0265bd1d05e0393a339b37cb4a	bbs-archives-passed-banner	ReportOnly	cp437-inferred	false
/home/mkrueger/work/bbs/bbsarchives/Doors/Doors_Lord_IGMS/telho100.zip![5]:LORD.IGM	71d056256e41d4ff70832abfe8c37d449ef45f0265bd1d05e0393a339b37cb4a	bbs-archives-passed-banner	ReportOnly	cp437-inferred	false
/home/mkrueger/work/bbs/bbsarchives/Doors/Doors_Lord_IGMS/tenchi32.zip![3]:LORD.IGM	71d056256e41d4ff70832abfe8c37d449ef45f0265bd1d05e0393a339b37cb4a	bbs-archives-passed-banner	ReportOnly	cp437-inferred	false
/home/mkrueger/work/bbs/bbsarchives/Doors/Doors_Lord_IGMS/tends10.zip![6]:LORD.IGM	71d056256e41d4ff70832abfe8c37d449ef45f0265bd1d05e0393a339b37cb4a	bbs-archives-passed-banner	ReportOnly	cp437-inferred	false
/home/mkrueger/work/bbs/bbsarchives/Doors/Doors_Lord_IGMS/terror11.zip![6]:LORD.IGM	71d056256e41d4ff70832abfe8c37d449ef45f0265bd1d05e0393a339b37cb4a	bbs-archives-passed-banner	ReportOnly	cp437-inferred	false
/home/mkrueger/work/bbs/bbsarchives/Doors/Doors_Lord_IGMS/terror20.zip![5]:LORD.IGM	71d056256e41d4ff70832abfe8c37d449ef45f0265bd1d05e0393a339b37cb4a	bbs-archives-passed-banner	ReportOnly	cp437-inferred	false
/home/mkrueger/work/bbs/bbsarchives/Doors/Doors_Lord_IGMS/theho101.zip![9]:LORD.IGM	71d056256e41d4ff70832abfe8c37d449ef45f0265bd1d05e0393a339b37cb4a	bbs-archives-passed-banner	ReportOnly	cp437-inferred	false
/home/mkrueger/work/bbs/bbsarchives/Doors/Doors_Lord_IGMS/theif310.zip![7]:LORD.IGM	71d056256e41d4ff70832abfe8c37d449ef45f0265bd1d05e0393a339b37cb4a	bbs-archives-passed-banner	ReportOnly	cp437-inferred	false
/home/mkrueger/work/bbs/bbsarchives/Doors/Doors_Lord_IGMS/thiev11.zip![6]:LORD.IGM	71d056256e41d4ff70832abfe8c37d449ef45f0265bd1d05e0393a339b37cb4a	bbs-archives-passed-banner	ReportOnly	cp437-inferred	false
/home/mkrueger/work/bbs/bbsarchives/Doors/Doors_Lord_IGMS/thomas_2d1.zip![4]:LORD.IGM	71d056256e41d4ff70832abfe8c37d449ef45f0265bd1d05e0393a339b37cb4a	bbs-archives-passed-banner	ReportOnly	cp437-inferred	false
/home/mkrueger/work/bbs/bbsarchives/Doors/Doors_Lord_IGMS/thor200.zip![5]:LORD.IGM	71d056256e41d4ff70832abfe8c37d449ef45f0265bd1d05e0393a339b37cb4a	bbs-archives-passed-banner	ReportOnly	cp437-inferred	false
/home/mkrueger/work/bbs/bbsarchives/Doors/Doors_Lord_IGMS/thouse10.zip![4]:LORD.IGM	71d056256e41d4ff70832abfe8c37d449ef45f0265bd1d05e0393a339b37cb4a	bbs-archives-passed-banner	ReportOnly	cp437-inferred	false
/home/mkrueger/work/bbs/bbsarchives/Doors/Doors_Lord_IGMS/tien400.zip![7]:LORD.IGM	71d056256e41d4ff70832abfe8c37d449ef45f0265bd1d05e0393a339b37cb4a	bbs-archives-passed-banner	ReportOnly	cp437-inferred	false
/home/mkrueger/work/bbs/bbsarchives/Doors/Doors_Lord_IGMS/timelord.zip![5]:LORD.IGM	71d056256e41d4ff70832abfe8c37d449ef45f0265bd1d05e0393a339b37cb4a	bbs-archives-passed-banner	ReportOnly	cp437-inferred	false
/home/mkrueger/work/bbs/bbsarchives/Doors/Doors_Lord_IGMS/tisland.zip![3]:LORD.IGM	71d056256e41d4ff70832abfe8c37d449ef45f0265bd1d05e0393a339b37cb4a	bbs-archives-passed-banner	ReportOnly	cp437-inferred	false
/home/mkrueger/work/bbs/bbsarchives/Doors/Doors_Lord_IGMS/tkd11.zip![5]:LORD.IGM	71d056256e41d4ff70832abfe8c37d449ef45f0265bd1d05e0393a339b37cb4a	bbs-archives-passed-banner	ReportOnly	cp437-inferred	false
/home/mkrueger/work/bbs/bbsarchives/Doors/Doors_Lord_IGMS/tlord18.zip![3]:LORD.IGM	71d056256e41d4ff70832abfe8c37d449ef45f0265bd1d05e0393a339b37cb4a	bbs-archives-passed-banner	ReportOnly	cp437-inferred	false
/home/mkrueger/work/bbs/bbsarchives/Doors/Doors_Lord_IGMS/tlord19.zip![6]:LORD.IGM	71d056256e41d4ff70832abfe8c37d449ef45f0265bd1d05e0393a339b37cb4a	bbs-archives-passed-banner	ReportOnly	cp437-inferred	false
/home/mkrueger/work/bbs/bbsarchives/Doors/Doors_Lord_IGMS/tls103.zip![10]:LORD.IGM	71d056256e41d4ff70832abfe8c37d449ef45f0265bd1d05e0393a339b37cb4a	bbs-archives-passed-banner	ReportOnly	cp437-inferred	false
/home/mkrueger/work/bbs/bbsarchives/Doors/Doors_Lord_IGMS/tm114.zip![4]:LORD.IGM	71d056256e41d4ff70832abfe8c37d449ef45f0265bd1d05e0393a339b37cb4a	bbs-archives-passed-banner	ReportOnly	cp437-inferred	false
/home/mkrueger/work/bbs/bbsarchives/Doors/Doors_Lord_IGMS/tnoch101.zip![8]:LORD.IGM	71d056256e41d4ff70832abfe8c37d449ef45f0265bd1d05e0393a339b37cb4a	bbs-archives-passed-banner	ReportOnly	cp437-inferred	false
/home/mkrueger/work/bbs/bbsarchives/Doors/Doors_Lord_IGMS/tok100.zip![8]:LORD.IGM	71d056256e41d4ff70832abfe8c37d449ef45f0265bd1d05e0393a339b37cb4a	bbs-archives-passed-banner	ReportOnly	cp437-inferred	false
/home/mkrueger/work/bbs/bbsarchives/Doors/Doors_Lord_IGMS/toms15.zip![6]:LORD.IGM	71d056256e41d4ff70832abfe8c37d449ef45f0265bd1d05e0393a339b37cb4a	bbs-archives-passed-banner	ReportOnly	cp437-inferred	false
/home/mkrueger/work/bbs/bbsarchives/Doors/Doors_Lord_IGMS/torin131.zip![5]:LORD.IGM	71d056256e41d4ff70832abfe8c37d449ef45f0265bd1d05e0393a339b37cb4a	bbs-archives-passed-banner	ReportOnly	cp437-inferred	false
/home/mkrueger/work/bbs/bbsarchives/Doors/Doors_Lord_IGMS/tran.zip![6]:LORD.IGM	71d056256e41d4ff70832abfe8c37d449ef45f0265bd1d05e0393a339b37cb4a	bbs-archives-passed-banner	ReportOnly	cp437-inferred	false
/home/mkrueger/work/bbs/bbsarchives/Doors/Doors_Lord_IGMS/trans11c.zip![7]:LORD.IGM	71d056256e41d4ff70832abfe8c37d449ef45f0265bd1d05e0393a339b37cb4a	bbs-archives-passed-banner	ReportOnly	cp437-inferred	false
/home/mkrueger/work/bbs/bbsarchives/Doors/Doors_Lord_IGMS/trivia.zip![7]:LORD.IGM	71d056256e41d4ff70832abfe8c37d449ef45f0265bd1d05e0393a339b37cb4a	bbs-archives-passed-banner	ReportOnly	cp437-inferred	false
/home/mkrueger/work/bbs/bbsarchives/Doors/Doors_Lord_IGMS/tst100.zip![6]:LORD.IGM	71d056256e41d4ff70832abfe8c37d449ef45f0265bd1d05e0393a339b37cb4a	bbs-archives-passed-banner	ReportOnly	cp437-inferred	false
/home/mkrueger/work/bbs/bbsarchives/Doors/Doors_Lord_IGMS/turdun18.zip![10]:LORD.IGM	71d056256e41d4ff70832abfe8c37d449ef45f0265bd1d05e0393a339b37cb4a	bbs-archives-passed-banner	ReportOnly	cp437-inferred	false
/home/mkrueger/work/bbs/bbsarchives/Doors/Doors_Lord_IGMS/turttb10.zip![8]:LORD.IGM	71d056256e41d4ff70832abfe8c37d449ef45f0265bd1d05e0393a339b37cb4a	bbs-archives-passed-banner	ReportOnly	cp437-inferred	false
/home/mkrueger/work/bbs/bbsarchives/Doors/Doors_Lord_IGMS/turttb12.zip![9]:LORD.IGM	71d056256e41d4ff70832abfe8c37d449ef45f0265bd1d05e0393a339b37cb4a	bbs-archives-passed-banner	ReportOnly	cp437-inferred	false
/home/mkrueger/work/bbs/bbsarchives/Doors/Doors_Lord_IGMS/tvill110.zip![19]:LORD.IGM	71d056256e41d4ff70832abfe8c37d449ef45f0265bd1d05e0393a339b37cb4a	bbs-archives-passed-banner	ReportOnly	cp437-inferred	false
/home/mkrueger/work/bbs/bbsarchives/Doors/Doors_Lord_IGMS/tvill111.zip![19]:LORD.IGM	71d056256e41d4ff70832abfe8c37d449ef45f0265bd1d05e0393a339b37cb4a	bbs-archives-passed-banner	ReportOnly	cp437-inferred	false
/home/mkrueger/work/bbs/bbsarchives/Doors/Doors_Lord_IGMS/uga10.zip![6]:LORD.IGM	71d056256e41d4ff70832abfe8c37d449ef45f0265bd1d05e0393a339b37cb4a	bbs-archives-passed-banner	ReportOnly	cp437-inferred	false
/home/mkrueger/work/bbs/bbsarchives/Doors/Doors_Lord_IGMS/under200.zip![7]:LORD.IGM	71d056256e41d4ff70832abfe8c37d449ef45f0265bd1d05e0393a339b37cb4a	bbs-archives-passed-banner	ReportOnly	cp437-inferred	false
/home/mkrueger/work/bbs/bbsarchives/Doors/Doors_Lord_IGMS/underv1.zip![4]:LORD.IGM	71d056256e41d4ff70832abfe8c37d449ef45f0265bd1d05e0393a339b37cb4a	bbs-archives-passed-banner	ReportOnly	cp437-inferred	false
/home/mkrueger/work/bbs/bbsarchives/Doors/Doors_Lord_IGMS/underv12.zip![4]:LORD.IGM	71d056256e41d4ff70832abfe8c37d449ef45f0265bd1d05e0393a339b37cb4a	bbs-archives-passed-banner	ReportOnly	cp437-inferred	false
/home/mkrueger/work/bbs/bbsarchives/Doors/Doors_Lord_IGMS/v0rea130.zip![14]:LORD.IGM	71d056256e41d4ff70832abfe8c37d449ef45f0265bd1d05e0393a339b37cb4a	bbs-archives-passed-banner	ReportOnly	cp437-inferred	false
/home/mkrueger/work/bbs/bbsarchives/Doors/Doors_Lord_IGMS/v1ban130.zip![14]:LORD.IGM	71d056256e41d4ff70832abfe8c37d449ef45f0265bd1d05e0393a339b37cb4a	bbs-archives-passed-banner	ReportOnly	cp437-inferred	false
/home/mkrueger/work/bbs/bbsarchives/Doors/Doors_Lord_IGMS/v2gyp108.zip![23]:LORD.IGM	71d056256e41d4ff70832abfe8c37d449ef45f0265bd1d05e0393a339b37cb4a	bbs-archives-passed-banner	ReportOnly	cp437-inferred	false
/home/mkrueger/work/bbs/bbsarchives/Doors/Doors_Lord_IGMS/v3for103.zip![27]:LORD.IGM	71d056256e41d4ff70832abfe8c37d449ef45f0265bd1d05e0393a339b37cb4a	bbs-archives-passed-banner	ReportOnly	cp437-inferred	false
/home/mkrueger/work/bbs/bbsarchives/Doors/Doors_Lord_IGMS/v4dis100.zip![18]:LORD.IGM	71d056256e41d4ff70832abfe8c37d449ef45f0265bd1d05e0393a339b37cb4a	bbs-archives-passed-banner	ReportOnly	cp437-inferred	false
/home/mkrueger/work/bbs/bbsarchives/Doors/Doors_Lord_IGMS/v5med100.zip![12]:LORD.IGM	71d056256e41d4ff70832abfe8c37d449ef45f0265bd1d05e0393a339b37cb4a	bbs-archives-passed-banner	ReportOnly	cp437-inferred	false
/home/mkrueger/work/bbs/bbsarchives/Doors/Doors_Lord_IGMS/valev141.zip![5]:LORD.IGM	71d056256e41d4ff70832abfe8c37d449ef45f0265bd1d05e0393a339b37cb4a	bbs-archives-passed-banner	ReportOnly	cp437-inferred	false
/home/mkrueger/work/bbs/bbsarchives/Doors/Doors_Lord_IGMS/valev15.zip![5]:LORD.IGM	71d056256e41d4ff70832abfe8c37d449ef45f0265bd1d05e0393a339b37cb4a	bbs-archives-passed-banner	ReportOnly	cp437-inferred	false
/home/mkrueger/work/bbs/bbsarchives/Doors/Doors_Lord_IGMS/vanad110.zip![7]:LORD.IGM	71d056256e41d4ff70832abfe8c37d449ef45f0265bd1d05e0393a339b37cb4a	bbs-archives-passed-banner	ReportOnly	cp437-inferred	false
/home/mkrueger/work/bbs/bbsarchives/Doors/Doors_Lord_IGMS/vdhut20.zip![8]:LORD.IGM	71d056256e41d4ff70832abfe8c37d449ef45f0265bd1d05e0393a339b37cb4a	bbs-archives-passed-banner	ReportOnly	cp437-inferred	false
/home/mkrueger/work/bbs/bbsarchives/Doors/Doors_Lord_IGMS/vdtran.zip![10]:LORD.BBS	71d056256e41d4ff70832abfe8c37d449ef45f0265bd1d05e0393a339b37cb4a	bbs-archives-passed-banner	ReportOnly	cp437-inferred	false
/home/mkrueger/work/bbs/bbsarchives/Doors/Doors_Lord_IGMS/velox20.zip![8]:LORD.IGM	71d056256e41d4ff70832abfe8c37d449ef45f0265bd1d05e0393a339b37cb4a	bbs-archives-passed-banner	ReportOnly	cp437-inferred	false
/home/mkrueger/work/bbs/bbsarchives/Doors/Doors_Lord_IGMS/violet.zip![6]:LORD.IGM	71d056256e41d4ff70832abfe8c37d449ef45f0265bd1d05e0393a339b37cb4a	bbs-archives-passed-banner	ReportOnly	cp437-inferred	false
/home/mkrueger/work/bbs/bbsarchives/Doors/Doors_Lord_IGMS/violet15.zip![6]:LORD.IGM	71d056256e41d4ff70832abfe8c37d449ef45f0265bd1d05e0393a339b37cb4a	bbs-archives-passed-banner	ReportOnly	cp437-inferred	false
/home/mkrueger/work/bbs/bbsarchives/Doors/Doors_Lord_IGMS/violet27.zip![6]:LORD.IGM	71d056256e41d4ff70832abfe8c37d449ef45f0265bd1d05e0393a339b37cb4a	bbs-archives-passed-banner	ReportOnly	cp437-inferred	false
/home/mkrueger/work/bbs/bbsarchives/Doors/Doors_Lord_IGMS/violet52.zip![8]:LORD.IGM	71d056256e41d4ff70832abfe8c37d449ef45f0265bd1d05e0393a339b37cb4a	bbs-archives-passed-banner	ReportOnly	cp437-inferred	false
/home/mkrueger/work/bbs/bbsarchives/Doors/Doors_Lord_IGMS/visn21.zip![6]:LORD.IGM	71d056256e41d4ff70832abfe8c37d449ef45f0265bd1d05e0393a339b37cb4a	bbs-archives-passed-banner	ReportOnly	cp437-inferred	false
/home/mkrueger/work/bbs/bbsarchives/Doors/Doors_Lord_IGMS/vlad41sw.zip![8]:LORD.IGM	71d056256e41d4ff70832abfe8c37d449ef45f0265bd1d05e0393a339b37cb4a	bbs-archives-passed-banner	ReportOnly	cp437-inferred	false
/home/mkrueger/work/bbs/bbsarchives/Doors/Doors_Lord_IGMS/volcan13.zip![6]:LORD.IGM	71d056256e41d4ff70832abfe8c37d449ef45f0265bd1d05e0393a339b37cb4a	bbs-archives-passed-banner	ReportOnly	cp437-inferred	false
/home/mkrueger/work/bbs/bbsarchives/Doors/Doors_Lord_IGMS/votp_2d14.zip![14]:LORD.IGM	71d056256e41d4ff70832abfe8c37d449ef45f0265bd1d05e0393a339b37cb4a	bbs-archives-passed-banner	ReportOnly	cp437-inferred	false
/home/mkrueger/work/bbs/bbsarchives/Doors/Doors_Lord_IGMS/votprip2.zip![39]:DOORS.BBS	71d056256e41d4ff70832abfe8c37d449ef45f0265bd1d05e0393a339b37cb4a	bbs-archives-passed-banner	ReportOnly	cp437-inferred	false
/home/mkrueger/work/bbs/bbsarchives/Doors/Doors_Lord_IGMS/votprip2.zip![40]:LORD.IGM	71d056256e41d4ff70832abfe8c37d449ef45f0265bd1d05e0393a339b37cb4a	bbs-archives-passed-banner	ReportOnly	cp437-inferred	false
/home/mkrueger/work/bbs/bbsarchives/Doors/Doors_Lord_IGMS/voy110.zip![5]:LORD.IGM	71d056256e41d4ff70832abfe8c37d449ef45f0265bd1d05e0393a339b37cb4a	bbs-archives-passed-banner	ReportOnly	cp437-inferred	false
/home/mkrueger/work/bbs/bbsarchives/Doors/Doors_Lord_IGMS/w1_2d200.zip![9]:LORD.IGM	71d056256e41d4ff70832abfe8c37d449ef45f0265bd1d05e0393a339b37cb4a	bbs-archives-passed-banner	ReportOnly	cp437-inferred	false
/home/mkrueger/work/bbs/bbsarchives/Doors/Doors_Lord_IGMS/w_isle19.zip![9]:LORD.BBS	71d056256e41d4ff70832abfe8c37d449ef45f0265bd1d05e0393a339b37cb4a	bbs-archives-passed-banner	ReportOnly	cp437-inferred	false
/home/mkrueger/work/bbs/bbsarchives/Doors/Doors_Lord_IGMS/wally10.zip![5]:LORD.IGM	71d056256e41d4ff70832abfe8c37d449ef45f0265bd1d05e0393a339b37cb4a	bbs-archives-passed-banner	ReportOnly	cp437-inferred	false
/home/mkrueger/work/bbs/bbsarchives/Doors/Doors_Lord_IGMS/wampa100.zip![6]:LORD.IGM	71d056256e41d4ff70832abfe8c37d449ef45f0265bd1d05e0393a339b37cb4a	bbs-archives-passed-banner	ReportOnly	cp437-inferred	false
/home/mkrueger/work/bbs/bbsarchives/Doors/Doors_Lord_IGMS/warp11.zip![6]:LORD.IGM	71d056256e41d4ff70832abfe8c37d449ef45f0265bd1d05e0393a339b37cb4a	bbs-archives-passed-banner	ReportOnly	cp437-inferred	false
/home/mkrueger/work/bbs/bbsarchives/Doors/Doors_Lord_IGMS/warper10.zip![4]:LORD.IGM	71d056256e41d4ff70832abfe8c37d449ef45f0265bd1d05e0393a339b37cb4a	bbs-archives-passed-banner	ReportOnly	cp437-inferred	false
/home/mkrueger/work/bbs/bbsarchives/Doors/Doors_Lord_IGMS/wcxf26.zip![5]:LORD.IGM	71d056256e41d4ff70832abfe8c37d449ef45f0265bd1d05e0393a339b37cb4a	bbs-archives-passed-banner	ReportOnly	cp437-inferred	false
/home/mkrueger/work/bbs/bbsarchives/Doors/Doors_Lord_IGMS/wedchp10.zip![7]:LORD.IGM	71d056256e41d4ff70832abfe8c37d449ef45f0265bd1d05e0393a339b37cb4a	bbs-archives-passed-banner	ReportOnly	cp437-inferred	false
/home/mkrueger/work/bbs/bbsarchives/Doors/Doors_Lord_IGMS/wgra1_0.zip![5]:LORD.IGM	71d056256e41d4ff70832abfe8c37d449ef45f0265bd1d05e0393a339b37cb4a	bbs-archives-passed-banner	ReportOnly	cp437-inferred	false
/home/mkrueger/work/bbs/bbsarchives/Doors/Doors_Lord_IGMS/wguy120.zip![6]:LORD.IGM	71d056256e41d4ff70832abfe8c37d449ef45f0265bd1d05e0393a339b37cb4a	bbs-archives-passed-banner	ReportOnly	cp437-inferred	false
/home/mkrueger/work/bbs/bbsarchives/Doors/Doors_Lord_IGMS/whore20.zip![4]:LORD.IGM	71d056256e41d4ff70832abfe8c37d449ef45f0265bd1d05e0393a339b37cb4a	bbs-archives-passed-banner	ReportOnly	cp437-inferred	false
/home/mkrueger/work/bbs/bbsarchives/Doors/Doors_Lord_IGMS/wilma100.zip![6]:LORD.IGM	71d056256e41d4ff70832abfe8c37d449ef45f0265bd1d05e0393a339b37cb4a	bbs-archives-passed-banner	ReportOnly	cp437-inferred	false
/home/mkrueger/work/bbs/bbsarchives/Doors/Doors_Lord_IGMS/witch27.zip![5]:LORD.IGM	71d056256e41d4ff70832abfe8c37d449ef45f0265bd1d05e0393a339b37cb4a	bbs-archives-passed-banner	ReportOnly	cp437-inferred	false
/home/mkrueger/work/bbs/bbsarchives/Doors/Doors_Lord_IGMS/witnes10.zip![6]:LORD.IGM	71d056256e41d4ff70832abfe8c37d449ef45f0265bd1d05e0393a339b37cb4a	bbs-archives-passed-banner	ReportOnly	cp437-inferred	false
/home/mkrueger/work/bbs/bbsarchives/Doors/Doors_Lord_IGMS/wizard20.zip![6]:LORD.IGM	71d056256e41d4ff70832abfe8c37d449ef45f0265bd1d05e0393a339b37cb4a	bbs-archives-passed-banner	ReportOnly	cp437-inferred	false
/home/mkrueger/work/bbs/bbsarchives/Doors/Doors_Lord_IGMS/wizcas13.zip![9]:LORD.IGM	71d056256e41d4ff70832abfe8c37d449ef45f0265bd1d05e0393a339b37cb4a	bbs-archives-passed-banner	ReportOnly	cp437-inferred	false
/home/mkrueger/work/bbs/bbsarchives/Doors/Doors_Lord_IGMS/wl_2dv04b.zip![5]:LORD.IGM	71d056256e41d4ff70832abfe8c37d449ef45f0265bd1d05e0393a339b37cb4a	bbs-archives-passed-banner	ReportOnly	cp437-inferred	false
/home/mkrueger/work/bbs/bbsarchives/Doors/Doors_Lord_IGMS/wl_2dv10.zip![5]:LORD.IGM	71d056256e41d4ff70832abfe8c37d449ef45f0265bd1d05e0393a339b37cb4a	bbs-archives-passed-banner	ReportOnly	cp437-inferred	false
/home/mkrueger/work/bbs/bbsarchives/Doors/Doors_Lord_IGMS/woodld1a.zip![5]:LORD.IGM	71d056256e41d4ff70832abfe8c37d449ef45f0265bd1d05e0393a339b37cb4a	bbs-archives-passed-banner	ReportOnly	cp437-inferred	false
/home/mkrueger/work/bbs/bbsarchives/Doors/Doors_Lord_IGMS/wow22.zip![5]:LORD.IGM	71d056256e41d4ff70832abfe8c37d449ef45f0265bd1d05e0393a339b37cb4a	bbs-archives-passed-banner	ReportOnly	cp437-inferred	false
/home/mkrueger/work/bbs/bbsarchives/Doors/Doors_Lord_IGMS/wow253b.zip![8]:LORD.IGM	71d056256e41d4ff70832abfe8c37d449ef45f0265bd1d05e0393a339b37cb4a	bbs-archives-passed-banner	ReportOnly	cp437-inferred	false
/home/mkrueger/work/bbs/bbsarchives/Doors/Doors_Lord_IGMS/wtshel11.zip![4]:LORD.IGM	71d056256e41d4ff70832abfe8c37d449ef45f0265bd1d05e0393a339b37cb4a	bbs-archives-passed-banner	ReportOnly	cp437-inferred	false
/home/mkrueger/work/bbs/bbsarchives/Doors/Doors_Lord_IGMS/ww101.zip![5]:LORD.IGM	71d056256e41d4ff70832abfe8c37d449ef45f0265bd1d05e0393a339b37cb4a	bbs-archives-passed-banner	ReportOnly	cp437-inferred	false
/home/mkrueger/work/bbs/bbsarchives/Doors/Doors_Lord_IGMS/ww301.zip![6]:LORD.IGM	71d056256e41d4ff70832abfe8c37d449ef45f0265bd1d05e0393a339b37cb4a	bbs-archives-passed-banner	ReportOnly	cp437-inferred	false
/home/mkrueger/work/bbs/bbsarchives/Doors/Doors_Lord_IGMS/ww_2dlr013.zip![9]:LORD.IGM	71d056256e41d4ff70832abfe8c37d449ef45f0265bd1d05e0393a339b37cb4a	bbs-archives-passed-banner	ReportOnly	cp437-inferred	false
/home/mkrueger/work/bbs/bbsarchives/Doors/Doors_Lord_IGMS/wwell100.zip![2]:LORD.IGM	71d056256e41d4ff70832abfe8c37d449ef45f0265bd1d05e0393a339b37cb4a	bbs-archives-passed-banner	ReportOnly	cp437-inferred	false
/home/mkrueger/work/bbs/bbsarchives/Doors/Doors_Lord_IGMS/wwell12.zip![5]:LORD.IGM	71d056256e41d4ff70832abfe8c37d449ef45f0265bd1d05e0393a339b37cb4a	bbs-archives-passed-banner	ReportOnly	cp437-inferred	false
/home/mkrueger/work/bbs/bbsarchives/Doors/Doors_Lord_IGMS/x_2dbrady.zip![4]:LORD.IGM	71d056256e41d4ff70832abfe8c37d449ef45f0265bd1d05e0393a339b37cb4a	bbs-archives-passed-banner	ReportOnly	cp437-inferred	false
/home/mkrueger/work/bbs/bbsarchives/Doors/Doors_Lord_IGMS/xena200.zip![5]:LORD.BBS	71d056256e41d4ff70832abfe8c37d449ef45f0265bd1d05e0393a339b37cb4a	bbs-archives-passed-banner	ReportOnly	cp437-inferred	false
/home/mkrueger/work/bbs/bbsarchives/Doors/Doors_Lord_IGMS/xenon_2dv1.zip![11]:LORD.IGM	71d056256e41d4ff70832abfe8c37d449ef45f0265bd1d05e0393a339b37cb4a	bbs-archives-passed-banner	ReportOnly	cp437-inferred	false
/home/mkrueger/work/bbs/bbsarchives/Doors/Doors_Lord_IGMS/ymca11.zip![4]:LORD.IGM	71d056256e41d4ff70832abfe8c37d449ef45f0265bd1d05e0393a339b37cb4a	bbs-archives-passed-banner	ReportOnly	cp437-inferred	false
/home/mkrueger/work/bbs/bbsarchives/Doors/Doors_Lord_IGMS/yoda.zip![4]:LORD.IGM	71d056256e41d4ff70832abfe8c37d449ef45f0265bd1d05e0393a339b37cb4a	bbs-archives-passed-banner	ReportOnly	cp437-inferred	false
/home/mkrueger/work/bbs/bbsarchives/Doors/Doors_Lord_IGMS/yqw104f.zip![10]:LORD.IGM	71d056256e41d4ff70832abfe8c37d449ef45f0265bd1d05e0393a339b37cb4a	bbs-archives-passed-banner	ReportOnly	cp437-inferred	false
/home/mkrueger/work/bbs/bbsarchives/Doors/Doors_Lord_Utils/ac15.zip![10]:LORD.IGM	71d056256e41d4ff70832abfe8c37d449ef45f0265bd1d05e0393a339b37cb4a	bbs-archives-passed-banner	ReportOnly	cp437-inferred	false
/home/mkrueger/work/bbs/bbsarchives/Doors/Doors_Lord_Utils/adultmon.zip![5]:LORD.IGM	71d056256e41d4ff70832abfe8c37d449ef45f0265bd1d05e0393a339b37cb4a	bbs-archives-passed-banner	ReportOnly	cp437-inferred	false
/home/mkrueger/work/bbs/bbsarchives/Doors/Doors_Lord_Utils/al353.zip![5]:LORD.IGM	71d056256e41d4ff70832abfe8c37d449ef45f0265bd1d05e0393a339b37cb4a	bbs-archives-passed-banner	ReportOnly	cp437-inferred	false
/home/mkrueger/work/bbs/bbsarchives/Doors/Doors_Lord_Utils/am110.zip![5]:LORD.IGM	71d056256e41d4ff70832abfe8c37d449ef45f0265bd1d05e0393a339b37cb4a	bbs-archives-passed-banner	ReportOnly	cp437-inferred	false
/home/mkrueger/work/bbs/bbsarchives/Doors/Doors_Lord_Utils/anlord10.zip![7]:LORD.IGM	71d056256e41d4ff70832abfe8c37d449ef45f0265bd1d05e0393a339b37cb4a	bbs-archives-passed-banner	ReportOnly	cp437-inferred	false
/home/mkrueger/work/bbs/bbsarchives/Doors/Doors_Lord_Utils/arabld20.zip![12]:LORD.IGM	71d056256e41d4ff70832abfe8c37d449ef45f0265bd1d05e0393a339b37cb4a	bbs-archives-passed-banner	ReportOnly	cp437-inferred	false
/home/mkrueger/work/bbs/bbsarchives/Doors/Doors_Lord_Utils/axereset.zip![4]:LORD.IGM	71d056256e41d4ff70832abfe8c37d449ef45f0265bd1d05e0393a339b37cb4a	bbs-archives-passed-banner	ReportOnly	cp437-inferred	false
/home/mkrueger/work/bbs/bbsarchives/Doors/Doors_Lord_Utils/baldur20.zip![9]:LORD.IGM	71d056256e41d4ff70832abfe8c37d449ef45f0265bd1d05e0393a339b37cb4a	bbs-archives-passed-banner	ReportOnly	cp437-inferred	false
/home/mkrueger/work/bbs/bbsarchives/Doors/Doors_Lord_Utils/barnlord.zip![4]:LORD.IGM	71d056256e41d4ff70832abfe8c37d449ef45f0265bd1d05e0393a339b37cb4a	bbs-archives-passed-banner	ReportOnly	cp437-inferred	false
/home/mkrueger/work/bbs/bbsarchives/Doors/Doors_Lord_Utils/barsrc.zip![22]:LORD.IGM	71d056256e41d4ff70832abfe8c37d449ef45f0265bd1d05e0393a339b37cb4a	bbs-archives-passed-banner	ReportOnly	cp437-inferred	false
/home/mkrueger/work/bbs/bbsarchives/Doors/Doors_Lord_Utils/bin2data.zip![4]:LORD.IGM	71d056256e41d4ff70832abfe8c37d449ef45f0265bd1d05e0393a339b37cb4a	bbs-archives-passed-banner	ReportOnly	cp437-inferred	false
/home/mkrueger/work/bbs/bbsarchives/Doors/Doors_Lord_Utils/blord151.zip![8]:LORD.IGM	71d056256e41d4ff70832abfe8c37d449ef45f0265bd1d05e0393a339b37cb4a	bbs-archives-passed-banner	ReportOnly	cp437-inferred	false
/home/mkrueger/work/bbs/bbsarchives/Doors/Doors_Lord_Utils/caverhp1.zip![7]:LORD.IGM	71d056256e41d4ff70832abfe8c37d449ef45f0265bd1d05e0393a339b37cb4a	bbs-archives-passed-banner	ReportOnly	cp437-inferred	false
/home/mkrueger/work/bbs/bbsarchives/Doors/Doors_Lord_Utils/change_21.zip![17]:LORD.IGM	71d056256e41d4ff70832abfe8c37d449ef45f0265bd1d05e0393a339b37cb4a	bbs-archives-passed-banner	ReportOnly	cp437-inferred	false
/home/mkrueger/work/bbs/bbsarchives/Doors/Doors_Lord_Utils/chat02.zip![7]:LORD.IGM	71d056256e41d4ff70832abfe8c37d449ef45f0265bd1d05e0393a339b37cb4a	bbs-archives-passed-banner	ReportOnly	cp437-inferred	false
/home/mkrueger/work/bbs/bbsarchives/Doors/Doors_Lord_Utils/cltlrd10.zip![8]:LORD.IGM	71d056256e41d4ff70832abfe8c37d449ef45f0265bd1d05e0393a339b37cb4a	bbs-archives-passed-banner	ReportOnly	cp437-inferred	false
/home/mkrueger/work/bbs/bbsarchives/Doors/Doors_Lord_Utils/clu_2denem.zip![4]:LORD.IGM	71d056256e41d4ff70832abfe8c37d449ef45f0265bd1d05e0393a339b37cb4a	bbs-archives-passed-banner	ReportOnly	cp437-inferred	false
/home/mkrueger/work/bbs/bbsarchives/Doors/Doors_Lord_Utils/cmon1.zip![3]:LORD.IGM	71d056256e41d4ff70832abfe8c37d449ef45f0265bd1d05e0393a339b37cb4a	bbs-archives-passed-banner	ReportOnly	cp437-inferred	false
/home/mkrueger/work/bbs/bbsarchives/Doors/Doors_Lord_Utils/cogview.zip![2]:LORD.IGM	71d056256e41d4ff70832abfe8c37d449ef45f0265bd1d05e0393a339b37cb4a	bbs-archives-passed-banner	ReportOnly	cp437-inferred	false
/home/mkrueger/work/bbs/bbsarchives/Doors/Doors_Lord_Utils/colorld.zip![5]:LORD.IGM	71d056256e41d4ff70832abfe8c37d449ef45f0265bd1d05e0393a339b37cb4a	bbs-archives-passed-banner	ReportOnly	cp437-inferred	false
/home/mkrueger/work/bbs/bbsarchives/Doors/Doors_Lord_Utils/cordco15.zip![7]:LORD.IGM	71d056256e41d4ff70832abfe8c37d449ef45f0265bd1d05e0393a339b37cb4a	bbs-archives-passed-banner	ReportOnly	cp437-inferred	false
/home/mkrueger/work/bbs/bbsarchives/Doors/Doors_Lord_Utils/cyber209.zip![18]:LORD.IGM	71d056256e41d4ff70832abfe8c37d449ef45f0265bd1d05e0393a339b37cb4a	bbs-archives-passed-banner	ReportOnly	cp437-inferred	false
/home/mkrueger/work/bbs/bbsarchives/Doors/Doors_Lord_Utils/daemonic.zip![4]:LORD.IGM	71d056256e41d4ff70832abfe8c37d449ef45f0265bd1d05e0393a339b37cb4a	bbs-archives-passed-banner	ReportOnly	cp437-inferred	false
/home/mkrueger/work/bbs/bbsarchives/Doors/Doors_Lord_Utils/death1_2d9.zip![14]:LORD.IGM	71d056256e41d4ff70832abfe8c37d449ef45f0265bd1d05e0393a339b37cb4a	bbs-archives-passed-banner	ReportOnly	cp437-inferred	false
/home/mkrueger/work/bbs/bbsarchives/Doors/Doors_Lord_Utils/death2b3.zip![31]:LORD.IGM	71d056256e41d4ff70832abfe8c37d449ef45f0265bd1d05e0393a339b37cb4a	bbs-archives-passed-banner	ReportOnly	cp437-inferred	false
/home/mkrueger/work/bbs/bbsarchives/Doors/Doors_Lord_Utils/demon01.zip![6]:LORD.IGM	71d056256e41d4ff70832abfe8c37d449ef45f0265bd1d05e0393a339b37cb4a	bbs-archives-passed-banner	ReportOnly	cp437-inferred	false
/home/mkrueger/work/bbs/bbsarchives/Doors/Doors_Lord_Utils/depress.zip![4]:LORD.IGM	71d056256e41d4ff70832abfe8c37d449ef45f0265bd1d05e0393a339b37cb4a	bbs-archives-passed-banner	ReportOnly	cp437-inferred	false
/home/mkrueger/work/bbs/bbsarchives/Doors/Doors_Lord_Utils/deth2b3.zip![31]:LORD.IGM	71d056256e41d4ff70832abfe8c37d449ef45f0265bd1d05e0393a339b37cb4a	bbs-archives-passed-banner	ReportOnly	cp437-inferred	false
/home/mkrueger/work/bbs/bbsarchives/Doors/Doors_Lord_Utils/dethmenu.zip![5]:LORD.IGM	71d056256e41d4ff70832abfe8c37d449ef45f0265bd1d05e0393a339b37cb4a	bbs-archives-passed-banner	ReportOnly	cp437-inferred	false
/home/mkrueger/work/bbs/bbsarchives/Doors/Doors_Lord_Utils/dimensia.zip![4]:LORD.IGM	71d056256e41d4ff70832abfe8c37d449ef45f0265bd1d05e0393a339b37cb4a	bbs-archives-passed-banner	ReportOnly	cp437-inferred	false
/home/mkrueger/work/bbs/bbsarchives/Doors/Doors_Lord_Utils/dklord.zip![8]:LORD.IGM	71d056256e41d4ff70832abfe8c37d449ef45f0265bd1d05e0393a339b37cb4a	bbs-archives-passed-banner	ReportOnly	cp437-inferred	false
/home/mkrueger/work/bbs/bbsarchives/Doors/Doors_Lord_Utils/dle160.zip![9]:LORD.IGM	71d056256e41d4ff70832abfe8c37d449ef45f0265bd1d05e0393a339b37cb4a	bbs-archives-passed-banner	ReportOnly	cp437-inferred	false
/home/mkrueger/work/bbs/bbsarchives/Doors/Doors_Lord_Utils/dllord.zip![3]:LORD.IGM	71d056256e41d4ff70832abfe8c37d449ef45f0265bd1d05e0393a339b37cb4a	bbs-archives-passed-banner	ReportOnly	cp437-inferred	false
/home/mkrueger/work/bbs/bbsarchives/Doors/Doors_Lord_Utils/dllord20.zip![7]:LORD.IGM	71d056256e41d4ff70832abfe8c37d449ef45f0265bd1d05e0393a339b37cb4a	bbs-archives-passed-banner	ReportOnly	cp437-inferred	false
/home/mkrueger/work/bbs/bbsarchives/Doors/Doors_Lord_Utils/dlrealm.zip![4]:LORD.IGM	71d056256e41d4ff70832abfe8c37d449ef45f0265bd1d05e0393a339b37cb4a	bbs-archives-passed-banner	ReportOnly	cp437-inferred	false
/home/mkrueger/work/bbs/bbsarchives/Doors/Doors_Lord_Utils/dm01.zip![4]:LORD.IGM	71d056256e41d4ff70832abfe8c37d449ef45f0265bd1d05e0393a339b37cb4a	bbs-archives-passed-banner	ReportOnly	cp437-inferred	false
/home/mkrueger/work/bbs/bbsarchives/Doors/Doors_Lord_Utils/dmncav.zip![2]:LORD.IGM	71d056256e41d4ff70832abfe8c37d449ef45f0265bd1d05e0393a339b37cb4a	bbs-archives-passed-banner	ReportOnly	cp437-inferred	false
/home/mkrueger/work/bbs/bbsarchives/Doors/Doors_Lord_Utils/doomlord.zip![4]:LORD.IGM	71d056256e41d4ff70832abfe8c37d449ef45f0265bd1d05e0393a339b37cb4a	bbs-archives-passed-banner	ReportOnly	cp437-inferred	false
/home/mkrueger/work/bbs/bbsarchives/Doors/Doors_Lord_Utils/dragansi.zip![15]:LORD.IGM	71d056256e41d4ff70832abfe8c37d449ef45f0265bd1d05e0393a339b37cb4a	bbs-archives-passed-banner	ReportOnly	cp437-inferred	false
/home/mkrueger/work/bbs/bbsarchives/Doors/Doors_Lord_Utils/draghunt.zip![5]:LORD.IGM	71d056256e41d4ff70832abfe8c37d449ef45f0265bd1d05e0393a339b37cb4a	bbs-archives-passed-banner	ReportOnly	cp437-inferred	false
/home/mkrueger/work/bbs/bbsarchives/Doors/Doors_Lord_Utils/dsprhpv2.zip![4]:LORD.IGM	71d056256e41d4ff70832abfe8c37d449ef45f0265bd1d05e0393a339b37cb4a	bbs-archives-passed-banner	ReportOnly	cp437-inferred	false
/home/mkrueger/work/bbs/bbsarchives/Doors/Doors_Lord_Utils/dsrtlord.zip![4]:LORD.IGM	71d056256e41d4ff70832abfe8c37d449ef45f0265bd1d05e0393a339b37cb4a	bbs-archives-passed-banner	ReportOnly	cp437-inferred	false
/home/mkrueger/work/bbs/bbsarchives/Doors/Doors_Lord_Utils/egyptlrd.zip![5]:LORD.IGM	71d056256e41d4ff70832abfe8c37d449ef45f0265bd1d05e0393a339b37cb4a	bbs-archives-passed-banner	ReportOnly	cp437-inferred	false
/home/mkrueger/work/bbs/bbsarchives/Doors/Doors_Lord_Utils/erthlord.zip![6]:LORD.IGM	71d056256e41d4ff70832abfe8c37d449ef45f0265bd1d05e0393a339b37cb4a	bbs-archives-passed-banner	ReportOnly	cp437-inferred	false
/home/mkrueger/work/bbs/bbsarchives/Doors/Doors_Lord_Utils/evenlord.zip![5]:LORD.IGM	71d056256e41d4ff70832abfe8c37d449ef45f0265bd1d05e0393a339b37cb4a	bbs-archives-passed-banner	ReportOnly	cp437-inferred	false
/home/mkrueger/work/bbs/bbsarchives/Doors/Doors_Lord_Utils/event16.zip![8]:LORD.IGM	71d056256e41d4ff70832abfe8c37d449ef45f0265bd1d05e0393a339b37cb4a	bbs-archives-passed-banner	ReportOnly	cp437-inferred	false
/home/mkrueger/work/bbs/bbsarchives/Doors/Doors_Lord_Utils/exptlord.zip![4]:LORD.IGM	71d056256e41d4ff70832abfe8c37d449ef45f0265bd1d05e0393a339b37cb4a	bbs-archives-passed-banner	ReportOnly	cp437-inferred	false
/home/mkrueger/work/bbs/bbsarchives/Doors/Doors_Lord_Utils/extrlord.zip![13]:LORD.IGM	71d056256e41d4ff70832abfe8c37d449ef45f0265bd1d05e0393a339b37cb4a	bbs-archives-passed-banner	ReportOnly	cp437-inferred	false
/home/mkrueger/work/bbs/bbsarchives/Doors/Doors_Lord_Utils/falltxt.zip![5]:LORD.IGM	71d056256e41d4ff70832abfe8c37d449ef45f0265bd1d05e0393a339b37cb4a	bbs-archives-passed-banner	ReportOnly	cp437-inferred	false
/home/mkrueger/work/bbs/bbsarchives/Doors/Doors_Lord_Utils/ffearv25.zip![6]:LORD.IGM	71d056256e41d4ff70832abfe8c37d449ef45f0265bd1d05e0393a339b37cb4a	bbs-archives-passed-banner	ReportOnly	cp437-inferred	false
/home/mkrueger/work/bbs/bbsarchives/Doors/Doors_Lord_Utils/fixed.zip![4]:LORD.IGM	71d056256e41d4ff70832abfe8c37d449ef45f0265bd1d05e0393a339b37cb4a	bbs-archives-passed-banner	ReportOnly	cp437-inferred	false
/home/mkrueger/work/bbs/bbsarchives/Doors/Doors_Lord_Utils/galaexy.zip![3]:LORD.IGM	71d056256e41d4ff70832abfe8c37d449ef45f0265bd1d05e0393a339b37cb4a	bbs-archives-passed-banner	ReportOnly	cp437-inferred	false
/home/mkrueger/work/bbs/bbsarchives/Doors/Doors_Lord_Utils/garlord.zip![6]:LORD.IGM	71d056256e41d4ff70832abfe8c37d449ef45f0265bd1d05e0393a339b37cb4a	bbs-archives-passed-banner	ReportOnly	cp437-inferred	false
/home/mkrueger/work/bbs/bbsarchives/Doors/Doors_Lord_Utils/getput11.zip![15]:LORD.IGM	71d056256e41d4ff70832abfe8c37d449ef45f0265bd1d05e0393a339b37cb4a	bbs-archives-passed-banner	ReportOnly	cp437-inferred	false
/home/mkrueger/work/bbs/bbsarchives/Doors/Doors_Lord_Utils/ghostlrd.zip![4]:LORD.IGM	71d056256e41d4ff70832abfe8c37d449ef45f0265bd1d05e0393a339b37cb4a	bbs-archives-passed-banner	ReportOnly	cp437-inferred	false
/home/mkrueger/work/bbs/bbsarchives/Doors/Doors_Lord_Utils/gpww1_2.zip![16]:LORD.IGM	71d056256e41d4ff70832abfe8c37d449ef45f0265bd1d05e0393a339b37cb4a	bbs-archives-passed-banner	ReportOnly	cp437-inferred	false
/home/mkrueger/work/bbs/bbsarchives/Doors/Doors_Lord_Utils/guy.zip![4]:LORD.IGM	71d056256e41d4ff70832abfe8c37d449ef45f0265bd1d05e0393a339b37cb4a	bbs-archives-passed-banner	ReportOnly	cp437-inferred	false
/home/mkrueger/work/bbs/bbsarchives/Doors/Doors_Lord_Utils/hellfire.zip![3]:LORD.IGM	71d056256e41d4ff70832abfe8c37d449ef45f0265bd1d05e0393a339b37cb4a	bbs-archives-passed-banner	ReportOnly	cp437-inferred	false
/home/mkrueger/work/bbs/bbsarchives/Doors/Doors_Lord_Utils/hgsv111.zip![14]:LORD.IGM	71d056256e41d4ff70832abfe8c37d449ef45f0265bd1d05e0393a339b37cb4a	bbs-archives-passed-banner	ReportOnly	cp437-inferred	false
/home/mkrueger/work/bbs/bbsarchives/Doors/Doors_Lord_Utils/hilbilld.zip![12]:LORD.IGM	71d056256e41d4ff70832abfe8c37d449ef45f0265bd1d05e0393a339b37cb4a	bbs-archives-passed-banner	ReportOnly	cp437-inferred	false
/home/mkrueger/work/bbs/bbsarchives/Doors/Doors_Lord_Utils/hiscore.zip![3]:LORD.IGM	71d056256e41d4ff70832abfe8c37d449ef45f0265bd1d05e0393a339b37cb4a	bbs-archives-passed-banner	ReportOnly	cp437-inferred	false
/home/mkrueger/work/bbs/bbsarchives/Doors/Doors_Lord_Utils/igm_2dx202.zip![7]:LORD.IGM	71d056256e41d4ff70832abfe8c37d449ef45f0265bd1d05e0393a339b37cb4a	bbs-archives-passed-banner	ReportOnly	cp437-inferred	false
/home/mkrueger/work/bbs/bbsarchives/Doors/Doors_Lord_Utils/igmchet8.zip![5]:LORD.BBS	71d056256e41d4ff70832abfe8c37d449ef45f0265bd1d05e0393a339b37cb4a	bbs-archives-passed-banner	ReportOnly	cp437-inferred	false
/home/mkrueger/work/bbs/bbsarchives/Doors/Doors_Lord_Utils/igmcht10.zip![2]:LORD.IGM	71d056256e41d4ff70832abfe8c37d449ef45f0265bd1d05e0393a339b37cb4a	bbs-archives-passed-banner	ReportOnly	cp437-inferred	false
/home/mkrueger/work/bbs/bbsarchives/Doors/Doors_Lord_Utils/igmcht5a.zip![3]:LORD.IGM	71d056256e41d4ff70832abfe8c37d449ef45f0265bd1d05e0393a339b37cb4a	bbs-archives-passed-banner	ReportOnly	cp437-inferred	false
/home/mkrueger/work/bbs/bbsarchives/Doors/Doors_Lord_Utils/igmdrive.zip![16]:LORD.IGM	71d056256e41d4ff70832abfe8c37d449ef45f0265bd1d05e0393a339b37cb4a	bbs-archives-passed-banner	ReportOnly	cp437-inferred	false
/home/mkrueger/work/bbs/bbsarchives/Doors/Doors_Lord_Utils/igmdv308.zip![12]:LORD.IGM	71d056256e41d4ff70832abfe8c37d449ef45f0265bd1d05e0393a339b37cb4a	bbs-archives-passed-banner	ReportOnly	cp437-inferred	false
/home/mkrueger/work/bbs/bbsarchives/Doors/Doors_Lord_Utils/igme101.zip![4]:LORD.IGM	71d056256e41d4ff70832abfe8c37d449ef45f0265bd1d05e0393a339b37cb4a	bbs-archives-passed-banner	ReportOnly	cp437-inferred	false
/home/mkrueger/work/bbs/bbsarchives/Doors/Doors_Lord_Utils/igmh1053.zip![8]:LORD.IGM	71d056256e41d4ff70832abfe8c37d449ef45f0265bd1d05e0393a339b37cb4a	bbs-archives-passed-banner	ReportOnly	cp437-inferred	false
/home/mkrueger/work/bbs/bbsarchives/Doors/Doors_Lord_Utils/igmlg101.zip![4]:LORD.IGM	71d056256e41d4ff70832abfe8c37d449ef45f0265bd1d05e0393a339b37cb4a	bbs-archives-passed-banner	ReportOnly	cp437-inferred	false
/home/mkrueger/work/bbs/bbsarchives/Doors/Doors_Lord_Utils/igmpackc.zip![7]:LORD.IGM	71d056256e41d4ff70832abfe8c37d449ef45f0265bd1d05e0393a339b37cb4a	bbs-archives-passed-banner	ReportOnly	cp437-inferred	false
/home/mkrueger/work/bbs/bbsarchives/Doors/Doors_Lord_Utils/igms049b.zip![3]:LORD.IGM	71d056256e41d4ff70832abfe8c37d449ef45f0265bd1d05e0393a339b37cb4a	bbs-archives-passed-banner	ReportOnly	cp437-inferred	false
/home/mkrueger/work/bbs/bbsarchives/Doors/Doors_Lord_Utils/igms069_.zip![3]:LORD.IGM	71d056256e41d4ff70832abfe8c37d449ef45f0265bd1d05e0393a339b37cb4a	bbs-archives-passed-banner	ReportOnly	cp437-inferred	false
/home/mkrueger/work/bbs/bbsarchives/Doors/Doors_Lord_Utils/igms12.zip![5]:LORD.IGM	71d056256e41d4ff70832abfe8c37d449ef45f0265bd1d05e0393a339b37cb4a	bbs-archives-passed-banner	ReportOnly	cp437-inferred	false
/home/mkrueger/work/bbs/bbsarchives/Doors/Doors_Lord_Utils/igmswit.zip![4]:LORD.IGM	71d056256e41d4ff70832abfe8c37d449ef45f0265bd1d05e0393a339b37cb4a	bbs-archives-passed-banner	ReportOnly	cp437-inferred	false
/home/mkrueger/work/bbs/bbsarchives/Doors/Doors_Lord_Utils/igmtips.zip![5]:LORD.IGM	71d056256e41d4ff70832abfe8c37d449ef45f0265bd1d05e0393a339b37cb4a	bbs-archives-passed-banner	ReportOnly	cp437-inferred	false
/home/mkrueger/work/bbs/bbsarchives/Doors/Doors_Lord_Utils/igmunit.zip![8]:LORD.IGM	71d056256e41d4ff70832abfe8c37d449ef45f0265bd1d05e0393a339b37cb4a	bbs-archives-passed-banner	ReportOnly	cp437-inferred	false
/home/mkrueger/work/bbs/bbsarchives/Doors/Doors_Lord_Utils/igmx3073.zip![8]:LORD.IGM	71d056256e41d4ff70832abfe8c37d449ef45f0265bd1d05e0393a339b37cb4a	bbs-archives-passed-banner	ReportOnly	cp437-inferred	false
/home/mkrueger/work/bbs/bbsarchives/Doors/Doors_Lord_Utils/igmxt100.zip![11]:LORD.IGM	71d056256e41d4ff70832abfe8c37d449ef45f0265bd1d05e0393a339b37cb4a	bbs-archives-passed-banner	ReportOnly	cp437-inferred	false
/home/mkrueger/work/bbs/bbsarchives/Doors/Doors_Lord_Utils/igmxt101.zip![11]:LORD.IGM	71d056256e41d4ff70832abfe8c37d449ef45f0265bd1d05e0393a339b37cb4a	bbs-archives-passed-banner	ReportOnly	cp437-inferred	false
/home/mkrueger/work/bbs/bbsarchives/Doors/Doors_Lord_Utils/igrd100.zip![5]:LORD.IGM	71d056256e41d4ff70832abfe8c37d449ef45f0265bd1d05e0393a339b37cb4a	bbs-archives-passed-banner	ReportOnly	cp437-inferred	false
/home/mkrueger/work/bbs/bbsarchives/Doors/Doors_Lord_Utils/ilord150.zip![18]:LORD.IGM	71d056256e41d4ff70832abfe8c37d449ef45f0265bd1d05e0393a339b37cb4a	bbs-archives-passed-banner	ReportOnly	cp437-inferred	false
/home/mkrueger/work/bbs/bbsarchives/Doors/Doors_Lord_Utils/ilroute1.zip![3]:LORD.IGM	71d056256e41d4ff70832abfe8c37d449ef45f0265bd1d05e0393a339b37cb4a	bbs-archives-passed-banner	ReportOnly	cp437-inferred	false
/home/mkrueger/work/bbs/bbsarchives/Doors/Doors_Lord_Utils/inntoss.zip![4]:LORD.IGM	71d056256e41d4ff70832abfe8c37d449ef45f0265bd1d05e0393a339b37cb4a	bbs-archives-passed-banner	ReportOnly	cp437-inferred	false
/home/mkrueger/work/bbs/bbsarchives/Doors/Doors_Lord_Utils/jaxlord.zip![3]:LORD.IGM	71d056256e41d4ff70832abfe8c37d449ef45f0265bd1d05e0393a339b37cb4a	bbs-archives-passed-banner	ReportOnly	cp437-inferred	false
/home/mkrueger/work/bbs/bbsarchives/Doors/Doors_Lord_Utils/jen02.zip![5]:LORD.IGM	71d056256e41d4ff70832abfe8c37d449ef45f0265bd1d05e0393a339b37cb4a	bbs-archives-passed-banner	ReportOnly	cp437-inferred	false
/home/mkrueger/work/bbs/bbsarchives/Doors/Doors_Lord_Utils/kalv6_1.zip![10]:LORD.IGM	71d056256e41d4ff70832abfe8c37d449ef45f0265bd1d05e0393a339b37cb4a	bbs-archives-passed-banner	ReportOnly	cp437-inferred	false
/home/mkrueger/work/bbs/bbsarchives/Doors/Doors_Lord_Utils/kicker10.zip![3]:LORD.IGM	71d056256e41d4ff70832abfe8c37d449ef45f0265bd1d05e0393a339b37cb4a	bbs-archives-passed-banner	ReportOnly	cp437-inferred	false
/home/mkrueger/work/bbs/bbsarchives/Doors/Doors_Lord_Utils/kittext.zip![9]:LORD.IGM	71d056256e41d4ff70832abfe8c37d449ef45f0265bd1d05e0393a339b37cb4a	bbs-archives-passed-banner	ReportOnly	cp437-inferred	false
/home/mkrueger/work/bbs/bbsarchives/Doors/Doors_Lord_Utils/l2bugfix.zip![5]:LORD.IGM	71d056256e41d4ff70832abfe8c37d449ef45f0265bd1d05e0393a339b37cb4a	bbs-archives-passed-banner	ReportOnly	cp437-inferred	false
/home/mkrueger/work/bbs/bbsarchives/Doors/Doors_Lord_Utils/l2bugfx2.zip![5]:LORD.IGM	71d056256e41d4ff70832abfe8c37d449ef45f0265bd1d05e0393a339b37cb4a	bbs-archives-passed-banner	ReportOnly	cp437-inferred	false
/home/mkrueger/work/bbs/bbsarchives/Doors/Doors_Lord_Utils/l2bull11.zip![4]:LORD.IGM	71d056256e41d4ff70832abfe8c37d449ef45f0265bd1d05e0393a339b37cb4a	bbs-archives-passed-banner	ReportOnly	cp437-inferred	false
/home/mkrueger/work/bbs/bbsarchives/Doors/Doors_Lord_Utils/l2help1a.zip![8]:LORD.BBS	71d056256e41d4ff70832abfe8c37d449ef45f0265bd1d05e0393a339b37cb4a	bbs-archives-passed-banner	ReportOnly	cp437-inferred	false
/home/mkrueger/work/bbs/bbsarchives/Doors/Doors_Lord_Utils/l2map10b.zip![3]:LORD.IGM	71d056256e41d4ff70832abfe8c37d449ef45f0265bd1d05e0393a339b37cb4a	bbs-archives-passed-banner	ReportOnly	cp437-inferred	false
/home/mkrueger/work/bbs/bbsarchives/Doors/Doors_Lord_Utils/l2pond.zip![2]:LORD.IGM	71d056256e41d4ff70832abfe8c37d449ef45f0265bd1d05e0393a339b37cb4a	bbs-archives-passed-banner	ReportOnly	cp437-inferred	false
/home/mkrueger/work/bbs/bbsarchives/Doors/Doors_Lord_Utils/l2stuf3.zip![9]:LORD.IGM	71d056256e41d4ff70832abfe8c37d449ef45f0265bd1d05e0393a339b37cb4a	bbs-archives-passed-banner	ReportOnly	cp437-inferred	false
/home/mkrueger/work/bbs/bbsarchives/Doors/Doors_Lord_Utils/l2stuf4.zip![18]:LORD.IGM	71d056256e41d4ff70832abfe8c37d449ef45f0265bd1d05e0393a339b37cb4a	bbs-archives-passed-banner	ReportOnly	cp437-inferred	false
/home/mkrueger/work/bbs/bbsarchives/Doors/Doors_Lord_Utils/l2stuf5a.zip![26]:LORD.IGM	71d056256e41d4ff70832abfe8c37d449ef45f0265bd1d05e0393a339b37cb4a	bbs-archives-passed-banner	ReportOnly	cp437-inferred	false
/home/mkrueger/work/bbs/bbsarchives/Doors/Doors_Lord_Utils/l2stuff6.zip![28]:LORD.IGM	71d056256e41d4ff70832abfe8c37d449ef45f0265bd1d05e0393a339b37cb4a	bbs-archives-passed-banner	ReportOnly	cp437-inferred	false
/home/mkrueger/work/bbs/bbsarchives/Doors/Doors_Lord_Utils/lcheat06.zip![5]:LORD.IGM	71d056256e41d4ff70832abfe8c37d449ef45f0265bd1d05e0393a339b37cb4a	bbs-archives-passed-banner	ReportOnly	cp437-inferred	false
/home/mkrueger/work/bbs/bbsarchives/Doors/Doors_Lord_Utils/ldchet10.zip![23]:LORD.IGM	71d056256e41d4ff70832abfe8c37d449ef45f0265bd1d05e0393a339b37cb4a	bbs-archives-passed-banner	ReportOnly	cp437-inferred	false
/home/mkrueger/work/bbs/bbsarchives/Doors/Doors_Lord_Utils/ldcolors.zip![4]:LORD.IGM	71d056256e41d4ff70832abfe8c37d449ef45f0265bd1d05e0393a339b37cb4a	bbs-archives-passed-banner	ReportOnly	cp437-inferred	false
/home/mkrueger/work/bbs/bbsarchives/Doors/Doors_Lord_Utils/ldenmy1.zip![3]:LORD.IGM	71d056256e41d4ff70832abfe8c37d449ef45f0265bd1d05e0393a339b37cb4a	bbs-archives-passed-banner	ReportOnly	cp437-inferred	false
/home/mkrueger/work/bbs/bbsarchives/Doors/Doors_Lord_Utils/ldesert.zip![2]:LORD.IGM	71d056256e41d4ff70832abfe8c37d449ef45f0265bd1d05e0393a339b37cb4a	bbs-archives-passed-banner	ReportOnly	cp437-inferred	false
/home/mkrueger/work/bbs/bbsarchives/Doors/Doors_Lord_Utils/ldrand15.zip![5]:LORD.IGM	71d056256e41d4ff70832abfe8c37d449ef45f0265bd1d05e0393a339b37cb4a	bbs-archives-passed-banner	ReportOnly	cp437-inferred	false
/home/mkrueger/work/bbs/bbsarchives/Doors/Doors_Lord_Utils/ldrrated.zip![4]:LORD.IGM	71d056256e41d4ff70832abfe8c37d449ef45f0265bd1d05e0393a339b37cb4a	bbs-archives-passed-banner	ReportOnly	cp437-inferred	false
/home/mkrueger/work/bbs/bbsarchives/Doors/Doors_Lord_Utils/lds160a.zip![12]:LORD.IGM	71d056256e41d4ff70832abfe8c37d449ef45f0265bd1d05e0393a339b37cb4a	bbs-archives-passed-banner	ReportOnly	cp437-inferred	false
/home/mkrueger/work/bbs/bbsarchives/Doors/Doors_Lord_Utils/ldterror.zip![4]:LORD.IGM	71d056256e41d4ff70832abfe8c37d449ef45f0265bd1d05e0393a339b37cb4a	bbs-archives-passed-banner	ReportOnly	cp437-inferred	false
/home/mkrueger/work/bbs/bbsarchives/Doors/Doors_Lord_Utils/ldxrated.zip![5]:LORD.IGM	71d056256e41d4ff70832abfe8c37d449ef45f0265bd1d05e0393a339b37cb4a	bbs-archives-passed-banner	ReportOnly	cp437-inferred	false
/home/mkrueger/work/bbs/bbsarchives/Doors/Doors_Lord_Utils/ldxxx.zip![4]:LORD.IGM	71d056256e41d4ff70832abfe8c37d449ef45f0265bd1d05e0393a339b37cb4a	bbs-archives-passed-banner	ReportOnly	cp437-inferred	false
/home/mkrueger/work/bbs/bbsarchives/Doors/Doors_Lord_Utils/led02a.zip![5]:LORD.IGM	71d056256e41d4ff70832abfe8c37d449ef45f0265bd1d05e0393a339b37cb4a	bbs-archives-passed-banner	ReportOnly	cp437-inferred	false
/home/mkrueger/work/bbs/bbsarchives/Doors/Doors_Lord_Utils/ledlord.zip![12]:LORD.IGM	71d056256e41d4ff70832abfe8c37d449ef45f0265bd1d05e0393a339b37cb4a	bbs-archives-passed-banner	ReportOnly	cp437-inferred	false
/home/mkrueger/work/bbs/bbsarchives/Doors/Doors_Lord_Utils/legend1.zip![5]:LORD.IGM	71d056256e41d4ff70832abfe8c37d449ef45f0265bd1d05e0393a339b37cb4a	bbs-archives-passed-banner	ReportOnly	cp437-inferred	false
/home/mkrueger/work/bbs/bbsarchives/Doors/Doors_Lord_Utils/legends.zip![4]:LORD.IGM	71d056256e41d4ff70832abfe8c37d449ef45f0265bd1d05e0393a339b37cb4a	bbs-archives-passed-banner	ReportOnly	cp437-inferred	false
/home/mkrueger/work/bbs/bbsarchives/Doors/Doors_Lord_Utils/lgdspy.zip![5]:LORD.IGM	71d056256e41d4ff70832abfe8c37d449ef45f0265bd1d05e0393a339b37cb4a	bbs-archives-passed-banner	ReportOnly	cp437-inferred	false
/home/mkrueger/work/bbs/bbsarchives/Doors/Doors_Lord_Utils/lhview22.zip![47]:LORD.IGM	71d056256e41d4ff70832abfe8c37d449ef45f0265bd1d05e0393a339b37cb4a	bbs-archives-passed-banner	ReportOnly	cp437-inferred	false
/home/mkrueger/work/bbs/bbsarchives/Doors/Doors_Lord_Utils/lichlord.zip![11]:LORD.IGM	71d056256e41d4ff70832abfe8c37d449ef45f0265bd1d05e0393a339b37cb4a	bbs-archives-passed-banner	ReportOnly	cp437-inferred	false
/home/mkrueger/work/bbs/bbsarchives/Doors/Doors_Lord_Utils/lmedit10.zip![3]:LORD.IGM	71d056256e41d4ff70832abfe8c37d449ef45f0265bd1d05e0393a339b37cb4a	bbs-archives-passed-banner	ReportOnly	cp437-inferred	false
/home/mkrueger/work/bbs/bbsarchives/Doors/Doors_Lord_Utils/lmenu121.zip![3]:LORD.IGM	71d056256e41d4ff70832abfe8c37d449ef45f0265bd1d05e0393a339b37cb4a	bbs-archives-passed-banner	ReportOnly	cp437-inferred	false
/home/mkrueger/work/bbs/bbsarchives/Doors/Doors_Lord_Utils/lnc30.zip![15]:LORD.IGM	71d056256e41d4ff70832abfe8c37d449ef45f0265bd1d05e0393a339b37cb4a	bbs-archives-passed-banner	ReportOnly	cp437-inferred	false
/home/mkrueger/work/bbs/bbsarchives/Doors/Doors_Lord_Utils/lnetfx.zip![6]:LORD.IGM	71d056256e41d4ff70832abfe8c37d449ef45f0265bd1d05e0393a339b37cb4a	bbs-archives-passed-banner	ReportOnly	cp437-inferred	false
/home/mkrueger/work/bbs/bbsarchives/Doors/Doors_Lord_Utils/lnews02.zip![13]:LORD.IGM	71d056256e41d4ff70832abfe8c37d449ef45f0265bd1d05e0393a339b37cb4a	bbs-archives-passed-banner	ReportOnly	cp437-inferred	false
/home/mkrueger/work/bbs/bbsarchives/Doors/Doors_Lord_Utils/loms.zip![3]:LORD.IGM	71d056256e41d4ff70832abfe8c37d449ef45f0265bd1d05e0393a339b37cb4a	bbs-archives-passed-banner	ReportOnly	cp437-inferred	false
/home/mkrueger/work/bbs/bbsarchives/Doors/Doors_Lord_Utils/looker11.zip![3]:LORD.IGM	71d056256e41d4ff70832abfe8c37d449ef45f0265bd1d05e0393a339b37cb4a	bbs-archives-passed-banner	ReportOnly	cp437-inferred	false
/home/mkrueger/work/bbs/bbsarchives/Doors/Doors_Lord_Utils/looks01.zip![4]:LORD.IGM	71d056256e41d4ff70832abfe8c37d449ef45f0265bd1d05e0393a339b37cb4a	bbs-archives-passed-banner	ReportOnly	cp437-inferred	false
/home/mkrueger/work/bbs/bbsarchives/Doors/Doors_Lord_Utils/looney10.zip![5]:LORD.IGM	71d056256e41d4ff70832abfe8c37d449ef45f0265bd1d05e0393a339b37cb4a	bbs-archives-passed-banner	ReportOnly	cp437-inferred	false
/home/mkrueger/work/bbs/bbsarchives/Doors/Doors_Lord_Utils/lord_2dtig.zip![5]:LORD.IGM	71d056256e41d4ff70832abfe8c37d449ef45f0265bd1d05e0393a339b37cb4a	bbs-archives-passed-banner	ReportOnly	cp437-inferred	false
/home/mkrueger/work/bbs/bbsarchives/Doors/Doors_Lord_Utils/lord_fdn.zip![4]:LORD.IGM	71d056256e41d4ff70832abfe8c37d449ef45f0265bd1d05e0393a339b37cb4a	bbs-archives-passed-banner	ReportOnly	cp437-inferred	false
/home/mkrueger/work/bbs/bbsarchives/Doors/Doors_Lord_Utils/lordadd1.zip![4]:LORD.IGM	71d056256e41d4ff70832abfe8c37d449ef45f0265bd1d05e0393a339b37cb4a	bbs-archives-passed-banner	ReportOnly	cp437-inferred	false
/home/mkrueger/work/bbs/bbsarchives/Doors/Doors_Lord_Utils/lordbkup.zip![5]:LORD.IGM	71d056256e41d4ff70832abfe8c37d449ef45f0265bd1d05e0393a339b37cb4a	bbs-archives-passed-banner	ReportOnly	cp437-inferred	false
/home/mkrueger/work/bbs/bbsarchives/Doors/Doors_Lord_Utils/lordbu17.zip![4]:LORD.IGM	71d056256e41d4ff70832abfe8c37d449ef45f0265bd1d05e0393a339b37cb4a	bbs-archives-passed-banner	ReportOnly	cp437-inferred	false
/home/mkrueger/work/bbs/bbsarchives/Doors/Doors_Lord_Utils/lordcarn.zip![5]:LORD.IGM	71d056256e41d4ff70832abfe8c37d449ef45f0265bd1d05e0393a339b37cb4a	bbs-archives-passed-banner	ReportOnly	cp437-inferred	false
/home/mkrueger/work/bbs/bbsarchives/Doors/Doors_Lord_Utils/lordchng.zip![7]:LORD.IGM	71d056256e41d4ff70832abfe8c37d449ef45f0265bd1d05e0393a339b37cb4a	bbs-archives-passed-banner	ReportOnly	cp437-inferred	false
/home/mkrueger/work/bbs/bbsarchives/Doors/Doors_Lord_Utils/lordcng.zip![12]:LORD.IGM	71d056256e41d4ff70832abfe8c37d449ef45f0265bd1d05e0393a339b37cb4a	bbs-archives-passed-banner	ReportOnly	cp437-inferred	false
/home/mkrueger/work/bbs/bbsarchives/Doors/Doors_Lord_Utils/lordco15.zip![7]:LORD.IGM	71d056256e41d4ff70832abfe8c37d449ef45f0265bd1d05e0393a339b37cb4a	bbs-archives-passed-banner	ReportOnly	cp437-inferred	false
/home/mkrueger/work/bbs/bbsarchives/Doors/Doors_Lord_Utils/lordcv11.zip![5]:LORD.IGM	71d056256e41d4ff70832abfe8c37d449ef45f0265bd1d05e0393a339b37cb4a	bbs-archives-passed-banner	ReportOnly	cp437-inferred	false
/home/mkrueger/work/bbs/bbsarchives/Doors/Doors_Lord_Utils/lorded10.zip![9]:LORD.IGM	71d056256e41d4ff70832abfe8c37d449ef45f0265bd1d05e0393a339b37cb4a	bbs-archives-passed-banner	ReportOnly	cp437-inferred	false
/home/mkrueger/work/bbs/bbsarchives/Doors/Doors_Lord_Utils/lordedit.zip![2]:LORD.IGM	71d056256e41d4ff70832abfe8c37d449ef45f0265bd1d05e0393a339b37cb4a	bbs-archives-passed-banner	ReportOnly	cp437-inferred	false
/home/mkrueger/work/bbs/bbsarchives/Doors/Doors_Lord_Utils/lordf100.zip![9]:LORD.IGM	71d056256e41d4ff70832abfe8c37d449ef45f0265bd1d05e0393a339b37cb4a	bbs-archives-passed-banner	ReportOnly	cp437-inferred	false
/home/mkrueger/work/bbs/bbsarchives/Doors/Doors_Lord_Utils/lordfaq.zip![1]:LORD.IGM	71d056256e41d4ff70832abfe8c37d449ef45f0265bd1d05e0393a339b37cb4a	bbs-archives-passed-banner	ReportOnly	cp437-inferred	false
/home/mkrueger/work/bbs/bbsarchives/Doors/Doors_Lord_Utils/lordfx2b.zip![6]:LORD.IGM	71d056256e41d4ff70832abfe8c37d449ef45f0265bd1d05e0393a339b37cb4a	bbs-archives-passed-banner	ReportOnly	cp437-inferred	false
/home/mkrueger/work/bbs/bbsarchives/Doors/Doors_Lord_Utils/lordgc17.zip![7]:LORD.IGM	71d056256e41d4ff70832abfe8c37d449ef45f0265bd1d05e0393a339b37cb4a	bbs-archives-passed-banner	ReportOnly	cp437-inferred	false
/home/mkrueger/work/bbs/bbsarchives/Doors/Doors_Lord_Utils/lordhint.zip![3]:LORD.IGM	71d056256e41d4ff70832abfe8c37d449ef45f0265bd1d05e0393a339b37cb4a	bbs-archives-passed-banner	ReportOnly	cp437-inferred	false
/home/mkrueger/work/bbs/bbsarchives/Doors/Doors_Lord_Utils/lordmed.zip![3]:LORD.IGM	71d056256e41d4ff70832abfe8c37d449ef45f0265bd1d05e0393a339b37cb4a	bbs-archives-passed-banner	ReportOnly	cp437-inferred	false
/home/mkrueger/work/bbs/bbsarchives/Doors/Doors_Lord_Utils/lordmon.zip![7]:LORD.IGM	71d056256e41d4ff70832abfe8c37d449ef45f0265bd1d05e0393a339b37cb4a	bbs-archives-passed-banner	ReportOnly	cp437-inferred	false
/home/mkrueger/work/bbs/bbsarchives/Doors/Doors_Lord_Utils/lordmorn.zip![5]:LORD.IGM	71d056256e41d4ff70832abfe8c37d449ef45f0265bd1d05e0393a339b37cb4a	bbs-archives-passed-banner	ReportOnly	cp437-inferred	false
/home/mkrueger/work/bbs/bbsarchives/Doors/Doors_Lord_Utils/lordnc10.zip![7]:LORD.IGM	71d056256e41d4ff70832abfe8c37d449ef45f0265bd1d05e0393a339b37cb4a	bbs-archives-passed-banner	ReportOnly	cp437-inferred	false
/home/mkrueger/work/bbs/bbsarchives/Doors/Doors_Lord_Utils/lordpack.zip![11]:LORD.IGM	71d056256e41d4ff70832abfe8c37d449ef45f0265bd1d05e0393a339b37cb4a	bbs-archives-passed-banner	ReportOnly	cp437-inferred	false
/home/mkrueger/work/bbs/bbsarchives/Doors/Doors_Lord_Utils/lordpm99.zip![3]:LORD.IGM	71d056256e41d4ff70832abfe8c37d449ef45f0265bd1d05e0393a339b37cb4a	bbs-archives-passed-banner	ReportOnly	cp437-inferred	false
/home/mkrueger/work/bbs/bbsarchives/Doors/Doors_Lord_Utils/lordpup.zip![5]:LORD.IGM	71d056256e41d4ff70832abfe8c37d449ef45f0265bd1d05e0393a339b37cb4a	bbs-archives-passed-banner	ReportOnly	cp437-inferred	false
/home/mkrueger/work/bbs/bbsarchives/Doors/Doors_Lord_Utils/lordrec2.zip![3]:LORD.IGM	71d056256e41d4ff70832abfe8c37d449ef45f0265bd1d05e0393a339b37cb4a	bbs-archives-passed-banner	ReportOnly	cp437-inferred	false
/home/mkrueger/work/bbs/bbsarchives/Doors/Doors_Lord_Utils/lordri12.zip![6]:LORD.IGM	71d056256e41d4ff70832abfe8c37d449ef45f0265bd1d05e0393a339b37cb4a	bbs-archives-passed-banner	ReportOnly	cp437-inferred	false
/home/mkrueger/work/bbs/bbsarchives/Doors/Doors_Lord_Utils/lordrip2.zip![28]:LORD.IGM	71d056256e41d4ff70832abfe8c37d449ef45f0265bd1d05e0393a339b37cb4a	bbs-archives-passed-banner	ReportOnly	cp437-inferred	false
/home/mkrueger/work/bbs/bbsarchives/Doors/Doors_Lord_Utils/lordstr2.zip![17]:LORD.IGM	71d056256e41d4ff70832abfe8c37d449ef45f0265bd1d05e0393a339b37cb4a	bbs-archives-passed-banner	ReportOnly	cp437-inferred	false
/home/mkrueger/work/bbs/bbsarchives/Doors/Doors_Lord_Utils/lordstrc.zip![2]:LORD.IGM	71d056256e41d4ff70832abfe8c37d449ef45f0265bd1d05e0393a339b37cb4a	bbs-archives-passed-banner	ReportOnly	cp437-inferred	false
/home/mkrueger/work/bbs/bbsarchives/Doors/Doors_Lord_Utils/lordt1_0.zip![4]:LORD.IGM	71d056256e41d4ff70832abfe8c37d449ef45f0265bd1d05e0393a339b37cb4a	bbs-archives-passed-banner	ReportOnly	cp437-inferred	false
/home/mkrueger/work/bbs/bbsarchives/Doors/Doors_Lord_Utils/lordtriv.zip![8]:LORD.IGM	71d056256e41d4ff70832abfe8c37d449ef45f0265bd1d05e0393a339b37cb4a	bbs-archives-passed-banner	ReportOnly	cp437-inferred	false
/home/mkrueger/work/bbs/bbsarchives/Doors/Doors_Lord_Utils/lordtxt.zip![2]:LORD.IGM	71d056256e41d4ff70832abfe8c37d449ef45f0265bd1d05e0393a339b37cb4a	bbs-archives-passed-banner	ReportOnly	cp437-inferred	false
/home/mkrueger/work/bbs/bbsarchives/Doors/Doors_Lord_Utils/lordtype.zip![3]:LORD.IGM	71d056256e41d4ff70832abfe8c37d449ef45f0265bd1d05e0393a339b37cb4a	bbs-archives-passed-banner	ReportOnly	cp437-inferred	false
/home/mkrueger/work/bbs/bbsarchives/Doors/Doors_Lord_Utils/lordwf21.zip![21]:LORD.IGM	71d056256e41d4ff70832abfe8c37d449ef45f0265bd1d05e0393a339b37cb4a	bbs-archives-passed-banner	ReportOnly	cp437-inferred	false
/home/mkrueger/work/bbs/bbsarchives/Doors/Doors_Lord_Utils/lordwin5.zip![8]:LORD.IGM	71d056256e41d4ff70832abfe8c37d449ef45f0265bd1d05e0393a339b37cb4a	bbs-archives-passed-banner	ReportOnly	cp437-inferred	false
/home/mkrueger/work/bbs/bbsarchives/Doors/Doors_Lord_Utils/lotto102.zip![5]:LORD.BBS	71d056256e41d4ff70832abfe8c37d449ef45f0265bd1d05e0393a339b37cb4a	bbs-archives-passed-banner	ReportOnly	cp437-inferred	false
/home/mkrueger/work/bbs/bbsarchives/Doors/Doors_Lord_Utils/lpak0613.zip![15]:LORD.IGM	71d056256e41d4ff70832abfe8c37d449ef45f0265bd1d05e0393a339b37cb4a	bbs-archives-passed-banner	ReportOnly	cp437-inferred	false
/home/mkrueger/work/bbs/bbsarchives/Doors/Doors_Lord_Utils/lpd10.zip![6]:LORD.IGM	71d056256e41d4ff70832abfe8c37d449ef45f0265bd1d05e0393a339b37cb4a	bbs-archives-passed-banner	ReportOnly	cp437-inferred	false
/home/mkrueger/work/bbs/bbsarchives/Doors/Doors_Lord_Utils/lrank10.zip![4]:LORD.IGM	71d056256e41d4ff70832abfe8c37d449ef45f0265bd1d05e0393a339b37cb4a	bbs-archives-passed-banner	ReportOnly	cp437-inferred	false
/home/mkrueger/work/bbs/bbsarchives/Doors/Doors_Lord_Utils/lrd352pt.zip![7]:LORD.IGM	71d056256e41d4ff70832abfe8c37d449ef45f0265bd1d05e0393a339b37cb4a	bbs-archives-passed-banner	ReportOnly	cp437-inferred	false
/home/mkrueger/work/bbs/bbsarchives/Doors/Doors_Lord_Utils/lrdchelp.zip![7]:LORD.IGM	71d056256e41d4ff70832abfe8c37d449ef45f0265bd1d05e0393a339b37cb4a	bbs-archives-passed-banner	ReportOnly	cp437-inferred	false
/home/mkrueger/work/bbs/bbsarchives/Doors/Doors_Lord_Utils/lrdcngsi.zip![6]:LORD.IGM	71d056256e41d4ff70832abfe8c37d449ef45f0265bd1d05e0393a339b37cb4a	bbs-archives-passed-banner	ReportOnly	cp437-inferred	false
/home/mkrueger/work/bbs/bbsarchives/Doors/Doors_Lord_Utils/lrdfaq11.zip![2]:LORD.IGM	71d056256e41d4ff70832abfe8c37d449ef45f0265bd1d05e0393a339b37cb4a	bbs-archives-passed-banner	ReportOnly	cp437-inferred	false
/home/mkrueger/work/bbs/bbsarchives/Doors/Doors_Lord_Utils/lrdfx111.zip![9]:LORD.IGM	71d056256e41d4ff70832abfe8c37d449ef45f0265bd1d05e0393a339b37cb4a	bbs-archives-passed-banner	ReportOnly	cp437-inferred	false
/home/mkrueger/work/bbs/bbsarchives/Doors/Doors_Lord_Utils/lrdgft11.zip![7]:LORD.IGM	71d056256e41d4ff70832abfe8c37d449ef45f0265bd1d05e0393a339b37cb4a	bbs-archives-passed-banner	ReportOnly	cp437-inferred	false
/home/mkrueger/work/bbs/bbsarchives/Doors/Doors_Lord_Utils/lrdhlp16.zip![12]:LORD.IGM	71d056256e41d4ff70832abfe8c37d449ef45f0265bd1d05e0393a339b37cb4a	bbs-archives-passed-banner	ReportOnly	cp437-inferred	false
/home/mkrueger/work/bbs/bbsarchives/Doors/Doors_Lord_Utils/lrdimgr1.zip![5]:LORD.IGM	71d056256e41d4ff70832abfe8c37d449ef45f0265bd1d05e0393a339b37cb4a	bbs-archives-passed-banner	ReportOnly	cp437-inferred	false
/home/mkrueger/work/bbs/bbsarchives/Doors/Doors_Lord_Utils/lrdmon12.zip![10]:LORD.IGM	71d056256e41d4ff70832abfe8c37d449ef45f0265bd1d05e0393a339b37cb4a	bbs-archives-passed-banner	ReportOnly	cp437-inferred	false
/home/mkrueger/work/bbs/bbsarchives/Doors/Doors_Lord_Utils/lrdview1.zip![4]:LORD.IGM	71d056256e41d4ff70832abfe8c37d449ef45f0265bd1d05e0393a339b37cb4a	bbs-archives-passed-banner	ReportOnly	cp437-inferred	false
/home/mkrueger/work/bbs/bbsarchives/Doors/Doors_Lord_Utils/lrdwh20u.zip![20]:LORD.IGM	71d056256e41d4ff70832abfe8c37d449ef45f0265bd1d05e0393a339b37cb4a	bbs-archives-passed-banner	ReportOnly	cp437-inferred	false
/home/mkrueger/work/bbs/bbsarchives/Doors/Doors_Lord_Utils/lsd10.zip![8]:LORD.IGM	71d056256e41d4ff70832abfe8c37d449ef45f0265bd1d05e0393a339b37cb4a	bbs-archives-passed-banner	ReportOnly	cp437-inferred	false
/home/mkrueger/work/bbs/bbsarchives/Doors/Doors_Lord_Utils/ltest10.zip![3]:LORD.IGM	71d056256e41d4ff70832abfe8c37d449ef45f0265bd1d05e0393a339b37cb4a	bbs-archives-passed-banner	ReportOnly	cp437-inferred	false
/home/mkrueger/work/bbs/bbsarchives/Doors/Doors_Lord_Utils/lttry12.zip![6]:LORD.IGM	71d056256e41d4ff70832abfe8c37d449ef45f0265bd1d05e0393a339b37cb4a	bbs-archives-passed-banner	ReportOnly	cp437-inferred	false
/home/mkrueger/work/bbs/bbsarchives/Doors/Doors_Lord_Utils/ltype200.zip![7]:LORD.IGM	71d056256e41d4ff70832abfe8c37d449ef45f0265bd1d05e0393a339b37cb4a	bbs-archives-passed-banner	ReportOnly	cp437-inferred	false
/home/mkrueger/work/bbs/bbsarchives/Doors/Doors_Lord_Utils/lwinter2.zip![5]:LORD.IGM	71d056256e41d4ff70832abfe8c37d449ef45f0265bd1d05e0393a339b37cb4a	bbs-archives-passed-banner	ReportOnly	cp437-inferred	false
/home/mkrueger/work/bbs/bbsarchives/Doors/Doors_Lord_Utils/mashlord.zip![4]:LORD.IGM	71d056256e41d4ff70832abfe8c37d449ef45f0265bd1d05e0393a339b37cb4a	bbs-archives-passed-banner	ReportOnly	cp437-inferred	false
/home/mkrueger/work/bbs/bbsarchives/Doors/Doors_Lord_Utils/mdrnwrld.zip![6]:LORD.IGM	71d056256e41d4ff70832abfe8c37d449ef45f0265bd1d05e0393a339b37cb4a	bbs-archives-passed-banner	ReportOnly	cp437-inferred	false
/home/mkrueger/work/bbs/bbsarchives/Doors/Doors_Lord_Utils/medit1_4.zip![5]:LORD.BBS	71d056256e41d4ff70832abfe8c37d449ef45f0265bd1d05e0393a339b37cb4a	bbs-archives-passed-banner	ReportOnly	cp437-inferred	false
/home/mkrueger/work/bbs/bbsarchives/Doors/Doors_Lord_Utils/megaigm.zip![6]:LORD.BBS	71d056256e41d4ff70832abfe8c37d449ef45f0265bd1d05e0393a339b37cb4a	bbs-archives-passed-banner	ReportOnly	cp437-inferred	false
/home/mkrueger/work/bbs/bbsarchives/Doors/Doors_Lord_Utils/megaigm4.zip![5]:LORD.IGM	71d056256e41d4ff70832abfe8c37d449ef45f0265bd1d05e0393a339b37cb4a	bbs-archives-passed-banner	ReportOnly	cp437-inferred	false
/home/mkrueger/work/bbs/bbsarchives/Doors/Doors_Lord_Utils/met10b.zip![5]:LORD.IGM	71d056256e41d4ff70832abfe8c37d449ef45f0265bd1d05e0393a339b37cb4a	bbs-archives-passed-banner	ReportOnly	cp437-inferred	false
/home/mkrueger/work/bbs/bbsarchives/Doors/Doors_Lord_Utils/mledit10.zip![5]:LORD.IGM	71d056256e41d4ff70832abfe8c37d449ef45f0265bd1d05e0393a339b37cb4a	bbs-archives-passed-banner	ReportOnly	cp437-inferred	false
/home/mkrueger/work/bbs/bbsarchives/Doors/Doors_Lord_Utils/mmc02.zip![9]:LORD.IGM	71d056256e41d4ff70832abfe8c37d449ef45f0265bd1d05e0393a339b37cb4a	bbs-archives-passed-banner	ReportOnly	cp437-inferred	false
/home/mkrueger/work/bbs/bbsarchives/Doors/Doors_Lord_Utils/mnstxt05.zip![6]:LORD.IGM	71d056256e41d4ff70832abfe8c37d449ef45f0265bd1d05e0393a339b37cb4a	bbs-archives-passed-banner	ReportOnly	cp437-inferred	false
/home/mkrueger/work/bbs/bbsarchives/Doors/Doors_Lord_Utils/monedit2.zip![4]:LORD.IGM	71d056256e41d4ff70832abfe8c37d449ef45f0265bd1d05e0393a339b37cb4a	bbs-archives-passed-banner	ReportOnly	cp437-inferred	false
/home/mkrueger/work/bbs/bbsarchives/Doors/Doors_Lord_Utils/monrpt_1.zip![3]:LORD.IGM	71d056256e41d4ff70832abfe8c37d449ef45f0265bd1d05e0393a339b37cb4a	bbs-archives-passed-banner	ReportOnly	cp437-inferred	false
/home/mkrueger/work/bbs/bbsarchives/Doors/Doors_Lord_Utils/monsted.zip![4]:LORD.IGM	71d056256e41d4ff70832abfe8c37d449ef45f0265bd1d05e0393a339b37cb4a	bbs-archives-passed-banner	ReportOnly	cp437-inferred	false
/home/mkrueger/work/bbs/bbsarchives/Doors/Doors_Lord_Utils/motley.zip![11]:LORD.IGM	71d056256e41d4ff70832abfe8c37d449ef45f0265bd1d05e0393a339b37cb4a	bbs-archives-passed-banner	ReportOnly	cp437-inferred	false
/home/mkrueger/work/bbs/bbsarchives/Doors/Doors_Lord_Utils/msdrm_2d16.zip![4]:LORD.BBS	71d056256e41d4ff70832abfe8c37d449ef45f0265bd1d05e0393a339b37cb4a	bbs-archives-passed-banner	ReportOnly	cp437-inferred	false
/home/mkrueger/work/bbs/bbsarchives/Doors/Doors_Lord_Utils/mshop200.zip![7]:LORD.BBS	71d056256e41d4ff70832abfe8c37d449ef45f0265bd1d05e0393a339b37cb4a	bbs-archives-passed-banner	ReportOnly	cp437-inferred	false
/home/mkrueger/work/bbs/bbsarchives/Doors/Doors_Lord_Utils/mspy11.zip![6]:LORD.IGM	71d056256e41d4ff70832abfe8c37d449ef45f0265bd1d05e0393a339b37cb4a	bbs-archives-passed-banner	ReportOnly	cp437-inferred	false
/home/mkrueger/work/bbs/bbsarchives/Doors/Doors_Lord_Utils/mspy20.zip![4]:LORD.IGM	71d056256e41d4ff70832abfe8c37d449ef45f0265bd1d05e0393a339b37cb4a	bbs-archives-passed-banner	ReportOnly	cp437-inferred	false
/home/mkrueger/work/bbs/bbsarchives/Doors/Doors_Lord_Utils/mtglord.zip![15]:LORD.IGM	71d056256e41d4ff70832abfe8c37d449ef45f0265bd1d05e0393a339b37cb4a	bbs-archives-passed-banner	ReportOnly	cp437-inferred	false
/home/mkrueger/work/bbs/bbsarchives/Doors/Doors_Lord_Utils/multlord.zip![7]:LORD.IGM	71d056256e41d4ff70832abfe8c37d449ef45f0265bd1d05e0393a339b37cb4a	bbs-archives-passed-banner	ReportOnly	cp437-inferred	false
/home/mkrueger/work/bbs/bbsarchives/Doors/Doors_Lord_Utils/mystlord.zip![5]:LORD.IGM	71d056256e41d4ff70832abfe8c37d449ef45f0265bd1d05e0393a339b37cb4a	bbs-archives-passed-banner	ReportOnly	cp437-inferred	false
/home/mkrueger/work/bbs/bbsarchives/Doors/Doors_Lord_Utils/mzklrd51.zip![12]:LORD.IGM	71d056256e41d4ff70832abfe8c37d449ef45f0265bd1d05e0393a339b37cb4a	bbs-archives-passed-banner	ReportOnly	cp437-inferred	false
/home/mkrueger/work/bbs/bbsarchives/Doors/Doors_Lord_Utils/mzklrd55.zip![21]:LORD.IGM	71d056256e41d4ff70832abfe8c37d449ef45f0265bd1d05e0393a339b37cb4a	bbs-archives-passed-banner	ReportOnly	cp437-inferred	false
/home/mkrueger/work/bbs/bbsarchives/Doors/Doors_Lord_Utils/newmon10.zip![4]:LORD.IGM	71d056256e41d4ff70832abfe8c37d449ef45f0265bd1d05e0393a339b37cb4a	bbs-archives-passed-banner	ReportOnly	cp437-inferred	false
/home/mkrueger/work/bbs/bbsarchives/Doors/Doors_Lord_Utils/nightfal.zip![3]:LORD.IGM	71d056256e41d4ff70832abfe8c37d449ef45f0265bd1d05e0393a339b37cb4a	bbs-archives-passed-banner	ReportOnly	cp437-inferred	false
/home/mkrueger/work/bbs/bbsarchives/Doors/Doors_Lord_Utils/nop101l.zip![6]:LORD.IGM	71d056256e41d4ff70832abfe8c37d449ef45f0265bd1d05e0393a339b37cb4a	bbs-archives-passed-banner	ReportOnly	cp437-inferred	false
/home/mkrueger/work/bbs/bbsarchives/Doors/Doors_Lord_Utils/now10.zip![3]:LORD.IGM	71d056256e41d4ff70832abfe8c37d449ef45f0265bd1d05e0393a339b37cb4a	bbs-archives-passed-banner	ReportOnly	cp437-inferred	false
/home/mkrueger/work/bbs/bbsarchives/Doors/Doors_Lord_Utils/npclor28.zip![21]:LORD.IGM	71d056256e41d4ff70832abfe8c37d449ef45f0265bd1d05e0393a339b37cb4a	bbs-archives-passed-banner	ReportOnly	cp437-inferred	false
/home/mkrueger/work/bbs/bbsarchives/Doors/Doors_Lord_Utils/npcup.zip![3]:LORD.IGM	71d056256e41d4ff70832abfe8c37d449ef45f0265bd1d05e0393a339b37cb4a	bbs-archives-passed-banner	ReportOnly	cp437-inferred	false
/home/mkrueger/work/bbs/bbsarchives/Doors/Doors_Lord_Utils/oneless.zip![3]:LORD.IGM	71d056256e41d4ff70832abfe8c37d449ef45f0265bd1d05e0393a339b37cb4a	bbs-archives-passed-banner	ReportOnly	cp437-inferred	false
/home/mkrueger/work/bbs/bbsarchives/Doors/Doors_Lord_Utils/oslord15.zip![8]:LORD.IGM	71d056256e41d4ff70832abfe8c37d449ef45f0265bd1d05e0393a339b37cb4a	bbs-archives-passed-banner	ReportOnly	cp437-inferred	false
/home/mkrueger/work/bbs/bbsarchives/Doors/Doors_Lord_Utils/p1040d.zip![5]:LORD.BBS	71d056256e41d4ff70832abfe8c37d449ef45f0265bd1d05e0393a339b37cb4a	bbs-archives-passed-banner	ReportOnly	cp437-inferred	false
/home/mkrueger/work/bbs/bbsarchives/Doors/Doors_Lord_Utils/pathedit.zip![2]:LORD.IGM	71d056256e41d4ff70832abfe8c37d449ef45f0265bd1d05e0393a339b37cb4a	bbs-archives-passed-banner	ReportOnly	cp437-inferred	false
/home/mkrueger/work/bbs/bbsarchives/Doors/Doors_Lord_Utils/pklord10.zip![3]:LORD.IGM	71d056256e41d4ff70832abfe8c37d449ef45f0265bd1d05e0393a339b37cb4a	bbs-archives-passed-banner	ReportOnly	cp437-inferred	false
/home/mkrueger/work/bbs/bbsarchives/Doors/Doors_Lord_Utils/plnetv13.zip![5]:LORD.IGM	71d056256e41d4ff70832abfe8c37d449ef45f0265bd1d05e0393a339b37cb4a	bbs-archives-passed-banner	ReportOnly	cp437-inferred	false
/home/mkrueger/work/bbs/bbsarchives/Doors/Doors_Lord_Utils/plytxt11.zip![3]:LORD.IGM	71d056256e41d4ff70832abfe8c37d449ef45f0265bd1d05e0393a339b37cb4a	bbs-archives-passed-banner	ReportOnly	cp437-inferred	false
/home/mkrueger/work/bbs/bbsarchives/Doors/Doors_Lord_Utils/pmv12.zip![5]:LORD.BBS	71d056256e41d4ff70832abfe8c37d449ef45f0265bd1d05e0393a339b37cb4a	bbs-archives-passed-banner	ReportOnly	cp437-inferred	false
/home/mkrueger/work/bbs/bbsarchives/Doors/Doors_Lord_Utils/prisbait.zip![3]:LORD.BBS	71d056256e41d4ff70832abfe8c37d449ef45f0265bd1d05e0393a339b37cb4a	bbs-archives-passed-banner	ReportOnly	cp437-inferred	false
/home/mkrueger/work/bbs/bbsarchives/Doors/Doors_Lord_Utils/pshot102.zip![6]:LORD.IGM	71d056256e41d4ff70832abfe8c37d449ef45f0265bd1d05e0393a339b37cb4a	bbs-archives-passed-banner	ReportOnly	cp437-inferred	false
/home/mkrueger/work/bbs/bbsarchives/Doors/Doors_Lord_Utils/pyrolord.zip![4]:LORD.IGM	71d056256e41d4ff70832abfe8c37d449ef45f0265bd1d05e0393a339b37cb4a	bbs-archives-passed-banner	ReportOnly	cp437-inferred	false
/home/mkrueger/work/bbs/bbsarchives/Doors/Doors_Lord_Utils/qledlite.zip![5]:LORD.IGM	71d056256e41d4ff70832abfe8c37d449ef45f0265bd1d05e0393a339b37cb4a	bbs-archives-passed-banner	ReportOnly	cp437-inferred	false
/home/mkrueger/work/bbs/bbsarchives/Doors/Doors_Lord_Utils/qlorded.zip![13]:LORD.IGM	71d056256e41d4ff70832abfe8c37d449ef45f0265bd1d05e0393a339b37cb4a	bbs-archives-passed-banner	ReportOnly	cp437-inferred	false
/home/mkrueger/work/bbs/bbsarchives/Doors/Doors_Lord_Utils/qwkigm14.zip![15]:LORD.IGM	71d056256e41d4ff70832abfe8c37d449ef45f0265bd1d05e0393a339b37cb4a	bbs-archives-passed-banner	ReportOnly	cp437-inferred	false
/home/mkrueger/work/bbs/bbsarchives/Doors/Doors_Lord_Utils/qwkins04.zip![6]:LORD.IGM	71d056256e41d4ff70832abfe8c37d449ef45f0265bd1d05e0393a339b37cb4a	bbs-archives-passed-banner	ReportOnly	cp437-inferred	false
/home/mkrueger/work/bbs/bbsarchives/Doors/Doors_Lord_Utils/r3pmm9a.zip![4]:LORD.IGM	71d056256e41d4ff70832abfe8c37d449ef45f0265bd1d05e0393a339b37cb4a	bbs-archives-passed-banner	ReportOnly	cp437-inferred	false
/home/mkrueger/work/bbs/bbsarchives/Doors/Doors_Lord_Utils/randlk10.zip![9]:LORD.IGM	71d056256e41d4ff70832abfe8c37d449ef45f0265bd1d05e0393a339b37cb4a	bbs-archives-passed-banner	ReportOnly	cp437-inferred	false
/home/mkrueger/work/bbs/bbsarchives/Doors/Doors_Lord_Utils/randlord.zip![6]:LORD.IGM	71d056256e41d4ff70832abfe8c37d449ef45f0265bd1d05e0393a339b37cb4a	bbs-archives-passed-banner	ReportOnly	cp437-inferred	false
/home/mkrueger/work/bbs/bbsarchives/Doors/Doors_Lord_Utils/randmenu.zip![3]:LORD.IGM	71d056256e41d4ff70832abfe8c37d449ef45f0265bd1d05e0393a339b37cb4a	bbs-archives-passed-banner	ReportOnly	cp437-inferred	false
/home/mkrueger/work/bbs/bbsarchives/Doors/Doors_Lord_Utils/randmon0.zip![5]:LORD.IGM	71d056256e41d4ff70832abfe8c37d449ef45f0265bd1d05e0393a339b37cb4a	bbs-archives-passed-banner	ReportOnly	cp437-inferred	false
/home/mkrueger/work/bbs/bbsarchives/Doors/Doors_Lord_Utils/rdsfl099.zip![3]:LORD.IGM	71d056256e41d4ff70832abfe8c37d449ef45f0265bd1d05e0393a339b37cb4a	bbs-archives-passed-banner	ReportOnly	cp437-inferred	false
/home/mkrueger/work/bbs/bbsarchives/Doors/Doors_Lord_Utils/recd100s.zip![3]:LORD.IGM	71d056256e41d4ff70832abfe8c37d449ef45f0265bd1d05e0393a339b37cb4a	bbs-archives-passed-banner	ReportOnly	cp437-inferred	false
/home/mkrueger/work/bbs/bbsarchives/Doors/Doors_Lord_Utils/refidx02.zip![3]:LORD.IGM	71d056256e41d4ff70832abfe8c37d449ef45f0265bd1d05e0393a339b37cb4a	bbs-archives-passed-banner	ReportOnly	cp437-inferred	false
/home/mkrueger/work/bbs/bbsarchives/Doors/Doors_Lord_Utils/rippedfx.zip![8]:LORD.IGM	71d056256e41d4ff70832abfe8c37d449ef45f0265bd1d05e0393a339b37cb4a	bbs-archives-passed-banner	ReportOnly	cp437-inferred	false
/home/mkrueger/work/bbs/bbsarchives/Doors/Doors_Lord_Utils/rlok110a.zip![9]:LORD.IGM	71d056256e41d4ff70832abfe8c37d449ef45f0265bd1d05e0393a339b37cb4a	bbs-archives-passed-banner	ReportOnly	cp437-inferred	false
/home/mkrueger/work/bbs/bbsarchives/Doors/Doors_Lord_Utils/rm300.zip![4]:LORD.IGM	71d056256e41d4ff70832abfe8c37d449ef45f0265bd1d05e0393a339b37cb4a	bbs-archives-passed-banner	ReportOnly	cp437-inferred	false
/home/mkrueger/work/bbs/bbsarchives/Doors/Doors_Lord_Utils/rnd3prty.zip![6]:LORD.IGM	71d056256e41d4ff70832abfe8c37d449ef45f0265bd1d05e0393a339b37cb4a	bbs-archives-passed-banner	ReportOnly	cp437-inferred	false
/home/mkrueger/work/bbs/bbsarchives/Doors/Doors_Lord_Utils/rtread02.zip![7]:LORD.IGM	71d056256e41d4ff70832abfe8c37d449ef45f0265bd1d05e0393a339b37cb4a	bbs-archives-passed-banner	ReportOnly	cp437-inferred	false
/home/mkrueger/work/bbs/bbsarchives/Doors/Doors_Lord_Utils/rtview.zip![3]:LORD.IGM	71d056256e41d4ff70832abfe8c37d449ef45f0265bd1d05e0393a339b37cb4a	bbs-archives-passed-banner	ReportOnly	cp437-inferred	false
/home/mkrueger/work/bbs/bbsarchives/Doors/Doors_Lord_Utils/sansi20.zip![5]:LORD.IGM	71d056256e41d4ff70832abfe8c37d449ef45f0265bd1d05e0393a339b37cb4a	bbs-archives-passed-banner	ReportOnly	cp437-inferred	false
/home/mkrueger/work/bbs/bbsarchives/Doors/Doors_Lord_Utils/seas96.zip![7]:LORD.BBS	71d056256e41d4ff70832abfe8c37d449ef45f0265bd1d05e0393a339b37cb4a	bbs-archives-passed-banner	ReportOnly	cp437-inferred	false
/home/mkrueger/work/bbs/bbsarchives/Doors/Doors_Lord_Utils/sfairy25.zip![9]:LORD.BBS	71d056256e41d4ff70832abfe8c37d449ef45f0265bd1d05e0393a339b37cb4a	bbs-archives-passed-banner	ReportOnly	cp437-inferred	false
/home/mkrueger/work/bbs/bbsarchives/Doors/Doors_Lord_Utils/sh3_2d5.zip![5]:LORD.IGM	71d056256e41d4ff70832abfe8c37d449ef45f0265bd1d05e0393a339b37cb4a	bbs-archives-passed-banner	ReportOnly	cp437-inferred	false
/home/mkrueger/work/bbs/bbsarchives/Doors/Doors_Lord_Utils/simpsons.zip![17]:LORD.IGM	71d056256e41d4ff70832abfe8c37d449ef45f0265bd1d05e0393a339b37cb4a	bbs-archives-passed-banner	ReportOnly	cp437-inferred	false
/home/mkrueger/work/bbs/bbsarchives/Doors/Doors_Lord_Utils/skull015.zip![6]:LORD.BBS	71d056256e41d4ff70832abfe8c37d449ef45f0265bd1d05e0393a339b37cb4a	bbs-archives-passed-banner	ReportOnly	cp437-inferred	false
/home/mkrueger/work/bbs/bbsarchives/Doors/Doors_Lord_Utils/slord40.zip![5]:LORD.IGM	71d056256e41d4ff70832abfe8c37d449ef45f0265bd1d05e0393a339b37cb4a	bbs-archives-passed-banner	ReportOnly	cp437-inferred	false
/home/mkrueger/work/bbs/bbsarchives/Doors/Doors_Lord_Utils/smarts13.zip![4]:LORD.IGM	71d056256e41d4ff70832abfe8c37d449ef45f0265bd1d05e0393a339b37cb4a	bbs-archives-passed-banner	ReportOnly	cp437-inferred	false
/home/mkrueger/work/bbs/bbsarchives/Doors/Doors_Lord_Utils/sochelp.zip![2]:LORD.IGM	71d056256e41d4ff70832abfe8c37d449ef45f0265bd1d05e0393a339b37cb4a	bbs-archives-passed-banner	ReportOnly	cp437-inferred	false
/home/mkrueger/work/bbs/bbsarchives/Doors/Doors_Lord_Utils/sswlrd12.zip![8]:LORD.IGM	71d056256e41d4ff70832abfe8c37d449ef45f0265bd1d05e0393a339b37cb4a	bbs-archives-passed-banner	ReportOnly	cp437-inferred	false
/home/mkrueger/work/bbs/bbsarchives/Doors/Doors_Lord_Utils/star10.zip![5]:LORD.IGM	71d056256e41d4ff70832abfe8c37d449ef45f0265bd1d05e0393a339b37cb4a	bbs-archives-passed-banner	ReportOnly	cp437-inferred	false
/home/mkrueger/work/bbs/bbsarchives/Doors/Doors_Lord_Utils/swlord.zip![11]:LORD.IGM	71d056256e41d4ff70832abfe8c37d449ef45f0265bd1d05e0393a339b37cb4a	bbs-archives-passed-banner	ReportOnly	cp437-inferred	false
/home/mkrueger/work/bbs/bbsarchives/Doors/Doors_Lord_Utils/tavern10.zip![3]:LORD.IGM	71d056256e41d4ff70832abfe8c37d449ef45f0265bd1d05e0393a339b37cb4a	bbs-archives-passed-banner	ReportOnly	cp437-inferred	false
/home/mkrueger/work/bbs/bbsarchives/Doors/Doors_Lord_Utils/tdragd06.zip![5]:LORD.IGM	71d056256e41d4ff70832abfe8c37d449ef45f0265bd1d05e0393a339b37cb4a	bbs-archives-passed-banner	ReportOnly	cp437-inferred	false
/home/mkrueger/work/bbs/bbsarchives/Doors/Doors_Lord_Utils/tdt_inc.zip![4]:LORD.IGM	71d056256e41d4ff70832abfe8c37d449ef45f0265bd1d05e0393a339b37cb4a	bbs-archives-passed-banner	ReportOnly	cp437-inferred	false
/home/mkrueger/work/bbs/bbsarchives/Doors/Doors_Lord_Utils/temple.zip![5]:LORD.BBS	71d056256e41d4ff70832abfe8c37d449ef45f0265bd1d05e0393a339b37cb4a	bbs-archives-passed-banner	ReportOnly	cp437-inferred	false
/home/mkrueger/work/bbs/bbsarchives/Doors/Doors_Lord_Utils/thouse25.zip![3]:LORD.BBS	71d056256e41d4ff70832abfe8c37d449ef45f0265bd1d05e0393a339b37cb4a	bbs-archives-passed-banner	ReportOnly	cp437-inferred	false
/home/mkrueger/work/bbs/bbsarchives/Doors/Doors_Lord_Utils/timef_10.zip![5]:LORD.IGM	71d056256e41d4ff70832abfe8c37d449ef45f0265bd1d05e0393a339b37cb4a	bbs-archives-passed-banner	ReportOnly	cp437-inferred	false
/home/mkrueger/work/bbs/bbsarchives/Doors/Doors_Lord_Utils/tm.zip![4]:LORD.BBS	71d056256e41d4ff70832abfe8c37d449ef45f0265bd1d05e0393a339b37cb4a	bbs-archives-passed-banner	ReportOnly	cp437-inferred	false
/home/mkrueger/work/bbs/bbsarchives/Doors/Doors_Lord_Utils/tnglord.zip![9]:LORD.IGM	71d056256e41d4ff70832abfe8c37d449ef45f0265bd1d05e0393a339b37cb4a	bbs-archives-passed-banner	ReportOnly	cp437-inferred	false
/home/mkrueger/work/bbs/bbsarchives/Doors/Doors_Lord_Utils/tnotls.zip![3]:LORD.BBS	71d056256e41d4ff70832abfe8c37d449ef45f0265bd1d05e0393a339b37cb4a	bbs-archives-passed-banner	ReportOnly	cp437-inferred	false
/home/mkrueger/work/bbs/bbsarchives/Doors/Doors_Lord_Utils/toby.zip![3]:LORD.IGM	71d056256e41d4ff70832abfe8c37d449ef45f0265bd1d05e0393a339b37cb4a	bbs-archives-passed-banner	ReportOnly	cp437-inferred	false
/home/mkrueger/work/bbs/bbsarchives/Doors/Doors_Lord_Utils/todlordc.zip![8]:LORD.IGM	71d056256e41d4ff70832abfe8c37d449ef45f0265bd1d05e0393a339b37cb4a	bbs-archives-passed-banner	ReportOnly	cp437-inferred	false
/home/mkrueger/work/bbs/bbsarchives/Doors/Doors_Lord_Utils/torin.zip![5]:LORD.BBS	71d056256e41d4ff70832abfe8c37d449ef45f0265bd1d05e0393a339b37cb4a	bbs-archives-passed-banner	ReportOnly	cp437-inferred	false
/home/mkrueger/work/bbs/bbsarchives/Doors/Doors_Lord_Utils/toslord.zip![7]:LORD.IGM	71d056256e41d4ff70832abfe8c37d449ef45f0265bd1d05e0393a339b37cb4a	bbs-archives-passed-banner	ReportOnly	cp437-inferred	false
/home/mkrueger/work/bbs/bbsarchives/Doors/Doors_Lord_Utils/turdu13a.zip![15]:LORD.BBS	71d056256e41d4ff70832abfe8c37d449ef45f0265bd1d05e0393a339b37cb4a	bbs-archives-passed-banner	ReportOnly	cp437-inferred	false
/home/mkrueger/work/bbs/bbsarchives/Doors/Doors_Lord_Utils/typelord.zip![3]:LORD.IGM	71d056256e41d4ff70832abfe8c37d449ef45f0265bd1d05e0393a339b37cb4a	bbs-archives-passed-banner	ReportOnly	cp437-inferred	false
/home/mkrueger/work/bbs/bbsarchives/Doors/Doors_Lord_Utils/ultilord.zip![3]:LORD.IGM	71d056256e41d4ff70832abfe8c37d449ef45f0265bd1d05e0393a339b37cb4a	bbs-archives-passed-banner	ReportOnly	cp437-inferred	false
/home/mkrueger/work/bbs/bbsarchives/Doors/Doors_Lord_Utils/vamplord.zip![2]:LORD.IGM	71d056256e41d4ff70832abfe8c37d449ef45f0265bd1d05e0393a339b37cb4a	bbs-archives-passed-banner	ReportOnly	cp437-inferred	false
/home/mkrueger/work/bbs/bbsarchives/Doors/Doors_Lord_Utils/vd02.zip![6]:LORD.IGM	71d056256e41d4ff70832abfe8c37d449ef45f0265bd1d05e0393a339b37cb4a	bbs-archives-passed-banner	ReportOnly	cp437-inferred	false
/home/mkrueger/work/bbs/bbsarchives/Doors/Doors_Lord_Utils/violet12.zip![6]:LORD.BBS	71d056256e41d4ff70832abfe8c37d449ef45f0265bd1d05e0393a339b37cb4a	bbs-archives-passed-banner	ReportOnly	cp437-inferred	false
/home/mkrueger/work/bbs/bbsarchives/Doors/Doors_Lord_Utils/viowed01.zip![4]:LORD.IGM	71d056256e41d4ff70832abfe8c37d449ef45f0265bd1d05e0393a339b37cb4a	bbs-archives-passed-banner	ReportOnly	cp437-inferred	false
/home/mkrueger/work/bbs/bbsarchives/Doors/Doors_Lord_Utils/visio003.zip![2]:LORD.IGM	71d056256e41d4ff70832abfe8c37d449ef45f0265bd1d05e0393a339b37cb4a	bbs-archives-passed-banner	ReportOnly	cp437-inferred	false
/home/mkrueger/work/bbs/bbsarchives/Doors/Doors_Lord_Utils/vlord15.zip![7]:LORD.IGM	71d056256e41d4ff70832abfe8c37d449ef45f0265bd1d05e0393a339b37cb4a	bbs-archives-passed-banner	ReportOnly	cp437-inferred	false
/home/mkrueger/work/bbs/bbsarchives/Doors/Doors_Lord_Utils/votprip2.zip![40]:LORD.IGM	71d056256e41d4ff70832abfe8c37d449ef45f0265bd1d05e0393a339b37cb4a	bbs-archives-passed-banner	ReportOnly	cp437-inferred	false
/home/mkrueger/work/bbs/bbsarchives/Doors/Doors_Lord_Utils/voylord.zip![7]:LORD.IGM	71d056256e41d4ff70832abfe8c37d449ef45f0265bd1d05e0393a339b37cb4a	bbs-archives-passed-banner	ReportOnly	cp437-inferred	false
/home/mkrueger/work/bbs/bbsarchives/Doors/Doors_Lord_Utils/war.zip![6]:LORD.IGM	71d056256e41d4ff70832abfe8c37d449ef45f0265bd1d05e0393a339b37cb4a	bbs-archives-passed-banner	ReportOnly	cp437-inferred	false
/home/mkrueger/work/bbs/bbsarchives/Doors/Doors_Lord_Utils/warriors.zip![3]:LORD.IGM	71d056256e41d4ff70832abfe8c37d449ef45f0265bd1d05e0393a339b37cb4a	bbs-archives-passed-banner	ReportOnly	cp437-inferred	false
/home/mkrueger/work/bbs/bbsarchives/Doors/Doors_Lord_Utils/wetlord.zip![5]:LORD.IGM	71d056256e41d4ff70832abfe8c37d449ef45f0265bd1d05e0393a339b37cb4a	bbs-archives-passed-banner	ReportOnly	cp437-inferred	false
/home/mkrueger/work/bbs/bbsarchives/Doors/Doors_Lord_Utils/willowld.zip![11]:LORD.IGM	71d056256e41d4ff70832abfe8c37d449ef45f0265bd1d05e0393a339b37cb4a	bbs-archives-passed-banner	ReportOnly	cp437-inferred	false
/home/mkrueger/work/bbs/bbsarchives/Doors/Doors_Lord_Utils/wlord1_0.zip![8]:LORD.IGM	71d056256e41d4ff70832abfe8c37d449ef45f0265bd1d05e0393a339b37cb4a	bbs-archives-passed-banner	ReportOnly	cp437-inferred	false
/home/mkrueger/work/bbs/bbsarchives/Doors/Doors_Lord_Utils/wtlrd131.zip![9]:LORD.BBS	71d056256e41d4ff70832abfe8c37d449ef45f0265bd1d05e0393a339b37cb4a	bbs-archives-passed-banner	ReportOnly	cp437-inferred	false
/home/mkrueger/work/bbs/bbsarchives/Doors/Doors_Lord_Utils/wulftxt.zip![3]:LORD.IGM	71d056256e41d4ff70832abfe8c37d449ef45f0265bd1d05e0393a339b37cb4a	bbs-archives-passed-banner	ReportOnly	cp437-inferred	false
/home/mkrueger/work/bbs/bbsarchives/Doors/Doors_Lord_Utils/ww_2dlr011.zip![12]:LORD.BBS	71d056256e41d4ff70832abfe8c37d449ef45f0265bd1d05e0393a339b37cb4a	bbs-archives-passed-banner	ReportOnly	cp437-inferred	false
/home/mkrueger/work/bbs/bbsarchives/Doors/Doors_Lord_Utils/xlordspz.zip![5]:LORD.IGM	71d056256e41d4ff70832abfe8c37d449ef45f0265bd1d05e0393a339b37cb4a	bbs-archives-passed-banner	ReportOnly	cp437-inferred	false
/home/mkrueger/work/bbs/bbsarchives/Doors/agift.zip![46]:ARCHIVES.BBS	71d056256e41d4ff70832abfe8c37d449ef45f0265bd1d05e0393a339b37cb4a	bbs-archives-passed-banner	ReportOnly	cp437-inferred	false
/home/mkrueger/work/bbs/bbsarchives/Doors/alien12b.zip![115]:ARCHIVES.BBS	71d056256e41d4ff70832abfe8c37d449ef45f0265bd1d05e0393a339b37cb4a	bbs-archives-passed-banner	ReportOnly	cp437-inferred	false
/home/mkrueger/work/bbs/bbsarchives/Doors/an16.zip![86]:ARCHIVES.BBS	71d056256e41d4ff70832abfe8c37d449ef45f0265bd1d05e0393a339b37cb4a	bbs-archives-passed-banner	ReportOnly	cp437-inferred	false
/home/mkrueger/work/bbs/bbsarchives/Doors/aoss130d.zip![9]:DOORS.BBS	71d056256e41d4ff70832abfe8c37d449ef45f0265bd1d05e0393a339b37cb4a	bbs-archives-passed-banner	ReportOnly	cp437-inferred	false
/home/mkrueger/work/bbs/bbsarchives/Doors/aqbibl15.zip![72]:DOORS.BBS	71d056256e41d4ff70832abfe8c37d449ef45f0265bd1d05e0393a339b37cb4a	bbs-archives-passed-banner	ReportOnly	cp437-inferred	false
/home/mkrueger/work/bbs/bbsarchives/Doors/arm106.zip![16]:ARCHIVES.BBS	71d056256e41d4ff70832abfe8c37d449ef45f0265bd1d05e0393a339b37cb4a	bbs-archives-passed-banner	ReportOnly	cp437-inferred	false
/home/mkrueger/work/bbs/bbsarchives/Doors/arpd131.zip![12]:ARCHIVES.BBS	71d056256e41d4ff70832abfe8c37d449ef45f0265bd1d05e0393a339b37cb4a	bbs-archives-passed-banner	ReportOnly	cp437-inferred	false
/home/mkrueger/work/bbs/bbsarchives/Doors/artil11.zip![13]:ARCHIVES.BBS	71d056256e41d4ff70832abfe8c37d449ef45f0265bd1d05e0393a339b37cb4a	bbs-archives-passed-banner	ReportOnly	cp437-inferred	false
/home/mkrueger/work/bbs/bbsarchives/Doors/axrud582.zip![13]:DOORS.BBS	71d056256e41d4ff70832abfe8c37d449ef45f0265bd1d05e0393a339b37cb4a	bbs-archives-passed-banner	ReportOnly	cp437-inferred	false
/home/mkrueger/work/bbs/bbsarchives/Doors/baby200.zip![6]:ARCHIVES.BBS	71d056256e41d4ff70832abfe8c37d449ef45f0265bd1d05e0393a339b37cb4a	bbs-archives-passed-banner	ReportOnly	cp437-inferred	false
/home/mkrueger/work/bbs/bbsarchives/Doors/battle31.zip![7]:DOORS.BBS	71d056256e41d4ff70832abfe8c37d449ef45f0265bd1d05e0393a339b37cb4a	bbs-archives-passed-banner	ReportOnly	cp437-inferred	false
/home/mkrueger/work/bbs/bbsarchives/Doors/bbfpd349.zip![13]:DOORS.BBS	71d056256e41d4ff70832abfe8c37d449ef45f0265bd1d05e0393a339b37cb4a	bbs-archives-passed-banner	ReportOnly	cp437-inferred	false
/home/mkrueger/work/bbs/bbsarchives/Doors/bbscr56.zip![31]:DOORS.BBS	71d056256e41d4ff70832abfe8c37d449ef45f0265bd1d05e0393a339b37cb4a	bbs-archives-passed-banner	ReportOnly	cp437-inferred	false
/home/mkrueger/work/bbs/bbsarchives/Doors/bbstr11.zip![12]:ARCHIVES.BBS	71d056256e41d4ff70832abfe8c37d449ef45f0265bd1d05e0393a339b37cb4a	bbs-archives-passed-banner	ReportOnly	cp437-inferred	false
/home/mkrueger/work/bbs/bbsarchives/Doors/bbsvp105.zip![9]:ARCHIVES.BBS	71d056256e41d4ff70832abfe8c37d449ef45f0265bd1d05e0393a339b37cb4a	bbs-archives-passed-banner	ReportOnly	cp437-inferred	false
/home/mkrueger/work/bbs/bbsarchives/Doors/bdoor101.zip![22]:ARCHIVES.BBS	71d056256e41d4ff70832abfe8c37d449ef45f0265bd1d05e0393a339b37cb4a	bbs-archives-passed-banner	ReportOnly	cp437-inferred	false
/home/mkrueger/work/bbs/bbsarchives/Doors/bibtrv01.zip![15]:ARCHIVES.BBS	71d056256e41d4ff70832abfe8c37d449ef45f0265bd1d05e0393a339b37cb4a	bbs-archives-passed-banner	ReportOnly	cp437-inferred	false
/home/mkrueger/work/bbs/bbsarchives/Doors/bike15.zip![6]:ARCHIVES.BBS	71d056256e41d4ff70832abfe8c37d449ef45f0265bd1d05e0393a339b37cb4a	bbs-archives-passed-banner	ReportOnly	cp437-inferred	false
/home/mkrueger/work/bbs/bbsarchives/Doors/bj30l.zip![7]:ARCHIVES.BBS	71d056256e41d4ff70832abfe8c37d449ef45f0265bd1d05e0393a339b37cb4a	bbs-archives-passed-banner	ReportOnly	cp437-inferred	false
/home/mkrueger/work/bbs/bbsarchives/Doors/bkbox15.zip![128]:DOORS.BBS	71d056256e41d4ff70832abfe8c37d449ef45f0265bd1d05e0393a339b37cb4a	bbs-archives-passed-banner	ReportOnly	cp437-inferred	false
/home/mkrueger/work/bbs/bbsarchives/Doors/bkrdr110.zip![28]:DOORS.BBS	71d056256e41d4ff70832abfe8c37d449ef45f0265bd1d05e0393a339b37cb4a	bbs-archives-passed-banner	ReportOnly	cp437-inferred	false
/home/mkrueger/work/bbs/bbsarchives/Doors/blackv10.zip![3]:ARCHIVES.BBS	71d056256e41d4ff70832abfe8c37d449ef45f0265bd1d05e0393a339b37cb4a	bbs-archives-passed-banner	ReportOnly	cp437-inferred	false
/home/mkrueger/work/bbs/bbsarchives/Doors/blast428.zip![6]:ARCHIVES.BBS	71d056256e41d4ff70832abfe8c37d449ef45f0265bd1d05e0393a339b37cb4a	bbs-archives-passed-banner	ReportOnly	cp437-inferred	false
/home/mkrueger/work/bbs/bbsarchives/Doors/blaxhole.zip![12]:DOORS.BBS	71d056256e41d4ff70832abfe8c37d449ef45f0265bd1d05e0393a339b37cb4a	bbs-archives-passed-banner	ReportOnly	cp437-inferred	false
/home/mkrueger/work/bbs/bbsarchives/Doors/bleed204.zip![3]:ARCHIVES.BBS	71d056256e41d4ff70832abfe8c37d449ef45f0265bd1d05e0393a339b37cb4a	bbs-archives-passed-banner	ReportOnly	cp437-inferred	false
/home/mkrueger/work/bbs/bbsarchives/Doors/blw2.zip![10]:ARCHIVES.BBS	71d056256e41d4ff70832abfe8c37d449ef45f0265bd1d05e0393a339b37cb4a	bbs-archives-passed-banner	ReportOnly	cp437-inferred	false
/home/mkrueger/work/bbs/bbsarchives/Doors/bmstr24.zip![24]:ARCHIVES.BBS	71d056256e41d4ff70832abfe8c37d449ef45f0265bd1d05e0393a339b37cb4a	bbs-archives-passed-banner	ReportOnly	cp437-inferred	false
/home/mkrueger/work/bbs/bbsarchives/Doors/bnsv110b.zip![18]:DOORS.BBS	71d056256e41d4ff70832abfe8c37d449ef45f0265bd1d05e0393a339b37cb4a	bbs-archives-passed-banner	ReportOnly	cp437-inferred	false
/home/mkrueger/work/bbs/bbsarchives/Doors/botav220.zip![47]:DOORS.BBS	71d056256e41d4ff70832abfe8c37d449ef45f0265bd1d05e0393a339b37cb4a	bbs-archives-passed-banner	ReportOnly	cp437-inferred	false
/home/mkrueger/work/bbs/bbsarchives/Doors/bouncr54.zip![12]:DOORS.BBS	71d056256e41d4ff70832abfe8c37d449ef45f0265bd1d05e0393a339b37cb4a	bbs-archives-passed-banner	ReportOnly	cp437-inferred	false
/home/mkrueger/work/bbs/bbsarchives/Doors/box101.zip![15]:ARCHIVES.BBS	71d056256e41d4ff70832abfe8c37d449ef45f0265bd1d05e0393a339b37cb4a	bbs-archives-passed-banner	ReportOnly	cp437-inferred	false
/home/mkrueger/work/bbs/bbsarchives/Doors/brehint2.zip![2]:DOORS.BBS	71d056256e41d4ff70832abfe8c37d449ef45f0265bd1d05e0393a339b37cb4a	bbs-archives-passed-banner	ReportOnly	cp437-inferred	false
/home/mkrueger/work/bbs/bbsarchives/Doors/bt202.zip![18]:ARCHIVES.BBS	71d056256e41d4ff70832abfe8c37d449ef45f0265bd1d05e0393a339b37cb4a	bbs-archives-passed-banner	ReportOnly	cp437-inferred	false
/home/mkrueger/work/bbs/bbsarchives/Doors/busdf989.zip![11]:ARCHIVES.BBS	71d056256e41d4ff70832abfe8c37d449ef45f0265bd1d05e0393a339b37cb4a	bbs-archives-passed-banner	ReportOnly	cp437-inferred	false
/home/mkrueger/work/bbs/bbsarchives/Doors/busted53.zip![20]:ARCHIVES.BBS	71d056256e41d4ff70832abfe8c37d449ef45f0265bd1d05e0393a339b37cb4a	bbs-archives-passed-banner	ReportOnly	cp437-inferred	false
/home/mkrueger/work/bbs/bbsarchives/Doors/bwlsol15.zip![12]:ARCHIVES.BBS	71d056256e41d4ff70832abfe8c37d449ef45f0265bd1d05e0393a339b37cb4a	bbs-archives-passed-banner	ReportOnly	cp437-inferred	false
/home/mkrueger/work/bbs/bbsarchives/Doors/callem11.zip![272]:DOORS.BBS	71d056256e41d4ff70832abfe8c37d449ef45f0265bd1d05e0393a339b37cb4a	bbs-archives-passed-banner	ReportOnly	cp437-inferred	false
/home/mkrueger/work/bbs/bbsarchives/Doors/cantina2.zip![5]:ARCHIVES.BBS	71d056256e41d4ff70832abfe8c37d449ef45f0265bd1d05e0393a339b37cb4a	bbs-archives-passed-banner	ReportOnly	cp437-inferred	false
/home/mkrueger/work/bbs/bbsarchives/Doors/cartel26.zip![12]:DOORS.BBS	71d056256e41d4ff70832abfe8c37d449ef45f0265bd1d05e0393a339b37cb4a	bbs-archives-passed-banner	ReportOnly	cp437-inferred	false
/home/mkrueger/work/bbs/bbsarchives/Doors/cash3lot.zip![8]:DOORS.BBS	71d056256e41d4ff70832abfe8c37d449ef45f0265bd1d05e0393a339b37cb4a	bbs-archives-passed-banner	ReportOnly	cp437-inferred	false
/home/mkrueger/work/bbs/bbsarchives/Doors/cbb_2dv11.zip![12]:ARCHIVES.BBS	71d056256e41d4ff70832abfe8c37d449ef45f0265bd1d05e0393a339b37cb4a	bbs-archives-passed-banner	ReportOnly	cp437-inferred	false
/home/mkrueger/work/bbs/bbsarchives/Doors/ccheck10.zip![11]:ARCHIVES.BBS	71d056256e41d4ff70832abfe8c37d449ef45f0265bd1d05e0393a339b37cb4a	bbs-archives-passed-banner	ReportOnly	cp437-inferred	false
/home/mkrueger/work/bbs/bbsarchives/Doors/cdept22c.zip![8]:ARCHIVES.BBS	71d056256e41d4ff70832abfe8c37d449ef45f0265bd1d05e0393a339b37cb4a	bbs-archives-passed-banner	ReportOnly	cp437-inferred	false
/home/mkrueger/work/bbs/bbsarchives/Doors/challb14.zip![12]:ARCHIVES.BBS	71d056256e41d4ff70832abfe8c37d449ef45f0265bd1d05e0393a339b37cb4a	bbs-archives-passed-banner	ReportOnly	cp437-inferred	false
/home/mkrueger/work/bbs/bbsarchives/Doors/cham101.zip![17]:LORD.IGM	71d056256e41d4ff70832abfe8c37d449ef45f0265bd1d05e0393a339b37cb4a	bbs-archives-passed-banner	ReportOnly	cp437-inferred	false
/home/mkrueger/work/bbs/bbsarchives/Doors/check21.zip![15]:ARCHIVES.BBS	71d056256e41d4ff70832abfe8c37d449ef45f0265bd1d05e0393a339b37cb4a	bbs-archives-passed-banner	ReportOnly	cp437-inferred	false
/home/mkrueger/work/bbs/bbsarchives/Doors/chnrt22.zip![16]:ARCHIVES.BBS	71d056256e41d4ff70832abfe8c37d449ef45f0265bd1d05e0393a339b37cb4a	bbs-archives-passed-banner	ReportOnly	cp437-inferred	false
/home/mkrueger/work/bbs/bbsarchives/Doors/cm_2dkit.zip![10]:DOORS.BBS	71d056256e41d4ff70832abfe8c37d449ef45f0265bd1d05e0393a339b37cb4a	bbs-archives-passed-banner	ReportOnly	cp437-inferred	false
/home/mkrueger/work/bbs/bbsarchives/Doors/cool11.zip![11]:DOORS.BBS	71d056256e41d4ff70832abfe8c37d449ef45f0265bd1d05e0393a339b37cb4a	bbs-archives-passed-banner	ReportOnly	cp437-inferred	false
/home/mkrueger/work/bbs/bbsarchives/Doors/craps20.zip![6]:DOORS.BBS	71d056256e41d4ff70832abfe8c37d449ef45f0265bd1d05e0393a339b37cb4a	bbs-archives-passed-banner	ReportOnly	cp437-inferred	false
/home/mkrueger/work/bbs/bbsarchives/Doors/crazy121.zip![2]:ARCHIVES.BBS	71d056256e41d4ff70832abfe8c37d449ef45f0265bd1d05e0393a339b37cb4a	bbs-archives-passed-banner	ReportOnly	cp437-inferred	false
/home/mkrueger/work/bbs/bbsarchives/Doors/crom010a.zip![11]:ARCHIVES.BBS	71d056256e41d4ff70832abfe8c37d449ef45f0265bd1d05e0393a339b37cb4a	bbs-archives-passed-banner	ReportOnly	cp437-inferred	false
/home/mkrueger/work/bbs/bbsarchives/Doors/crs131.zip![15]:ARCHIVES.BBS	71d056256e41d4ff70832abfe8c37d449ef45f0265bd1d05e0393a339b37cb4a	bbs-archives-passed-banner	ReportOnly	cp437-inferred	false
/home/mkrueger/work/bbs/bbsarchives/Doors/csd72.zip![14]:ARCHIVES.BBS	71d056256e41d4ff70832abfe8c37d449ef45f0265bd1d05e0393a339b37cb4a	bbs-archives-passed-banner	ReportOnly	cp437-inferred	false
/home/mkrueger/work/bbs/bbsarchives/Doors/csgolf10.zip![8]:DOORS.BBS	71d056256e41d4ff70832abfe8c37d449ef45f0265bd1d05e0393a339b37cb4a	bbs-archives-passed-banner	ReportOnly	cp437-inferred	false
/home/mkrueger/work/bbs/bbsarchives/Doors/cshark57.zip![13]:DOORS.BBS	71d056256e41d4ff70832abfe8c37d449ef45f0265bd1d05e0393a339b37cb4a	bbs-archives-passed-banner	ReportOnly	cp437-inferred	false
/home/mkrueger/work/bbs/bbsarchives/Doors/cummac12.zip![6]:ARCHIVES.BBS	71d056256e41d4ff70832abfe8c37d449ef45f0265bd1d05e0393a339b37cb4a	bbs-archives-passed-banner	ReportOnly	cp437-inferred	false
/home/mkrueger/work/bbs/bbsarchives/Doors/curly100.zip![13]:ARCHIVES.BBS	71d056256e41d4ff70832abfe8c37d449ef45f0265bd1d05e0393a339b37cb4a	bbs-archives-passed-banner	ReportOnly	cp437-inferred	false
/home/mkrueger/work/bbs/bbsarchives/Doors/cwords70.zip![23]:DOORS.BBS	71d056256e41d4ff70832abfe8c37d449ef45f0265bd1d05e0393a339b37cb4a	bbs-archives-passed-banner	ReportOnly	cp437-inferred	false
/home/mkrueger/work/bbs/bbsarchives/Doors/data122b.zip![5]:DOORS.BBS	71d056256e41d4ff70832abfe8c37d449ef45f0265bd1d05e0393a339b37cb4a	bbs-archives-passed-banner	ReportOnly	cp437-inferred	false
/home/mkrueger/work/bbs/bbsarchives/Doors/dcat16.zip![5]:DOORS.BBS	71d056256e41d4ff70832abfe8c37d449ef45f0265bd1d05e0393a339b37cb4a	bbs-archives-passed-banner	ReportOnly	cp437-inferred	false
/home/mkrueger/work/bbs/bbsarchives/Doors/dd_lite.zip![10]:DOORS.BBS	71d056256e41d4ff70832abfe8c37d449ef45f0265bd1d05e0393a339b37cb4a	bbs-archives-passed-banner	ReportOnly	cp437-inferred	false
/home/mkrueger/work/bbs/bbsarchives/Doors/derby11.zip![20]:DOORS.BBS	71d056256e41d4ff70832abfe8c37d449ef45f0265bd1d05e0393a339b37cb4a	bbs-archives-passed-banner	ReportOnly	cp437-inferred	false
/home/mkrueger/work/bbs/bbsarchives/Doors/deton31.zip![5]:DOORS.BBS	71d056256e41d4ff70832abfe8c37d449ef45f0265bd1d05e0393a339b37cb4a	bbs-archives-passed-banner	ReportOnly	cp437-inferred	false
/home/mkrueger/work/bbs/bbsarchives/Doors/djcv02.zip![12]:DOORS.BBS	71d056256e41d4ff70832abfe8c37d449ef45f0265bd1d05e0393a339b37cb4a	bbs-archives-passed-banner	ReportOnly	cp437-inferred	false
/home/mkrueger/work/bbs/bbsarchives/Doors/dlotto06.zip![5]:DOORS.BBS	71d056256e41d4ff70832abfe8c37d449ef45f0265bd1d05e0393a339b37cb4a	bbs-archives-passed-banner	ReportOnly	cp437-inferred	false
/home/mkrueger/work/bbs/bbsarchives/Doors/dmii100.zip![49]:ARCHIVES.BBS	71d056256e41d4ff70832abfe8c37d449ef45f0265bd1d05e0393a339b37cb4a	bbs-archives-passed-banner	ReportOnly	cp437-inferred	false
/home/mkrueger/work/bbs/bbsarchives/Doors/dnt10.zip![7]:ARCHIVES.BBS	71d056256e41d4ff70832abfe8c37d449ef45f0265bd1d05e0393a339b37cb4a	bbs-archives-passed-banner	ReportOnly	cp437-inferred	false
/home/mkrueger/work/bbs/bbsarchives/Doors/dopewars.zip![6]:ARCHIVES.BBS	71d056256e41d4ff70832abfe8c37d449ef45f0265bd1d05e0393a339b37cb4a	bbs-archives-passed-banner	ReportOnly	cp437-inferred	false
/home/mkrueger/work/bbs/bbsarchives/Doors/doradvnt.zip![8]:ARCHIVES.BBS	71d056256e41d4ff70832abfe8c37d449ef45f0265bd1d05e0393a339b37cb4a	bbs-archives-passed-banner	ReportOnly	cp437-inferred	false
/home/mkrueger/work/bbs/bbsarchives/Doors/drmlgt10.zip![9]:ARCHIVES.BBS	71d056256e41d4ff70832abfe8c37d449ef45f0265bd1d05e0393a339b37cb4a	bbs-archives-passed-banner	ReportOnly	cp437-inferred	false
/home/mkrueger/work/bbs/bbsarchives/Doors/drmslt17.zip![8]:ARCHIVES.BBS	71d056256e41d4ff70832abfe8c37d449ef45f0265bd1d05e0393a339b37cb4a	bbs-archives-passed-banner	ReportOnly	cp437-inferred	false
/home/mkrueger/work/bbs/bbsarchives/Doors/dvote10c.zip![9]:ARCHIVES.BBS	71d056256e41d4ff70832abfe8c37d449ef45f0265bd1d05e0393a339b37cb4a	bbs-archives-passed-banner	ReportOnly	cp437-inferred	false
/home/mkrueger/work/bbs/bbsarchives/Doors/dynas302.zip![7]:DOORS.BBS	71d056256e41d4ff70832abfe8c37d449ef45f0265bd1d05e0393a339b37cb4a	bbs-archives-passed-banner	ReportOnly	cp437-inferred	false
/home/mkrueger/work/bbs/bbsarchives/Doors/ea_free.zip![6]:ARCHIVES.BBS	71d056256e41d4ff70832abfe8c37d449ef45f0265bd1d05e0393a339b37cb4a	bbs-archives-passed-banner	ReportOnly	cp437-inferred	false
/home/mkrueger/work/bbs/bbsarchives/Doors/ed_26d100a.zip![81]:ARCHIVES.BBS	71d056256e41d4ff70832abfe8c37d449ef45f0265bd1d05e0393a339b37cb4a	bbs-archives-passed-banner	ReportOnly	cp437-inferred	false
/home/mkrueger/work/bbs/bbsarchives/Doors/editem11.zip![10]:DOORS.BBS	71d056256e41d4ff70832abfe8c37d449ef45f0265bd1d05e0393a339b37cb4a	bbs-archives-passed-banner	ReportOnly	cp437-inferred	false
/home/mkrueger/work/bbs/bbsarchives/Doors/elb110.zip![14]:ARCHIVES.BBS	71d056256e41d4ff70832abfe8c37d449ef45f0265bd1d05e0393a339b37cb4a	bbs-archives-passed-banner	ReportOnly	cp437-inferred	false
/home/mkrueger/work/bbs/bbsarchives/Doors/enquir65.zip![22]:ARCHIVES.BBS	71d056256e41d4ff70832abfe8c37d449ef45f0265bd1d05e0393a339b37cb4a	bbs-archives-passed-banner	ReportOnly	cp437-inferred	false
/home/mkrueger/work/bbs/bbsarchives/Doors/ens110.zip![11]:ARCHIVES.BBS	71d056256e41d4ff70832abfe8c37d449ef45f0265bd1d05e0393a339b37cb4a	bbs-archives-passed-banner	ReportOnly	cp437-inferred	false
/home/mkrueger/work/bbs/bbsarchives/Doors/eshow17.zip![7]:ARCHIVES.BBS	71d056256e41d4ff70832abfe8c37d449ef45f0265bd1d05e0393a339b37cb4a	bbs-archives-passed-banner	ReportOnly	cp437-inferred	false
/home/mkrueger/work/bbs/bbsarchives/Doors/exitfaq.zip![1]:DOORS.BBS	71d056256e41d4ff70832abfe8c37d449ef45f0265bd1d05e0393a339b37cb4a	bbs-archives-passed-banner	ReportOnly	cp437-inferred	false
/home/mkrueger/work/bbs/bbsarchives/Doors/fair407.zip![27]:ARCHIVES.BBS	71d056256e41d4ff70832abfe8c37d449ef45f0265bd1d05e0393a339b37cb4a	bbs-archives-passed-banner	ReportOnly	cp437-inferred	false
/home/mkrueger/work/bbs/bbsarchives/Doors/farkl219.zip![8]:DOORS.BBS	71d056256e41d4ff70832abfe8c37d449ef45f0265bd1d05e0393a339b37cb4a	bbs-archives-passed-banner	ReportOnly	cp437-inferred	false
/home/mkrueger/work/bbs/bbsarchives/Doors/fatm92l.zip![3]:ARCHIVES.BBS	71d056256e41d4ff70832abfe8c37d449ef45f0265bd1d05e0393a339b37cb4a	bbs-archives-passed-banner	ReportOnly	cp437-inferred	false
/home/mkrueger/work/bbs/bbsarchives/Doors/ffatl.zip![7]:ARCHIVES.BBS	71d056256e41d4ff70832abfe8c37d449ef45f0265bd1d05e0393a339b37cb4a	bbs-archives-passed-banner	ReportOnly	cp437-inferred	false
/home/mkrueger/work/bbs/bbsarchives/Doors/ffind11.zip![11]:DOORS.BBS	71d056256e41d4ff70832abfe8c37d449ef45f0265bd1d05e0393a339b37cb4a	bbs-archives-passed-banner	ReportOnly	cp437-inferred	false
/home/mkrueger/work/bbs/bbsarchives/Doors/ffs27001.zip![18]:DOORS.BBS	71d056256e41d4ff70832abfe8c37d449ef45f0265bd1d05e0393a339b37cb4a	bbs-archives-passed-banner	ReportOnly	cp437-inferred	false
/home/mkrueger/work/bbs/bbsarchives/Doors/flapi95.zip![7]:ARCHIVES.BBS	71d056256e41d4ff70832abfe8c37d449ef45f0265bd1d05e0393a339b37cb4a	bbs-archives-passed-banner	ReportOnly	cp437-inferred	false
/home/mkrueger/work/bbs/bbsarchives/Doors/fm11.zip![2]:DOORS.BBS	71d056256e41d4ff70832abfe8c37d449ef45f0265bd1d05e0393a339b37cb4a	bbs-archives-passed-banner	ReportOnly	cp437-inferred	false
/home/mkrueger/work/bbs/bbsarchives/Doors/fo307sw.zip![12]:DOORS.BBS	71d056256e41d4ff70832abfe8c37d449ef45f0265bd1d05e0393a339b37cb4a	bbs-archives-passed-banner	ReportOnly	cp437-inferred	false
/home/mkrueger/work/bbs/bbsarchives/Doors/foolem11.zip![214]:DOORS.BBS	71d056256e41d4ff70832abfe8c37d449ef45f0265bd1d05e0393a339b37cb4a	bbs-archives-passed-banner	ReportOnly	cp437-inferred	false
/home/mkrueger/work/bbs/bbsarchives/Doors/forgt10a.zip![10]:DOORS.BBS	71d056256e41d4ff70832abfe8c37d449ef45f0265bd1d05e0393a339b37cb4a	bbs-archives-passed-banner	ReportOnly	cp437-inferred	false
/home/mkrueger/work/bbs/bbsarchives/Doors/fowl110.zip![7]:DOORS.BBS	71d056256e41d4ff70832abfe8c37d449ef45f0265bd1d05e0393a339b37cb4a	bbs-archives-passed-banner	ReportOnly	cp437-inferred	false
/home/mkrueger/work/bbs/bbsarchives/Doors/freedoor.zip![4]:ARCHIVES.BBS	71d056256e41d4ff70832abfe8c37d449ef45f0265bd1d05e0393a339b37cb4a	bbs-archives-passed-banner	ReportOnly	cp437-inferred	false
/home/mkrueger/work/bbs/bbsarchives/Doors/ftb120fw.zip![13]:ARCHIVES.BBS	71d056256e41d4ff70832abfe8c37d449ef45f0265bd1d05e0393a339b37cb4a	bbs-archives-passed-banner	ReportOnly	cp437-inferred	false
/home/mkrueger/work/bbs/bbsarchives/Doors/funk2_2d23.zip![12]:DOORS.BBS	71d056256e41d4ff70832abfe8c37d449ef45f0265bd1d05e0393a339b37cb4a	bbs-archives-passed-banner	ReportOnly	cp437-inferred	false
/home/mkrueger/work/bbs/bbsarchives/Doors/funkyads.zip![9]:ARCHIVES.BBS	71d056256e41d4ff70832abfe8c37d449ef45f0265bd1d05e0393a339b37cb4a	bbs-archives-passed-banner	ReportOnly	cp437-inferred	false
/home/mkrueger/work/bbs/bbsarchives/Doors/fwall22e.zip![26]:ARCHIVES.BBS	71d056256e41d4ff70832abfe8c37d449ef45f0265bd1d05e0393a339b37cb4a	bbs-archives-passed-banner	ReportOnly	cp437-inferred	false
/home/mkrueger/work/bbs/bbsarchives/Doors/fwarfree.zip![8]:ARCHIVES.BBS	71d056256e41d4ff70832abfe8c37d449ef45f0265bd1d05e0393a339b37cb4a	bbs-archives-passed-banner	ReportOnly	cp437-inferred	false
/home/mkrueger/work/bbs/bbsarchives/Doors/gacfc120.zip![17]:ARCHIVES.BBS	71d056256e41d4ff70832abfe8c37d449ef45f0265bd1d05e0393a339b37cb4a	bbs-archives-passed-banner	ReportOnly	cp437-inferred	false
/home/mkrueger/work/bbs/bbsarchives/Doors/gacwh120.zip![20]:ARCHIVES.BBS	71d056256e41d4ff70832abfe8c37d449ef45f0265bd1d05e0393a339b37cb4a	bbs-archives-passed-banner	ReportOnly	cp437-inferred	false
/home/mkrueger/work/bbs/bbsarchives/Doors/gammon11.zip![15]:DOORS.BBS	71d056256e41d4ff70832abfe8c37d449ef45f0265bd1d05e0393a339b37cb4a	bbs-archives-passed-banner	ReportOnly	cp437-inferred	false
/home/mkrueger/work/bbs/bbsarchives/Doors/gammon20.zip![8]:DOORS.BBS	71d056256e41d4ff70832abfe8c37d449ef45f0265bd1d05e0393a339b37cb4a	bbs-archives-passed-banner	ReportOnly	cp437-inferred	false
/home/mkrueger/work/bbs/bbsarchives/Doors/gbkgv16.zip![2]:ARCHIVES.BBS	71d056256e41d4ff70832abfe8c37d449ef45f0265bd1d05e0393a339b37cb4a	bbs-archives-passed-banner	ReportOnly	cp437-inferred	false
/home/mkrueger/work/bbs/bbsarchives/Doors/gcwfd130.zip![14]:DOORS.BBS	71d056256e41d4ff70832abfe8c37d449ef45f0265bd1d05e0393a339b37cb4a	bbs-archives-passed-banner	ReportOnly	cp437-inferred	false
/home/mkrueger/work/bbs/bbsarchives/Doors/gen10.zip![20]:DOORS.BBS	71d056256e41d4ff70832abfe8c37d449ef45f0265bd1d05e0393a339b37cb4a	bbs-archives-passed-banner	ReportOnly	cp437-inferred	false
/home/mkrueger/work/bbs/bbsarchives/Doors/gmon_402.zip![12]:DOORS.BBS	71d056256e41d4ff70832abfe8c37d449ef45f0265bd1d05e0393a339b37cb4a	bbs-archives-passed-banner	ReportOnly	cp437-inferred	false
/home/mkrueger/work/bbs/bbsarchives/Doors/goph_10.zip![12]:DOORS.BBS	71d056256e41d4ff70832abfe8c37d449ef45f0265bd1d05e0393a339b37cb4a	bbs-archives-passed-banner	ReportOnly	cp437-inferred	false
/home/mkrueger/work/bbs/bbsarchives/Doors/gplus2.zip![7]:DOORS.BBS	71d056256e41d4ff70832abfe8c37d449ef45f0265bd1d05e0393a339b37cb4a	bbs-archives-passed-banner	ReportOnly	cp437-inferred	false
/home/mkrueger/work/bbs/bbsarchives/Doors/greedy22.zip![22]:ARCHIVES.BBS	71d056256e41d4ff70832abfe8c37d449ef45f0265bd1d05e0393a339b37cb4a	bbs-archives-passed-banner	ReportOnly	cp437-inferred	false
/home/mkrueger/work/bbs/bbsarchives/Doors/grid100.zip![11]:DOORS.BBS	71d056256e41d4ff70832abfe8c37d449ef45f0265bd1d05e0393a339b37cb4a	bbs-archives-passed-banner	ReportOnly	cp437-inferred	false
/home/mkrueger/work/bbs/bbsarchives/Doors/gs103.zip![15]:ARCHIVES.BBS	71d056256e41d4ff70832abfe8c37d449ef45f0265bd1d05e0393a339b37cb4a	bbs-archives-passed-banner	ReportOnly	cp437-inferred	false
/home/mkrueger/work/bbs/bbsarchives/Doors/gterm511.zip![16]:DOORS.BBS	71d056256e41d4ff70832abfe8c37d449ef45f0265bd1d05e0393a339b37cb4a	bbs-archives-passed-banner	ReportOnly	cp437-inferred	false
/home/mkrueger/work/bbs/bbsarchives/Doors/gtwin511.zip![7]:DOORS.BBS	71d056256e41d4ff70832abfe8c37d449ef45f0265bd1d05e0393a339b37cb4a	bbs-archives-passed-banner	ReportOnly	cp437-inferred	false
/home/mkrueger/work/bbs/bbsarchives/Doors/guess.zip![5]:ARCHIVES.BBS	71d056256e41d4ff70832abfe8c37d449ef45f0265bd1d05e0393a339b37cb4a	bbs-archives-passed-banner	ReportOnly	cp437-inferred	false
/home/mkrueger/work/bbs/bbsarchives/Doors/guess231.zip![2]:ARCHIVES.BBS	71d056256e41d4ff70832abfe8c37d449ef45f0265bd1d05e0393a339b37cb4a	bbs-archives-passed-banner	ReportOnly	cp437-inferred	false
/home/mkrueger/work/bbs/bbsarchives/Doors/gw_slt13.zip![9]:DOORS.BBS	71d056256e41d4ff70832abfe8c37d449ef45f0265bd1d05e0393a339b37cb4a	bbs-archives-passed-banner	ReportOnly	cp437-inferred	false
/home/mkrueger/work/bbs/bbsarchives/Doors/gwterm25.zip![5]:DOORS.BBS	71d056256e41d4ff70832abfe8c37d449ef45f0265bd1d05e0393a339b37cb4a	bbs-archives-passed-banner	ReportOnly	cp437-inferred	false
/home/mkrueger/work/bbs/bbsarchives/Doors/h2hns.zip![7]:DOORS.BBS	71d056256e41d4ff70832abfe8c37d449ef45f0265bd1d05e0393a339b37cb4a	bbs-archives-passed-banner	ReportOnly	cp437-inferred	false
/home/mkrueger/work/bbs/bbsarchives/Doors/hanghim1.zip![4]:ARCHIVES.BBS	71d056256e41d4ff70832abfe8c37d449ef45f0265bd1d05e0393a339b37cb4a	bbs-archives-passed-banner	ReportOnly	cp437-inferred	false
/home/mkrueger/work/bbs/bbsarchives/Doors/hank_100.zip![15]:ARCHIVES.BBS	71d056256e41d4ff70832abfe8c37d449ef45f0265bd1d05e0393a339b37cb4a	bbs-archives-passed-banner	ReportOnly	cp437-inferred	false
/home/mkrueger/work/bbs/bbsarchives/Doors/hanoi10.zip![8]:ARCHIVES.BBS	71d056256e41d4ff70832abfe8c37d449ef45f0265bd1d05e0393a339b37cb4a	bbs-archives-passed-banner	ReportOnly	cp437-inferred	false
/home/mkrueger/work/bbs/bbsarchives/Doors/hk_v11.zip![30]:ARCHIVES.BBS	71d056256e41d4ff70832abfe8c37d449ef45f0265bd1d05e0393a339b37cb4a	bbs-archives-passed-banner	ReportOnly	cp437-inferred	false
/home/mkrueger/work/bbs/bbsarchives/Doors/hoho106.zip![15]:ARCHIVES.BBS	71d056256e41d4ff70832abfe8c37d449ef45f0265bd1d05e0393a339b37cb4a	bbs-archives-passed-banner	ReportOnly	cp437-inferred	false
/home/mkrueger/work/bbs/bbsarchives/Doors/horple.zip![9]:ARCHIVES.BBS	71d056256e41d4ff70832abfe8c37d449ef45f0265bd1d05e0393a339b37cb4a	bbs-archives-passed-banner	ReportOnly	cp437-inferred	false
/home/mkrueger/work/bbs/bbsarchives/Doors/hr307sw.zip![12]:DOORS.BBS	71d056256e41d4ff70832abfe8c37d449ef45f0265bd1d05e0393a339b37cb4a	bbs-archives-passed-banner	ReportOnly	cp437-inferred	false
/home/mkrueger/work/bbs/bbsarchives/Doors/hsa40.zip![6]:DOORS.BBS	71d056256e41d4ff70832abfe8c37d449ef45f0265bd1d05e0393a339b37cb4a	bbs-archives-passed-banner	ReportOnly	cp437-inferred	false
/home/mkrueger/work/bbs/bbsarchives/Doors/hubmak15.zip![4]:ARCHIVES.BBS	71d056256e41d4ff70832abfe8c37d449ef45f0265bd1d05e0393a339b37cb4a	bbs-archives-passed-banner	ReportOnly	cp437-inferred	false
/home/mkrueger/work/bbs/bbsarchives/Doors/hxwars10.zip![12]:ARCHIVES.BBS	71d056256e41d4ff70832abfe8c37d449ef45f0265bd1d05e0393a339b37cb4a	bbs-archives-passed-banner	ReportOnly	cp437-inferred	false
/home/mkrueger/work/bbs/bbsarchives/Doors/ics100f.zip![8]:ARCHIVES.BBS	71d056256e41d4ff70832abfe8c37d449ef45f0265bd1d05e0393a339b37cb4a	bbs-archives-passed-banner	ReportOnly	cp437-inferred	false
/home/mkrueger/work/bbs/bbsarchives/Doors/igene2.zip![26]:ARCHIVES.BBS	71d056256e41d4ff70832abfe8c37d449ef45f0265bd1d05e0393a339b37cb4a	bbs-archives-passed-banner	ReportOnly	cp437-inferred	false
/home/mkrueger/work/bbs/bbsarchives/Doors/imm1_70r.zip![5]:DOORS.BBS	71d056256e41d4ff70832abfe8c37d449ef45f0265bd1d05e0393a339b37cb4a	bbs-archives-passed-banner	ReportOnly	cp437-inferred	false
/home/mkrueger/work/bbs/bbsarchives/Doors/imp362.zip![34]:DOORS.BBS	71d056256e41d4ff70832abfe8c37d449ef45f0265bd1d05e0393a339b37cb4a	bbs-archives-passed-banner	ReportOnly	cp437-inferred	false
/home/mkrueger/work/bbs/bbsarchives/Doors/isa_099.zip![29]:DOORS.BBS	71d056256e41d4ff70832abfe8c37d449ef45f0265bd1d05e0393a339b37cb4a	bbs-archives-passed-banner	ReportOnly	cp437-inferred	false
/home/mkrueger/work/bbs/bbsarchives/Doors/jabbaigm.zip![9]:ARCHIVES.BBS	71d056256e41d4ff70832abfe8c37d449ef45f0265bd1d05e0393a339b37cb4a	bbs-archives-passed-banner	ReportOnly	cp437-inferred	false
/home/mkrueger/work/bbs/bbsarchives/Doors/jackm.zip![9]:ARCHIVES.BBS	71d056256e41d4ff70832abfe8c37d449ef45f0265bd1d05e0393a339b37cb4a	bbs-archives-passed-banner	ReportOnly	cp437-inferred	false
/home/mkrueger/work/bbs/bbsarchives/Doors/jacob1s.zip![6]:ARCHIVES.BBS	71d056256e41d4ff70832abfe8c37d449ef45f0265bd1d05e0393a339b37cb4a	bbs-archives-passed-banner	ReportOnly	cp437-inferred	false
/home/mkrueger/work/bbs/bbsarchives/Doors/jacobp.zip![3]:ARCHIVES.BBS	71d056256e41d4ff70832abfe8c37d449ef45f0265bd1d05e0393a339b37cb4a	bbs-archives-passed-banner	ReportOnly	cp437-inferred	false
/home/mkrueger/work/bbs/bbsarchives/Doors/jedi105.zip![24]:ARCHIVES.BBS	71d056256e41d4ff70832abfe8c37d449ef45f0265bd1d05e0393a339b37cb4a	bbs-archives-passed-banner	ReportOnly	cp437-inferred	false
/home/mkrueger/work/bbs/bbsarchives/Doors/jfkeno10.zip![7]:DOORS.BBS	71d056256e41d4ff70832abfe8c37d449ef45f0265bd1d05e0393a339b37cb4a	bbs-archives-passed-banner	ReportOnly	cp437-inferred	false
/home/mkrueger/work/bbs/bbsarchives/Doors/jpvp103.zip![12]:ARCHIVES.BBS	71d056256e41d4ff70832abfe8c37d449ef45f0265bd1d05e0393a339b37cb4a	bbs-archives-passed-banner	ReportOnly	cp437-inferred	false
/home/mkrueger/work/bbs/bbsarchives/Doors/jsgo122.zip![17]:DOORS.BBS	71d056256e41d4ff70832abfe8c37d449ef45f0265bd1d05e0393a339b37cb4a	bbs-archives-passed-banner	ReportOnly	cp437-inferred	false
/home/mkrueger/work/bbs/bbsarchives/Doors/jumpbase.zip![4]:ARCHIVES.BBS	71d056256e41d4ff70832abfe8c37d449ef45f0265bd1d05e0393a339b37cb4a	bbs-archives-passed-banner	ReportOnly	cp437-inferred	false
/home/mkrueger/work/bbs/bbsarchives/Doors/junk104.zip![4]:ARCHIVES.BBS	71d056256e41d4ff70832abfe8c37d449ef45f0265bd1d05e0393a339b37cb4a	bbs-archives-passed-banner	ReportOnly	cp437-inferred	false
/home/mkrueger/work/bbs/bbsarchives/Doors/katbbs20.zip![14]:DOORS.BBS	71d056256e41d4ff70832abfe8c37d449ef45f0265bd1d05e0393a339b37cb4a	bbs-archives-passed-banner	ReportOnly	cp437-inferred	false
/home/mkrueger/work/bbs/bbsarchives/Doors/katnes20.zip![33]:DOORS.BBS	71d056256e41d4ff70832abfe8c37d449ef45f0265bd1d05e0393a339b37cb4a	bbs-archives-passed-banner	ReportOnly	cp437-inferred	false
/home/mkrueger/work/bbs/bbsarchives/Doors/kc10001.zip![9]:ARCHIVES.BBS	71d056256e41d4ff70832abfe8c37d449ef45f0265bd1d05e0393a339b37cb4a	bbs-archives-passed-banner	ReportOnly	cp437-inferred	false
/home/mkrueger/work/bbs/bbsarchives/Doors/kchat_12.zip![6]:DOORS.BBS	71d056256e41d4ff70832abfe8c37d449ef45f0265bd1d05e0393a339b37cb4a	bbs-archives-passed-banner	ReportOnly	cp437-inferred	false
/home/mkrueger/work/bbs/bbsarchives/Doors/kcup147b.zip![12]:ARCHIVES.BBS	71d056256e41d4ff70832abfe8c37d449ef45f0265bd1d05e0393a339b37cb4a	bbs-archives-passed-banner	ReportOnly	cp437-inferred	false
/home/mkrueger/work/bbs/bbsarchives/Doors/kdom_2d223.zip![59]:ARCHIVES.BBS	71d056256e41d4ff70832abfe8c37d449ef45f0265bd1d05e0393a339b37cb4a	bbs-archives-passed-banner	ReportOnly	cp437-inferred	false
/home/mkrueger/work/bbs/bbsarchives/Doors/king144b.zip![11]:ARCHIVES.BBS	71d056256e41d4ff70832abfe8c37d449ef45f0265bd1d05e0393a339b37cb4a	bbs-archives-passed-banner	ReportOnly	cp437-inferred	false
/home/mkrueger/work/bbs/bbsarchives/Doors/kingreg.zip![2]:ARCHIVES.BBS	71d056256e41d4ff70832abfe8c37d449ef45f0265bd1d05e0393a339b37cb4a	bbs-archives-passed-banner	ReportOnly	cp437-inferred	false
/home/mkrueger/work/bbs/bbsarchives/Doors/konnect4.zip![21]:DOORS.BBS	71d056256e41d4ff70832abfe8c37d449ef45f0265bd1d05e0393a339b37cb4a	bbs-archives-passed-banner	ReportOnly	cp437-inferred	false
/home/mkrueger/work/bbs/bbsarchives/Doors/kreuz12.zip![29]:ARCHIVES.BBS	71d056256e41d4ff70832abfe8c37d449ef45f0265bd1d05e0393a339b37cb4a	bbs-archives-passed-banner	ReportOnly	cp437-inferred	false
/home/mkrueger/work/bbs/bbsarchives/Doors/krozasst.zip![4]:ARCHIVES.BBS	71d056256e41d4ff70832abfe8c37d449ef45f0265bd1d05e0393a339b37cb4a	bbs-archives-passed-banner	ReportOnly	cp437-inferred	false
/home/mkrueger/work/bbs/bbsarchives/Doors/kumite11.zip![5]:DOORS.BBS	71d056256e41d4ff70832abfe8c37d449ef45f0265bd1d05e0393a339b37cb4a	bbs-archives-passed-banner	ReportOnly	cp437-inferred	false
/home/mkrueger/work/bbs/bbsarchives/Doors/kybar11u.zip![8]:DOORS.BBS	71d056256e41d4ff70832abfe8c37d449ef45f0265bd1d05e0393a339b37cb4a	bbs-archives-passed-banner	ReportOnly	cp437-inferred	false
/home/mkrueger/work/bbs/bbsarchives/Doors/kylon242.zip![18]:DOORS.BBS	71d056256e41d4ff70832abfe8c37d449ef45f0265bd1d05e0393a339b37cb4a	bbs-archives-passed-banner	ReportOnly	cp437-inferred	false
/home/mkrueger/work/bbs/bbsarchives/Doors/l_dv20.zip![62]:DOORS.BBS	71d056256e41d4ff70832abfe8c37d449ef45f0265bd1d05e0393a339b37cb4a	bbs-archives-passed-banner	ReportOnly	cp437-inferred	false
/home/mkrueger/work/bbs/bbsarchives/Doors/landf100.zip![5]:DOORS.BBS	71d056256e41d4ff70832abfe8c37d449ef45f0265bd1d05e0393a339b37cb4a	bbs-archives-passed-banner	ReportOnly	cp437-inferred	false
/home/mkrueger/work/bbs/bbsarchives/Doors/lcbud12.zip![5]:ARCHIVES.BBS	71d056256e41d4ff70832abfe8c37d449ef45f0265bd1d05e0393a339b37cb4a	bbs-archives-passed-banner	ReportOnly	cp437-inferred	false
/home/mkrueger/work/bbs/bbsarchives/Doors/leper100.zip![13]:ARCHIVES.BBS	71d056256e41d4ff70832abfe8c37d449ef45f0265bd1d05e0393a339b37cb4a	bbs-archives-passed-banner	ReportOnly	cp437-inferred	false
/home/mkrueger/work/bbs/bbsarchives/Doors/links60a.zip![31]:ARCHIVES.BBS	71d056256e41d4ff70832abfe8c37d449ef45f0265bd1d05e0393a339b37cb4a	bbs-archives-passed-banner	ReportOnly	cp437-inferred	false
/home/mkrueger/work/bbs/bbsarchives/Doors/ll111.zip![15]:ARCHIVES.BBS	71d056256e41d4ff70832abfe8c37d449ef45f0265bd1d05e0393a339b37cb4a	bbs-archives-passed-banner	ReportOnly	cp437-inferred	false
/home/mkrueger/work/bbs/bbsarchives/Doors/loc1_11b.zip![19]:DOORS.BBS	71d056256e41d4ff70832abfe8c37d449ef45f0265bd1d05e0393a339b37cb4a	bbs-archives-passed-banner	ReportOnly	cp437-inferred	false
/home/mkrueger/work/bbs/bbsarchives/Doors/lockjw10.zip![7]:DOORS.BBS	71d056256e41d4ff70832abfe8c37d449ef45f0265bd1d05e0393a339b37cb4a	bbs-archives-passed-banner	ReportOnly	cp437-inferred	false
/home/mkrueger/work/bbs/bbsarchives/Doors/lod511a.zip![8]:DOORS.BBS	71d056256e41d4ff70832abfe8c37d449ef45f0265bd1d05e0393a339b37cb4a	bbs-archives-passed-banner	ReportOnly	cp437-inferred	false
/home/mkrueger/work/bbs/bbsarchives/Doors/lod511d1.zip![3]:DOORS.BBS	71d056256e41d4ff70832abfe8c37d449ef45f0265bd1d05e0393a339b37cb4a	bbs-archives-passed-banner	ReportOnly	cp437-inferred	false
/home/mkrueger/work/bbs/bbsarchives/Doors/lod511d2.zip![3]:DOORS.BBS	71d056256e41d4ff70832abfe8c37d449ef45f0265bd1d05e0393a339b37cb4a	bbs-archives-passed-banner	ReportOnly	cp437-inferred	false
/home/mkrueger/work/bbs/bbsarchives/Doors/lod511d3.zip![3]:DOORS.BBS	71d056256e41d4ff70832abfe8c37d449ef45f0265bd1d05e0393a339b37cb4a	bbs-archives-passed-banner	ReportOnly	cp437-inferred	false
/home/mkrueger/work/bbs/bbsarchives/Doors/lod511e.zip![18]:DOORS.BBS	71d056256e41d4ff70832abfe8c37d449ef45f0265bd1d05e0393a339b37cb4a	bbs-archives-passed-banner	ReportOnly	cp437-inferred	false
/home/mkrueger/work/bbs/bbsarchives/Doors/lod511f.zip![20]:DOORS.BBS	71d056256e41d4ff70832abfe8c37d449ef45f0265bd1d05e0393a339b37cb4a	bbs-archives-passed-banner	ReportOnly	cp437-inferred	false
/home/mkrueger/work/bbs/bbsarchives/Doors/lod511g.zip![7]:DOORS.BBS	71d056256e41d4ff70832abfe8c37d449ef45f0265bd1d05e0393a339b37cb4a	bbs-archives-passed-banner	ReportOnly	cp437-inferred	false
/home/mkrueger/work/bbs/bbsarchives/Doors/lod511l.zip![5]:DOORS.BBS	71d056256e41d4ff70832abfe8c37d449ef45f0265bd1d05e0393a339b37cb4a	bbs-archives-passed-banner	ReportOnly	cp437-inferred	false
/home/mkrueger/work/bbs/bbsarchives/Doors/lod511o.zip![17]:DOORS.BBS	71d056256e41d4ff70832abfe8c37d449ef45f0265bd1d05e0393a339b37cb4a	bbs-archives-passed-banner	ReportOnly	cp437-inferred	false
/home/mkrueger/work/bbs/bbsarchives/Doors/lod511p.zip![16]:DOORS.BBS	71d056256e41d4ff70832abfe8c37d449ef45f0265bd1d05e0393a339b37cb4a	bbs-archives-passed-banner	ReportOnly	cp437-inferred	false
/home/mkrueger/work/bbs/bbsarchives/Doors/lokout10.zip![6]:DOORS.BBS	71d056256e41d4ff70832abfe8c37d449ef45f0265bd1d05e0393a339b37cb4a	bbs-archives-passed-banner	ReportOnly	cp437-inferred	false
/home/mkrueger/work/bbs/bbsarchives/Doors/lolv11.zip![4]:ARCHIVES.BBS	71d056256e41d4ff70832abfe8c37d449ef45f0265bd1d05e0393a339b37cb4a	bbs-archives-passed-banner	ReportOnly	cp437-inferred	false
/home/mkrueger/work/bbs/bbsarchives/Doors/lord2.zip![36]:DOORS.BBS	71d056256e41d4ff70832abfe8c37d449ef45f0265bd1d05e0393a339b37cb4a	bbs-archives-passed-banner	ReportOnly	cp437-inferred	false
/home/mkrueger/work/bbs/bbsarchives/Doors/lore_250.zip![4]:ARCHIVES.BBS	71d056256e41d4ff70832abfe8c37d449ef45f0265bd1d05e0393a339b37cb4a	bbs-archives-passed-banner	ReportOnly	cp437-inferred	false
/home/mkrueger/work/bbs/bbsarchives/Doors/lostv10.zip![10]:DOORS.BBS	71d056256e41d4ff70832abfe8c37d449ef45f0265bd1d05e0393a339b37cb4a	bbs-archives-passed-banner	ReportOnly	cp437-inferred	false
/home/mkrueger/work/bbs/bbsarchives/Doors/lotogem2.zip![5]:ARCHIVES.BBS	71d056256e41d4ff70832abfe8c37d449ef45f0265bd1d05e0393a339b37cb4a	bbs-archives-passed-banner	ReportOnly	cp437-inferred	false
/home/mkrueger/work/bbs/bbsarchives/Doors/lpdrb161.zip![12]:ARCHIVES.BBS	71d056256e41d4ff70832abfe8c37d449ef45f0265bd1d05e0393a339b37cb4a	bbs-archives-passed-banner	ReportOnly	cp437-inferred	false
/home/mkrueger/work/bbs/bbsarchives/Doors/lpdrd161.zip![14]:ARCHIVES.BBS	71d056256e41d4ff70832abfe8c37d449ef45f0265bd1d05e0393a339b37cb4a	bbs-archives-passed-banner	ReportOnly	cp437-inferred	false
/home/mkrueger/work/bbs/bbsarchives/Doors/ls200.zip![19]:ARCHIVES.BBS	71d056256e41d4ff70832abfe8c37d449ef45f0265bd1d05e0393a339b37cb4a	bbs-archives-passed-banner	ReportOnly	cp437-inferred	false
/home/mkrueger/work/bbs/bbsarchives/Doors/ls200src.zip![12]:ARCHIVES.BBS	71d056256e41d4ff70832abfe8c37d449ef45f0265bd1d05e0393a339b37cb4a	bbs-archives-passed-banner	ReportOnly	cp437-inferred	false
/home/mkrueger/work/bbs/bbsarchives/Doors/lstat20.zip![5]:ARCHIVES.BBS	71d056256e41d4ff70832abfe8c37d449ef45f0265bd1d05e0393a339b37cb4a	bbs-archives-passed-banner	ReportOnly	cp437-inferred	false
/home/mkrueger/work/bbs/bbsarchives/Doors/lucky110.zip![12]:ARCHIVES.BBS	71d056256e41d4ff70832abfe8c37d449ef45f0265bd1d05e0393a339b37cb4a	bbs-archives-passed-banner	ReportOnly	cp437-inferred	false
/home/mkrueger/work/bbs/bbsarchives/Doors/lunatxfx.zip![4]:ARCHIVES.BBS	71d056256e41d4ff70832abfe8c37d449ef45f0265bd1d05e0393a339b37cb4a	bbs-archives-passed-banner	ReportOnly	cp437-inferred	false
/home/mkrueger/work/bbs/bbsarchives/Doors/lyrics13.zip![13]:DOORS.BBS	71d056256e41d4ff70832abfe8c37d449ef45f0265bd1d05e0393a339b37cb4a	bbs-archives-passed-banner	ReportOnly	cp437-inferred	false
/home/mkrueger/work/bbs/bbsarchives/Doors/mailhv11.zip![6]:ARCHIVES.BBS	71d056256e41d4ff70832abfe8c37d449ef45f0265bd1d05e0393a339b37cb4a	bbs-archives-passed-banner	ReportOnly	cp437-inferred	false
/home/mkrueger/work/bbs/bbsarchives/Doors/majyk90.zip![26]:DOORS.BBS	71d056256e41d4ff70832abfe8c37d449ef45f0265bd1d05e0393a339b37cb4a	bbs-archives-passed-banner	ReportOnly	cp437-inferred	false
/home/mkrueger/work/bbs/bbsarchives/Doors/mbe1_2d4.zip![7]:DOORS.BBS	71d056256e41d4ff70832abfe8c37d449ef45f0265bd1d05e0393a339b37cb4a	bbs-archives-passed-banner	ReportOnly	cp437-inferred	false
/home/mkrueger/work/bbs/bbsarchives/Doors/mel352d.zip![12]:ARCHIVES.BBS	71d056256e41d4ff70832abfe8c37d449ef45f0265bd1d05e0393a339b37cb4a	bbs-archives-passed-banner	ReportOnly	cp437-inferred	false
/home/mkrueger/work/bbs/bbsarchives/Doors/mel_352.zip![5]:ARCHIVES.BBS	71d056256e41d4ff70832abfe8c37d449ef45f0265bd1d05e0393a339b37cb4a	bbs-archives-passed-banner	ReportOnly	cp437-inferred	false
/home/mkrueger/work/bbs/bbsarchives/Doors/mf221.zip![15]:ARCHIVES.BBS	71d056256e41d4ff70832abfe8c37d449ef45f0265bd1d05e0393a339b37cb4a	bbs-archives-passed-banner	ReportOnly	cp437-inferred	false
/home/mkrueger/work/bbs/bbsarchives/Doors/mm065b.zip![19]:ARCHIVES.BBS	71d056256e41d4ff70832abfe8c37d449ef45f0265bd1d05e0393a339b37cb4a	bbs-archives-passed-banner	ReportOnly	cp437-inferred	false
/home/mkrueger/work/bbs/bbsarchives/Doors/mmf111d.zip![9]:DOORS.BBS	71d056256e41d4ff70832abfe8c37d449ef45f0265bd1d05e0393a339b37cb4a	bbs-archives-passed-banner	ReportOnly	cp437-inferred	false
/home/mkrueger/work/bbs/bbsarchives/Doors/mmotel10.zip![38]:DOORS.BBS	71d056256e41d4ff70832abfe8c37d449ef45f0265bd1d05e0393a339b37cb4a	bbs-archives-passed-banner	ReportOnly	cp437-inferred	false
/home/mkrueger/work/bbs/bbsarchives/Doors/mmtnc4.zip![8]:ARCHIVES.BBS	71d056256e41d4ff70832abfe8c37d449ef45f0265bd1d05e0393a339b37cb4a	bbs-archives-passed-banner	ReportOnly	cp437-inferred	false
/home/mkrueger/work/bbs/bbsarchives/Doors/ms2v201.zip![55]:DOORS.BBS	71d056256e41d4ff70832abfe8c37d449ef45f0265bd1d05e0393a339b37cb4a	bbs-archives-passed-banner	ReportOnly	cp437-inferred	false
/home/mkrueger/work/bbs/bbsarchives/Doors/mspy20.zip![4]:ARCHIVES.BBS	71d056256e41d4ff70832abfe8c37d449ef45f0265bd1d05e0393a339b37cb4a	bbs-archives-passed-banner	ReportOnly	cp437-inferred	false
/home/mkrueger/work/bbs/bbsarchives/Doors/mtchmkrl.zip![5]:ARCHIVES.BBS	71d056256e41d4ff70832abfe8c37d449ef45f0265bd1d05e0393a339b37cb4a	bbs-archives-passed-banner	ReportOnly	cp437-inferred	false
/home/mkrueger/work/bbs/bbsarchives/Doors/mtriv11.zip![16]:DOORS.BBS	71d056256e41d4ff70832abfe8c37d449ef45f0265bd1d05e0393a339b37cb4a	bbs-archives-passed-banner	ReportOnly	cp437-inferred	false
/home/mkrueger/work/bbs/bbsarchives/Doors/mx201b.zip![34]:DOORS.BBS	71d056256e41d4ff70832abfe8c37d449ef45f0265bd1d05e0393a339b37cb4a	bbs-archives-passed-banner	ReportOnly	cp437-inferred	false
/home/mkrueger/work/bbs/bbsarchives/Doors/myotd11.zip![11]:DOORS.BBS	71d056256e41d4ff70832abfe8c37d449ef45f0265bd1d05e0393a339b37cb4a	bbs-archives-passed-banner	ReportOnly	cp437-inferred	false
/home/mkrueger/work/bbs/bbsarchives/Doors/myotm001.zip![9]:DOORS.BBS	71d056256e41d4ff70832abfe8c37d449ef45f0265bd1d05e0393a339b37cb4a	bbs-archives-passed-banner	ReportOnly	cp437-inferred	false
/home/mkrueger/work/bbs/bbsarchives/Doors/nerix.zip![6]:ARCHIVES.BBS	71d056256e41d4ff70832abfe8c37d449ef45f0265bd1d05e0393a339b37cb4a	bbs-archives-passed-banner	ReportOnly	cp437-inferred	false
/home/mkrueger/work/bbs/bbsarchives/Doors/net2web2.zip![11]:ARCHIVES.BBS	71d056256e41d4ff70832abfe8c37d449ef45f0265bd1d05e0393a339b37cb4a	bbs-archives-passed-banner	ReportOnly	cp437-inferred	false
/home/mkrueger/work/bbs/bbsarchives/Doors/newsie10.zip![6]:ARCHIVES.BBS	71d056256e41d4ff70832abfe8c37d449ef45f0265bd1d05e0393a339b37cb4a	bbs-archives-passed-banner	ReportOnly	cp437-inferred	false
/home/mkrueger/work/bbs/bbsarchives/Doors/nexfree.zip![9]:ARCHIVES.BBS	71d056256e41d4ff70832abfe8c37d449ef45f0265bd1d05e0393a339b37cb4a	bbs-archives-passed-banner	ReportOnly	cp437-inferred	false
/home/mkrueger/work/bbs/bbsarchives/Doors/njawar10.zip![7]:DOORS.BBS	71d056256e41d4ff70832abfe8c37d449ef45f0265bd1d05e0393a339b37cb4a	bbs-archives-passed-banner	ReportOnly	cp437-inferred	false
/home/mkrueger/work/bbs/bbsarchives/Doors/nmdoor50.zip![9]:DOORS.BBS	71d056256e41d4ff70832abfe8c37d449ef45f0265bd1d05e0393a339b37cb4a	bbs-archives-passed-banner	ReportOnly	cp437-inferred	false
/home/mkrueger/work/bbs/bbsarchives/Doors/nuclear.zip![4]:DOORS.BBS	71d056256e41d4ff70832abfe8c37d449ef45f0265bd1d05e0393a339b37cb4a	bbs-archives-passed-banner	ReportOnly	cp437-inferred	false
/home/mkrueger/work/bbs/bbsarchives/Doors/nugi.zip![12]:ARCHIVES.BBS	71d056256e41d4ff70832abfe8c37d449ef45f0265bd1d05e0393a339b37cb4a	bbs-archives-passed-banner	ReportOnly	cp437-inferred	false
/home/mkrueger/work/bbs/bbsarchives/Doors/nugireg.zip![4]:ARCHIVES.BBS	71d056256e41d4ff70832abfe8c37d449ef45f0265bd1d05e0393a339b37cb4a	bbs-archives-passed-banner	ReportOnly	cp437-inferred	false
/home/mkrueger/work/bbs/bbsarchives/Doors/nuke350.zip![10]:ARCHIVES.BBS	71d056256e41d4ff70832abfe8c37d449ef45f0265bd1d05e0393a339b37cb4a	bbs-archives-passed-banner	ReportOnly	cp437-inferred	false
/home/mkrueger/work/bbs/bbsarchives/Doors/nukew300.zip![5]:DOORS.BBS	71d056256e41d4ff70832abfe8c37d449ef45f0265bd1d05e0393a339b37cb4a	bbs-archives-passed-banner	ReportOnly	cp437-inferred	false
/home/mkrueger/work/bbs/bbsarchives/Doors/nwo951b.zip![35]:DOORS.BBS	71d056256e41d4ff70832abfe8c37d449ef45f0265bd1d05e0393a339b37cb4a	bbs-archives-passed-banner	ReportOnly	cp437-inferred	false
/home/mkrueger/work/bbs/bbsarchives/Doors/nx12.zip![6]:ARCHIVES.BBS	71d056256e41d4ff70832abfe8c37d449ef45f0265bd1d05e0393a339b37cb4a	bbs-archives-passed-banner	ReportOnly	cp437-inferred	false
/home/mkrueger/work/bbs/bbsarchives/Doors/ny_bar13.zip![10]:ARCHIVES.BBS	71d056256e41d4ff70832abfe8c37d449ef45f0265bd1d05e0393a339b37cb4a	bbs-archives-passed-banner	ReportOnly	cp437-inferred	false
/home/mkrueger/work/bbs/bbsarchives/Doors/ny_jp12.zip![8]:ARCHIVES.BBS	71d056256e41d4ff70832abfe8c37d449ef45f0265bd1d05e0393a339b37cb4a	bbs-archives-passed-banner	ReportOnly	cp437-inferred	false
/home/mkrueger/work/bbs/bbsarchives/Doors/ny_sh11.zip![10]:ARCHIVES.BBS	71d056256e41d4ff70832abfe8c37d449ef45f0265bd1d05e0393a339b37cb4a	bbs-archives-passed-banner	ReportOnly	cp437-inferred	false
/home/mkrueger/work/bbs/bbsarchives/Doors/ocean212.zip![8]:ARCHIVES.BBS	71d056256e41d4ff70832abfe8c37d449ef45f0265bd1d05e0393a339b37cb4a	bbs-archives-passed-banner	ReportOnly	cp437-inferred	false
/home/mkrueger/work/bbs/bbsarchives/Doors/off194.zip![6]:ARCHIVES.BBS	71d056256e41d4ff70832abfe8c37d449ef45f0265bd1d05e0393a339b37cb4a	bbs-archives-passed-banner	ReportOnly	cp437-inferred	false
/home/mkrueger/work/bbs/bbsarchives/Doors/oj12.zip![42]:ARCHIVES.BBS	71d056256e41d4ff70832abfe8c37d449ef45f0265bd1d05e0393a339b37cb4a	bbs-archives-passed-banner	ReportOnly	cp437-inferred	false
/home/mkrueger/work/bbs/bbsarchives/Doors/olgaches.zip![26]:ARCHIVES.BBS	71d056256e41d4ff70832abfe8c37d449ef45f0265bd1d05e0393a339b37cb4a	bbs-archives-passed-banner	ReportOnly	cp437-inferred	false
/home/mkrueger/work/bbs/bbsarchives/Doors/olt_13.zip![6]:ARCHIVES.BBS	71d056256e41d4ff70832abfe8c37d449ef45f0265bd1d05e0393a339b37cb4a	bbs-archives-passed-banner	ReportOnly	cp437-inferred	false
/home/mkrueger/work/bbs/bbsarchives/Doors/oo112_2d1.zip![51]:ARCHIVES.BBS	71d056256e41d4ff70832abfe8c37d449ef45f0265bd1d05e0393a339b37cb4a	bbs-archives-passed-banner	ReportOnly	cp437-inferred	false
/home/mkrueger/work/bbs/bbsarchives/Doors/oo112_2d2.zip![6]:ARCHIVES.BBS	71d056256e41d4ff70832abfe8c37d449ef45f0265bd1d05e0393a339b37cb4a	bbs-archives-passed-banner	ReportOnly	cp437-inferred	false
/home/mkrueger/work/bbs/bbsarchives/Doors/oo112_2d3.zip![6]:ARCHIVES.BBS	71d056256e41d4ff70832abfe8c37d449ef45f0265bd1d05e0393a339b37cb4a	bbs-archives-passed-banner	ReportOnly	cp437-inferred	false
/home/mkrueger/work/bbs/bbsarchives/Doors/ooat112.zip![8]:ARCHIVES.BBS	71d056256e41d4ff70832abfe8c37d449ef45f0265bd1d05e0393a339b37cb4a	bbs-archives-passed-banner	ReportOnly	cp437-inferred	false
/home/mkrueger/work/bbs/bbsarchives/Doors/ooat112s.zip![10]:ARCHIVES.BBS	71d056256e41d4ff70832abfe8c37d449ef45f0265bd1d05e0393a339b37cb4a	bbs-archives-passed-banner	ReportOnly	cp437-inferred	false
/home/mkrueger/work/bbs/bbsarchives/Doors/oosndlib.zip![50]:ARCHIVES.BBS	71d056256e41d4ff70832abfe8c37d449ef45f0265bd1d05e0393a339b37cb4a	bbs-archives-passed-banner	ReportOnly	cp437-inferred	false
/home/mkrueger/work/bbs/bbsarchives/Doors/oosrckit.zip![3]:ARCHIVES.BBS	71d056256e41d4ff70832abfe8c37d449ef45f0265bd1d05e0393a339b37cb4a	bbs-archives-passed-banner	ReportOnly	cp437-inferred	false
/home/mkrueger/work/bbs/bbsarchives/Doors/oth301.zip![12]:DOORS.BBS	71d056256e41d4ff70832abfe8c37d449ef45f0265bd1d05e0393a339b37cb4a	bbs-archives-passed-banner	ReportOnly	cp437-inferred	false
/home/mkrueger/work/bbs/bbsarchives/Doors/over10.zip![5]:ARCHIVES.BBS	71d056256e41d4ff70832abfe8c37d449ef45f0265bd1d05e0393a339b37cb4a	bbs-archives-passed-banner	ReportOnly	cp437-inferred	false
/home/mkrueger/work/bbs/bbsarchives/Doors/pac_man.zip![12]:DOORS.BBS	71d056256e41d4ff70832abfe8c37d449ef45f0265bd1d05e0393a339b37cb4a	bbs-archives-passed-banner	ReportOnly	cp437-inferred	false
/home/mkrueger/work/bbs/bbsarchives/Doors/passit15.zip![27]:ARCHIVES.BBS	71d056256e41d4ff70832abfe8c37d449ef45f0265bd1d05e0393a339b37cb4a	bbs-archives-passed-banner	ReportOnly	cp437-inferred	false
/home/mkrueger/work/bbs/bbsarchives/Doors/path105.zip![10]:DOORS.BBS	71d056256e41d4ff70832abfe8c37d449ef45f0265bd1d05e0393a339b37cb4a	bbs-archives-passed-banner	ReportOnly	cp437-inferred	false
/home/mkrueger/work/bbs/bbsarchives/Doors/payoff.zip![5]:ARCHIVES.BBS	71d056256e41d4ff70832abfe8c37d449ef45f0265bd1d05e0393a339b37cb4a	bbs-archives-passed-banner	ReportOnly	cp437-inferred	false
/home/mkrueger/work/bbs/bbsarchives/Doors/peanut35.zip![5]:DOORS.BBS	71d056256e41d4ff70832abfe8c37d449ef45f0265bd1d05e0393a339b37cb4a	bbs-archives-passed-banner	ReportOnly	cp437-inferred	false
/home/mkrueger/work/bbs/bbsarchives/Doors/phant81s.zip![11]:DOORS.BBS	71d056256e41d4ff70832abfe8c37d449ef45f0265bd1d05e0393a339b37cb4a	bbs-archives-passed-banner	ReportOnly	cp437-inferred	false
/home/mkrueger/work/bbs/bbsarchives/Doors/pike23.zip![36]:DOORS.BBS	71d056256e41d4ff70832abfe8c37d449ef45f0265bd1d05e0393a339b37cb4a	bbs-archives-passed-banner	ReportOnly	cp437-inferred	false
/home/mkrueger/work/bbs/bbsarchives/Doors/pinsev10.zip![2]:ARCHIVES.BBS	71d056256e41d4ff70832abfe8c37d449ef45f0265bd1d05e0393a339b37cb4a	bbs-archives-passed-banner	ReportOnly	cp437-inferred	false
/home/mkrueger/work/bbs/bbsarchives/Doors/plains2.zip![31]:ARCHIVES.BBS	71d056256e41d4ff70832abfe8c37d449ef45f0265bd1d05e0393a339b37cb4a	bbs-archives-passed-banner	ReportOnly	cp437-inferred	false
/home/mkrueger/work/bbs/bbsarchives/Doors/plan1.zip![40]:DOORS.BBS	71d056256e41d4ff70832abfe8c37d449ef45f0265bd1d05e0393a339b37cb4a	bbs-archives-passed-banner	ReportOnly	cp437-inferred	false
/home/mkrueger/work/bbs/bbsarchives/Doors/plan112.zip![42]:DOORS.BBS	71d056256e41d4ff70832abfe8c37d449ef45f0265bd1d05e0393a339b37cb4a	bbs-archives-passed-banner	ReportOnly	cp437-inferred	false
/home/mkrueger/work/bbs/bbsarchives/Doors/poker20.zip![5]:DOORS.BBS	71d056256e41d4ff70832abfe8c37d449ef45f0265bd1d05e0393a339b37cb4a	bbs-archives-passed-banner	ReportOnly	cp437-inferred	false
/home/mkrueger/work/bbs/bbsarchives/Doors/pokrface.zip![11]:DOORS.BBS	71d056256e41d4ff70832abfe8c37d449ef45f0265bd1d05e0393a339b37cb4a	bbs-archives-passed-banner	ReportOnly	cp437-inferred	false
/home/mkrueger/work/bbs/bbsarchives/Doors/pony12.zip![11]:DOORS.BBS	71d056256e41d4ff70832abfe8c37d449ef45f0265bd1d05e0393a339b37cb4a	bbs-archives-passed-banner	ReportOnly	cp437-inferred	false
/home/mkrueger/work/bbs/bbsarchives/Doors/pool12.zip![17]:DOORS.BBS	71d056256e41d4ff70832abfe8c37d449ef45f0265bd1d05e0393a339b37cb4a	bbs-archives-passed-banner	ReportOnly	cp437-inferred	false
/home/mkrueger/work/bbs/bbsarchives/Doors/pop_v104.zip![13]:DOORS.BBS	71d056256e41d4ff70832abfe8c37d449ef45f0265bd1d05e0393a339b37cb4a	bbs-archives-passed-banner	ReportOnly	cp437-inferred	false
/home/mkrueger/work/bbs/bbsarchives/Doors/prahak12.zip![2]:ARCHIVES.BBS	71d056256e41d4ff70832abfe8c37d449ef45f0265bd1d05e0393a339b37cb4a	bbs-archives-passed-banner	ReportOnly	cp437-inferred	false
/home/mkrueger/work/bbs/bbsarchives/Doors/pray200.zip![12]:ARCHIVES.BBS	71d056256e41d4ff70832abfe8c37d449ef45f0265bd1d05e0393a339b37cb4a	bbs-archives-passed-banner	ReportOnly	cp437-inferred	false
/home/mkrueger/work/bbs/bbsarchives/Doors/probwl30.zip![14]:DOORS.BBS	71d056256e41d4ff70832abfe8c37d449ef45f0265bd1d05e0393a339b37cb4a	bbs-archives-passed-banner	ReportOnly	cp437-inferred	false
/home/mkrueger/work/bbs/bbsarchives/Doors/pteos200.zip![24]:DOORS.BBS	71d056256e41d4ff70832abfe8c37d449ef45f0265bd1d05e0393a339b37cb4a	bbs-archives-passed-banner	ReportOnly	cp437-inferred	false
/home/mkrueger/work/bbs/bbsarchives/Doors/punch1s.zip![6]:ARCHIVES.BBS	71d056256e41d4ff70832abfe8c37d449ef45f0265bd1d05e0393a339b37cb4a	bbs-archives-passed-banner	ReportOnly	cp437-inferred	false
/home/mkrueger/work/bbs/bbsarchives/Doors/push120.zip![10]:ARCHIVES.BBS	71d056256e41d4ff70832abfe8c37d449ef45f0265bd1d05e0393a339b37cb4a	bbs-archives-passed-banner	ReportOnly	cp437-inferred	false
/home/mkrueger/work/bbs/bbsarchives/Doors/putt192.zip![41]:ARCHIVES.BBS	71d056256e41d4ff70832abfe8c37d449ef45f0265bd1d05e0393a339b37cb4a	bbs-archives-passed-banner	ReportOnly	cp437-inferred	false
/home/mkrueger/work/bbs/bbsarchives/Doors/puzz104.zip![8]:ARCHIVES.BBS	71d056256e41d4ff70832abfe8c37d449ef45f0265bd1d05e0393a339b37cb4a	bbs-archives-passed-banner	ReportOnly	cp437-inferred	false
/home/mkrueger/work/bbs/bbsarchives/Doors/puzzle.zip![13]:DOORS.BBS	71d056256e41d4ff70832abfe8c37d449ef45f0265bd1d05e0393a339b37cb4a	bbs-archives-passed-banner	ReportOnly	cp437-inferred	false
/home/mkrueger/work/bbs/bbsarchives/Doors/pwar141a.zip![9]:DOORS.BBS	71d056256e41d4ff70832abfe8c37d449ef45f0265bd1d05e0393a339b37cb4a	bbs-archives-passed-banner	ReportOnly	cp437-inferred	false
/home/mkrueger/work/bbs/bbsarchives/Doors/pyramid1.zip![11]:DOORS.BBS	71d056256e41d4ff70832abfe8c37d449ef45f0265bd1d05e0393a339b37cb4a	bbs-archives-passed-banner	ReportOnly	cp437-inferred	false
/home/mkrueger/work/bbs/bbsarchives/Doors/qclimb10.zip![8]:ARCHIVES.BBS	71d056256e41d4ff70832abfe8c37d449ef45f0265bd1d05e0393a339b37cb4a	bbs-archives-passed-banner	ReportOnly	cp437-inferred	false
/home/mkrueger/work/bbs/bbsarchives/Doors/quant230.zip![20]:ARCHIVES.BBS	71d056256e41d4ff70832abfe8c37d449ef45f0265bd1d05e0393a339b37cb4a	bbs-archives-passed-banner	ReportOnly	cp437-inferred	false
/home/mkrueger/work/bbs/bbsarchives/Doors/quiz140.zip![10]:ARCHIVES.BBS	71d056256e41d4ff70832abfe8c37d449ef45f0265bd1d05e0393a339b37cb4a	bbs-archives-passed-banner	ReportOnly	cp437-inferred	false
/home/mkrueger/work/bbs/bbsarchives/Doors/quizrd51.zip![13]:DOORS.BBS	71d056256e41d4ff70832abfe8c37d449ef45f0265bd1d05e0393a339b37cb4a	bbs-archives-passed-banner	ReportOnly	cp437-inferred	false
/home/mkrueger/work/bbs/bbsarchives/Doors/quotfall.zip![14]:DOORS.BBS	71d056256e41d4ff70832abfe8c37d449ef45f0265bd1d05e0393a339b37cb4a	bbs-archives-passed-banner	ReportOnly	cp437-inferred	false
/home/mkrueger/work/bbs/bbsarchives/Doors/race155.zip![10]:DOORS.BBS	71d056256e41d4ff70832abfe8c37d449ef45f0265bd1d05e0393a339b37cb4a	bbs-archives-passed-banner	ReportOnly	cp437-inferred	false
/home/mkrueger/work/bbs/bbsarchives/Doors/rae102.zip![12]:ARCHIVES.BBS	71d056256e41d4ff70832abfe8c37d449ef45f0265bd1d05e0393a339b37cb4a	bbs-archives-passed-banner	ReportOnly	cp437-inferred	false
/home/mkrueger/work/bbs/bbsarchives/Doors/rdball12.zip![27]:DOORS.BBS	71d056256e41d4ff70832abfe8c37d449ef45f0265bd1d05e0393a339b37cb4a	bbs-archives-passed-banner	ReportOnly	cp437-inferred	false
/home/mkrueger/work/bbs/bbsarchives/Doors/realm003.zip![7]:DOORS.BBS	71d056256e41d4ff70832abfe8c37d449ef45f0265bd1d05e0393a339b37cb4a	bbs-archives-passed-banner	ReportOnly	cp437-inferred	false
/home/mkrueger/work/bbs/bbsarchives/Doors/realm221.zip![18]:DOORS.BBS	71d056256e41d4ff70832abfe8c37d449ef45f0265bd1d05e0393a339b37cb4a	bbs-archives-passed-banner	ReportOnly	cp437-inferred	false
/home/mkrueger/work/bbs/bbsarchives/Doors/redpv10.zip![8]:DOORS.BBS	71d056256e41d4ff70832abfe8c37d449ef45f0265bd1d05e0393a339b37cb4a	bbs-archives-passed-banner	ReportOnly	cp437-inferred	false
/home/mkrueger/work/bbs/bbsarchives/Doors/regkey.zip![7]:ARCHIVES.BBS	71d056256e41d4ff70832abfe8c37d449ef45f0265bd1d05e0393a339b37cb4a	bbs-archives-passed-banner	ReportOnly	cp437-inferred	false
/home/mkrueger/work/bbs/bbsarchives/Doors/repeat_1.zip![4]:DOORS.BBS	71d056256e41d4ff70832abfe8c37d449ef45f0265bd1d05e0393a339b37cb4a	bbs-archives-passed-banner	ReportOnly	cp437-inferred	false
/home/mkrueger/work/bbs/bbsarchives/Doors/reqst13.zip![10]:ARCHIVES.BBS	71d056256e41d4ff70832abfe8c37d449ef45f0265bd1d05e0393a339b37cb4a	bbs-archives-passed-banner	ReportOnly	cp437-inferred	false
/home/mkrueger/work/bbs/bbsarchives/Doors/rftm132.zip![18]:ARCHIVES.BBS	71d056256e41d4ff70832abfe8c37d449ef45f0265bd1d05e0393a339b37cb4a	bbs-archives-passed-banner	ReportOnly	cp437-inferred	false
/home/mkrueger/work/bbs/bbsarchives/Doors/ripuz100.zip![6]:ARCHIVES.BBS	71d056256e41d4ff70832abfe8c37d449ef45f0265bd1d05e0393a339b37cb4a	bbs-archives-passed-banner	ReportOnly	cp437-inferred	false
/home/mkrueger/work/bbs/bbsarchives/Doors/road6_16.zip![6]:ARCHIVES.BBS	71d056256e41d4ff70832abfe8c37d449ef45f0265bd1d05e0393a339b37cb4a	bbs-archives-passed-banner	ReportOnly	cp437-inferred	false
/home/mkrueger/work/bbs/bbsarchives/Doors/rob_free.zip![10]:ARCHIVES.BBS	71d056256e41d4ff70832abfe8c37d449ef45f0265bd1d05e0393a339b37cb4a	bbs-archives-passed-banner	ReportOnly	cp437-inferred	false
/home/mkrueger/work/bbs/bbsarchives/Doors/robotix.zip![27]:DOORS.BBS	71d056256e41d4ff70832abfe8c37d449ef45f0265bd1d05e0393a339b37cb4a	bbs-archives-passed-banner	ReportOnly	cp437-inferred	false
/home/mkrueger/work/bbs/bbsarchives/Doors/rocktv10.zip![42]:DOORS.BBS	71d056256e41d4ff70832abfe8c37d449ef45f0265bd1d05e0393a339b37cb4a	bbs-archives-passed-banner	ReportOnly	cp437-inferred	false
/home/mkrueger/work/bbs/bbsarchives/Doors/rs001.zip![10]:ARCHIVES.BBS	71d056256e41d4ff70832abfe8c37d449ef45f0265bd1d05e0393a339b37cb4a	bbs-archives-passed-banner	ReportOnly	cp437-inferred	false
/home/mkrueger/work/bbs/bbsarchives/Doors/rterm10a.zip![11]:DOORS.BBS	71d056256e41d4ff70832abfe8c37d449ef45f0265bd1d05e0393a339b37cb4a	bbs-archives-passed-banner	ReportOnly	cp437-inferred	false
/home/mkrueger/work/bbs/bbsarchives/Doors/rtgam21.zip![8]:DOORS.BBS	71d056256e41d4ff70832abfe8c37d449ef45f0265bd1d05e0393a339b37cb4a	bbs-archives-passed-banner	ReportOnly	cp437-inferred	false
/home/mkrueger/work/bbs/bbsarchives/Doors/rush12b.zip![11]:DOORS.BBS	71d056256e41d4ff70832abfe8c37d449ef45f0265bd1d05e0393a339b37cb4a	bbs-archives-passed-banner	ReportOnly	cp437-inferred	false
/home/mkrueger/work/bbs/bbsarchives/Doors/s085fix.zip![3]:DOORS.BBS	71d056256e41d4ff70832abfe8c37d449ef45f0265bd1d05e0393a339b37cb4a	bbs-archives-passed-banner	ReportOnly	cp437-inferred	false
/home/mkrueger/work/bbs/bbsarchives/Doors/s_26i_400.zip![27]:DOORS.BBS	71d056256e41d4ff70832abfe8c37d449ef45f0265bd1d05e0393a339b37cb4a	bbs-archives-passed-banner	ReportOnly	cp437-inferred	false
/home/mkrueger/work/bbs/bbsarchives/Doors/s_idm110.zip![5]:ARCHIVES.BBS	71d056256e41d4ff70832abfe8c37d449ef45f0265bd1d05e0393a339b37cb4a	bbs-archives-passed-banner	ReportOnly	cp437-inferred	false
/home/mkrueger/work/bbs/bbsarchives/Doors/s_idm110.zip![6]:DOORS.BBS	71d056256e41d4ff70832abfe8c37d449ef45f0265bd1d05e0393a339b37cb4a	bbs-archives-passed-banner	ReportOnly	cp437-inferred	false
/home/mkrueger/work/bbs/bbsarchives/Doors/s_line30.zip![10]:DOORS.BBS	71d056256e41d4ff70832abfe8c37d449ef45f0265bd1d05e0393a339b37cb4a	bbs-archives-passed-banner	ReportOnly	cp437-inferred	false
/home/mkrueger/work/bbs/bbsarchives/Doors/sage100.zip![17]:ARCHIVES.BBS	71d056256e41d4ff70832abfe8c37d449ef45f0265bd1d05e0393a339b37cb4a	bbs-archives-passed-banner	ReportOnly	cp437-inferred	false
/home/mkrueger/work/bbs/bbsarchives/Doors/savel100.zip![4]:ARCHIVES.BBS	71d056256e41d4ff70832abfe8c37d449ef45f0265bd1d05e0393a339b37cb4a	bbs-archives-passed-banner	ReportOnly	cp437-inferred	false
/home/mkrueger/work/bbs/bbsarchives/Doors/savel100.zip![5]:DOORS.BBS	71d056256e41d4ff70832abfe8c37d449ef45f0265bd1d05e0393a339b37cb4a	bbs-archives-passed-banner	ReportOnly	cp437-inferred	false
/home/mkrueger/work/bbs/bbsarchives/Doors/scav221.zip![2]:DOORS.BBS	71d056256e41d4ff70832abfe8c37d449ef45f0265bd1d05e0393a339b37cb4a	bbs-archives-passed-banner	ReportOnly	cp437-inferred	false
/home/mkrueger/work/bbs/bbsarchives/Doors/scitrv.zip![14]:DOORS.BBS	71d056256e41d4ff70832abfe8c37d449ef45f0265bd1d05e0393a339b37cb4a	bbs-archives-passed-banner	ReportOnly	cp437-inferred	false
/home/mkrueger/work/bbs/bbsarchives/Doors/scr10wc5.zip![14]:DOORS.BBS	71d056256e41d4ff70832abfe8c37d449ef45f0265bd1d05e0393a339b37cb4a	bbs-archives-passed-banner	ReportOnly	cp437-inferred	false
/home/mkrueger/work/bbs/bbsarchives/Doors/scram41.zip![25]:DOORS.BBS	71d056256e41d4ff70832abfe8c37d449ef45f0265bd1d05e0393a339b37cb4a	bbs-archives-passed-banner	ReportOnly	cp437-inferred	false
/home/mkrueger/work/bbs/bbsarchives/Doors/scribe13.zip![5]:DOORS.BBS	71d056256e41d4ff70832abfe8c37d449ef45f0265bd1d05e0393a339b37cb4a	bbs-archives-passed-banner	ReportOnly	cp437-inferred	false
/home/mkrueger/work/bbs/bbsarchives/Doors/scuba35.zip![18]:DOORS.BBS	71d056256e41d4ff70832abfe8c37d449ef45f0265bd1d05e0393a339b37cb4a	bbs-archives-passed-banner	ReportOnly	cp437-inferred	false
/home/mkrueger/work/bbs/bbsarchives/Doors/sdl212x.zip![113]:DOORS.BBS	71d056256e41d4ff70832abfe8c37d449ef45f0265bd1d05e0393a339b37cb4a	bbs-archives-passed-banner	ReportOnly	cp437-inferred	false
/home/mkrueger/work/bbs/bbsarchives/Doors/sdl32_1b.zip![53]:DOORS.BBS	71d056256e41d4ff70832abfe8c37d449ef45f0265bd1d05e0393a339b37cb4a	bbs-archives-passed-banner	ReportOnly	cp437-inferred	false
/home/mkrueger/work/bbs/bbsarchives/Doors/sdloco20.zip![47]:DOORS.BBS	71d056256e41d4ff70832abfe8c37d449ef45f0265bd1d05e0393a339b37cb4a	bbs-archives-passed-banner	ReportOnly	cp437-inferred	false
/home/mkrueger/work/bbs/bbsarchives/Doors/sdlpro32.zip![9]:DOORS.BBS	71d056256e41d4ff70832abfe8c37d449ef45f0265bd1d05e0393a339b37cb4a	bbs-archives-passed-banner	ReportOnly	cp437-inferred	false
/home/mkrueger/work/bbs/bbsarchives/Doors/secret11.zip![8]:DOORS.BBS	71d056256e41d4ff70832abfe8c37d449ef45f0265bd1d05e0393a339b37cb4a	bbs-archives-passed-banner	ReportOnly	cp437-inferred	false
/home/mkrueger/work/bbs/bbsarchives/Doors/seven213.zip![12]:DOORS.BBS	71d056256e41d4ff70832abfe8c37d449ef45f0265bd1d05e0393a339b37cb4a	bbs-archives-passed-banner	ReportOnly	cp437-inferred	false
/home/mkrueger/work/bbs/bbsarchives/Doors/sevtow15.zip![14]:DOORS.BBS	71d056256e41d4ff70832abfe8c37d449ef45f0265bd1d05e0393a339b37cb4a	bbs-archives-passed-banner	ReportOnly	cp437-inferred	false
/home/mkrueger/work/bbs/bbsarchives/Doors/sextrv58.zip![14]:DOORS.BBS	71d056256e41d4ff70832abfe8c37d449ef45f0265bd1d05e0393a339b37cb4a	bbs-archives-passed-banner	ReportOnly	cp437-inferred	false
/home/mkrueger/work/bbs/bbsarchives/Doors/sfklttrv.zip![13]:DOORS.BBS	71d056256e41d4ff70832abfe8c37d449ef45f0265bd1d05e0393a339b37cb4a	bbs-archives-passed-banner	ReportOnly	cp437-inferred	false
/home/mkrueger/work/bbs/bbsarchives/Doors/sfrom22a.zip![19]:DOORS.BBS	71d056256e41d4ff70832abfe8c37d449ef45f0265bd1d05e0393a339b37cb4a	bbs-archives-passed-banner	ReportOnly	cp437-inferred	false
/home/mkrueger/work/bbs/bbsarchives/Doors/sftm115.zip![16]:DOORS.BBS	71d056256e41d4ff70832abfe8c37d449ef45f0265bd1d05e0393a339b37cb4a	bbs-archives-passed-banner	ReportOnly	cp437-inferred	false
/home/mkrueger/work/bbs/bbsarchives/Doors/sgutlpak.zip![6]:DOORS.BBS	71d056256e41d4ff70832abfe8c37d449ef45f0265bd1d05e0393a339b37cb4a	bbs-archives-passed-banner	ReportOnly	cp437-inferred	false
/home/mkrueger/work/bbs/bbsarchives/Doors/sharx201.zip![10]:DOORS.BBS	71d056256e41d4ff70832abfe8c37d449ef45f0265bd1d05e0393a339b37cb4a	bbs-archives-passed-banner	ReportOnly	cp437-inferred	false
/home/mkrueger/work/bbs/bbsarchives/Doors/shgun251.zip![29]:DOORS.BBS	71d056256e41d4ff70832abfe8c37d449ef45f0265bd1d05e0393a339b37cb4a	bbs-archives-passed-banner	ReportOnly	cp437-inferred	false
/home/mkrueger/work/bbs/bbsarchives/Doors/shipreg.zip![10]:ARCHIVES.BBS	71d056256e41d4ff70832abfe8c37d449ef45f0265bd1d05e0393a339b37cb4a	bbs-archives-passed-banner	ReportOnly	cp437-inferred	false
/home/mkrueger/work/bbs/bbsarchives/Doors/shipreg.zip![11]:DOORS.BBS	71d056256e41d4ff70832abfe8c37d449ef45f0265bd1d05e0393a339b37cb4a	bbs-archives-passed-banner	ReportOnly	cp437-inferred	false
/home/mkrueger/work/bbs/bbsarchives/Doors/shl15.zip![12]:DOORS.BBS	71d056256e41d4ff70832abfe8c37d449ef45f0265bd1d05e0393a339b37cb4a	bbs-archives-passed-banner	ReportOnly	cp437-inferred	false
/home/mkrueger/work/bbs/bbsarchives/Doors/shower.zip![10]:DOORS.BBS	71d056256e41d4ff70832abfe8c37d449ef45f0265bd1d05e0393a339b37cb4a	bbs-archives-passed-banner	ReportOnly	cp437-inferred	false
/home/mkrueger/work/bbs/bbsarchives/Doors/shower.zip![9]:ARCHIVES.BBS	71d056256e41d4ff70832abfe8c37d449ef45f0265bd1d05e0393a339b37cb4a	bbs-archives-passed-banner	ReportOnly	cp437-inferred	false
/home/mkrueger/work/bbs/bbsarchives/Doors/simgn12a.zip![16]:DOORS.BBS	71d056256e41d4ff70832abfe8c37d449ef45f0265bd1d05e0393a339b37cb4a	bbs-archives-passed-banner	ReportOnly	cp437-inferred	false
/home/mkrueger/work/bbs/bbsarchives/Doors/simpl103.zip![2]:ARCHIVES.BBS	71d056256e41d4ff70832abfe8c37d449ef45f0265bd1d05e0393a339b37cb4a	bbs-archives-passed-banner	ReportOnly	cp437-inferred	false
/home/mkrueger/work/bbs/bbsarchives/Doors/simpl103.zip![3]:DOORS.BBS	71d056256e41d4ff70832abfe8c37d449ef45f0265bd1d05e0393a339b37cb4a	bbs-archives-passed-banner	ReportOnly	cp437-inferred	false
/home/mkrueger/work/bbs/bbsarchives/Doors/skiing10.zip![4]:DOORS.BBS	71d056256e41d4ff70832abfe8c37d449ef45f0265bd1d05e0393a339b37cb4a	bbs-archives-passed-banner	ReportOnly	cp437-inferred	false
/home/mkrueger/work/bbs/bbsarchives/Doors/skill015.zip![4]:ARCHIVES.BBS	71d056256e41d4ff70832abfe8c37d449ef45f0265bd1d05e0393a339b37cb4a	bbs-archives-passed-banner	ReportOnly	cp437-inferred	false
/home/mkrueger/work/bbs/bbsarchives/Doors/skill015.zip![5]:DOORS.BBS	71d056256e41d4ff70832abfe8c37d449ef45f0265bd1d05e0393a339b37cb4a	bbs-archives-passed-banner	ReportOnly	cp437-inferred	false
/home/mkrueger/work/bbs/bbsarchives/Doors/sktb010b.zip![22]:DOORS.BBS	71d056256e41d4ff70832abfe8c37d449ef45f0265bd1d05e0393a339b37cb4a	bbs-archives-passed-banner	ReportOnly	cp437-inferred	false
/home/mkrueger/work/bbs/bbsarchives/Doors/slamb115.zip![22]:DOORS.BBS	71d056256e41d4ff70832abfe8c37d449ef45f0265bd1d05e0393a339b37cb4a	bbs-archives-passed-banner	ReportOnly	cp437-inferred	false
/home/mkrueger/work/bbs/bbsarchives/Doors/slayer12.zip![29]:DOORS.BBS	71d056256e41d4ff70832abfe8c37d449ef45f0265bd1d05e0393a339b37cb4a	bbs-archives-passed-banner	ReportOnly	cp437-inferred	false
/home/mkrueger/work/bbs/bbsarchives/Doors/slice_2d10.zip![3]:DOORS.BBS	71d056256e41d4ff70832abfe8c37d449ef45f0265bd1d05e0393a339b37cb4a	bbs-archives-passed-banner	ReportOnly	cp437-inferred	false
/home/mkrueger/work/bbs/bbsarchives/Doors/slide35.zip![5]:DOORS.BBS	71d056256e41d4ff70832abfe8c37d449ef45f0265bd1d05e0393a339b37cb4a	bbs-archives-passed-banner	ReportOnly	cp437-inferred	false
/home/mkrueger/work/bbs/bbsarchives/Doors/slot128.zip![7]:DOORS.BBS	71d056256e41d4ff70832abfe8c37d449ef45f0265bd1d05e0393a339b37cb4a	bbs-archives-passed-banner	ReportOnly	cp437-inferred	false
/home/mkrueger/work/bbs/bbsarchives/Doors/slots12.zip![6]:DOORS.BBS	71d056256e41d4ff70832abfe8c37d449ef45f0265bd1d05e0393a339b37cb4a	bbs-archives-passed-banner	ReportOnly	cp437-inferred	false
/home/mkrueger/work/bbs/bbsarchives/Doors/slots20.zip![5]:DOORS.BBS	71d056256e41d4ff70832abfe8c37d449ef45f0265bd1d05e0393a339b37cb4a	bbs-archives-passed-banner	ReportOnly	cp437-inferred	false
/home/mkrueger/work/bbs/bbsarchives/Doors/slots24.zip![13]:DOORS.BBS	71d056256e41d4ff70832abfe8c37d449ef45f0265bd1d05e0393a339b37cb4a	bbs-archives-passed-banner	ReportOnly	cp437-inferred	false
/home/mkrueger/work/bbs/bbsarchives/Doors/smine152.zip![8]:DOORS.BBS	71d056256e41d4ff70832abfe8c37d449ef45f0265bd1d05e0393a339b37cb4a	bbs-archives-passed-banner	ReportOnly	cp437-inferred	false
/home/mkrueger/work/bbs/bbsarchives/Doors/smm_201.zip![72]:DOORS.BBS	71d056256e41d4ff70832abfe8c37d449ef45f0265bd1d05e0393a339b37cb4a	bbs-archives-passed-banner	ReportOnly	cp437-inferred	false
/home/mkrueger/work/bbs/bbsarchives/Doors/sof.zip![5]:DOORS.BBS	71d056256e41d4ff70832abfe8c37d449ef45f0265bd1d05e0393a339b37cb4a	bbs-archives-passed-banner	ReportOnly	cp437-inferred	false
/home/mkrueger/work/bbs/bbsarchives/Doors/sol21.zip![14]:DOORS.BBS	71d056256e41d4ff70832abfe8c37d449ef45f0265bd1d05e0393a339b37cb4a	bbs-archives-passed-banner	ReportOnly	cp437-inferred	false
/home/mkrueger/work/bbs/bbsarchives/Doors/solit1_2d0.zip![9]:DOORS.BBS	71d056256e41d4ff70832abfe8c37d449ef45f0265bd1d05e0393a339b37cb4a	bbs-archives-passed-banner	ReportOnly	cp437-inferred	false
/home/mkrueger/work/bbs/bbsarchives/Doors/solnet20.zip![10]:DOORS.BBS	71d056256e41d4ff70832abfe8c37d449ef45f0265bd1d05e0393a339b37cb4a	bbs-archives-passed-banner	ReportOnly	cp437-inferred	false
/home/mkrueger/work/bbs/bbsarchives/Doors/sorc100.zip![14]:DOORS.BBS	71d056256e41d4ff70832abfe8c37d449ef45f0265bd1d05e0393a339b37cb4a	bbs-archives-passed-banner	ReportOnly	cp437-inferred	false
/home/mkrueger/work/bbs/bbsarchives/Doors/sotl112.zip![21]:DOORS.BBS	71d056256e41d4ff70832abfe8c37d449ef45f0265bd1d05e0393a339b37cb4a	bbs-archives-passed-banner	ReportOnly	cp437-inferred	false
/home/mkrueger/work/bbs/bbsarchives/Doors/spectre.zip![4]:DOORS.BBS	71d056256e41d4ff70832abfe8c37d449ef45f0265bd1d05e0393a339b37cb4a	bbs-archives-passed-banner	ReportOnly	cp437-inferred	false
/home/mkrueger/work/bbs/bbsarchives/Doors/sphinx3.zip![16]:DOORS.BBS	71d056256e41d4ff70832abfe8c37d449ef45f0265bd1d05e0393a339b37cb4a	bbs-archives-passed-banner	ReportOnly	cp437-inferred	false
/home/mkrueger/work/bbs/bbsarchives/Doors/spider35.zip![139]:DOORS.BBS	71d056256e41d4ff70832abfe8c37d449ef45f0265bd1d05e0393a339b37cb4a	bbs-archives-passed-banner	ReportOnly	cp437-inferred	false
/home/mkrueger/work/bbs/bbsarchives/Doors/spike1s.zip![5]:DOORS.BBS	71d056256e41d4ff70832abfe8c37d449ef45f0265bd1d05e0393a339b37cb4a	bbs-archives-passed-banner	ReportOnly	cp437-inferred	false
/home/mkrueger/work/bbs/bbsarchives/Doors/splu6_17.zip![6]:ARCHIVES.BBS	71d056256e41d4ff70832abfe8c37d449ef45f0265bd1d05e0393a339b37cb4a	bbs-archives-passed-banner	ReportOnly	cp437-inferred	false
/home/mkrueger/work/bbs/bbsarchives/Doors/splu6_17.zip![7]:DOORS.BBS	71d056256e41d4ff70832abfe8c37d449ef45f0265bd1d05e0393a339b37cb4a	bbs-archives-passed-banner	ReportOnly	cp437-inferred	false
/home/mkrueger/work/bbs/bbsarchives/Doors/spnit300.zip![6]:DOORS.BBS	71d056256e41d4ff70832abfe8c37d449ef45f0265bd1d05e0393a339b37cb4a	bbs-archives-passed-banner	ReportOnly	cp437-inferred	false
/home/mkrueger/work/bbs/bbsarchives/Doors/spoker13.zip![56]:ARCHIVES.BBS	71d056256e41d4ff70832abfe8c37d449ef45f0265bd1d05e0393a339b37cb4a	bbs-archives-passed-banner	ReportOnly	cp437-inferred	false
/home/mkrueger/work/bbs/bbsarchives/Doors/spoker13.zip![57]:DOORS.BBS	71d056256e41d4ff70832abfe8c37d449ef45f0265bd1d05e0393a339b37cb4a	bbs-archives-passed-banner	ReportOnly	cp437-inferred	false
/home/mkrueger/work/bbs/bbsarchives/Doors/sprtrv42.zip![17]:DOORS.BBS	71d056256e41d4ff70832abfe8c37d449ef45f0265bd1d05e0393a339b37cb4a	bbs-archives-passed-banner	ReportOnly	cp437-inferred	false
/home/mkrueger/work/bbs/bbsarchives/Doors/spyder11.zip![12]:DOORS.BBS	71d056256e41d4ff70832abfe8c37d449ef45f0265bd1d05e0393a339b37cb4a	bbs-archives-passed-banner	ReportOnly	cp437-inferred	false
/home/mkrueger/work/bbs/bbsarchives/Doors/spygem.zip![5]:DOORS.BBS	71d056256e41d4ff70832abfe8c37d449ef45f0265bd1d05e0393a339b37cb4a	bbs-archives-passed-banner	ReportOnly	cp437-inferred	false
/home/mkrueger/work/bbs/bbsarchives/Doors/squatris.zip![13]:DOORS.BBS	71d056256e41d4ff70832abfe8c37d449ef45f0265bd1d05e0393a339b37cb4a	bbs-archives-passed-banner	ReportOnly	cp437-inferred	false
/home/mkrueger/work/bbs/bbsarchives/Doors/sr293.zip![21]:DOORS.BBS	71d056256e41d4ff70832abfe8c37d449ef45f0265bd1d05e0393a339b37cb4a	bbs-archives-passed-banner	ReportOnly	cp437-inferred	false
/home/mkrueger/work/bbs/bbsarchives/Doors/srview12.zip![12]:ARCHIVES.BBS	71d056256e41d4ff70832abfe8c37d449ef45f0265bd1d05e0393a339b37cb4a	bbs-archives-passed-banner	ReportOnly	cp437-inferred	false
/home/mkrueger/work/bbs/bbsarchives/Doors/srview12.zip![13]:DOORS.BBS	71d056256e41d4ff70832abfe8c37d449ef45f0265bd1d05e0393a339b37cb4a	bbs-archives-passed-banner	ReportOnly	cp437-inferred	false
/home/mkrueger/work/bbs/bbsarchives/Doors/srwin16.zip![6]:ARCHIVES.BBS	71d056256e41d4ff70832abfe8c37d449ef45f0265bd1d05e0393a339b37cb4a	bbs-archives-passed-banner	ReportOnly	cp437-inferred	false
/home/mkrueger/work/bbs/bbsarchives/Doors/srwin16.zip![7]:DOORS.BBS	71d056256e41d4ff70832abfe8c37d449ef45f0265bd1d05e0393a339b37cb4a	bbs-archives-passed-banner	ReportOnly	cp437-inferred	false
/home/mkrueger/work/bbs/bbsarchives/Doors/ss_2133.zip![21]:ARCHIVES.BBS	71d056256e41d4ff70832abfe8c37d449ef45f0265bd1d05e0393a339b37cb4a	bbs-archives-passed-banner	ReportOnly	cp437-inferred	false
/home/mkrueger/work/bbs/bbsarchives/Doors/ss_2133.zip![22]:DOORS.BBS	71d056256e41d4ff70832abfe8c37d449ef45f0265bd1d05e0393a339b37cb4a	bbs-archives-passed-banner	ReportOnly	cp437-inferred	false
/home/mkrueger/work/bbs/bbsarchives/Doors/ssicons.zip![7]:DOORS.BBS	71d056256e41d4ff70832abfe8c37d449ef45f0265bd1d05e0393a339b37cb4a	bbs-archives-passed-banner	ReportOnly	cp437-inferred	false
/home/mkrueger/work/bbs/bbsarchives/Doors/star425b.zip![10]:DOORS.BBS	71d056256e41d4ff70832abfe8c37d449ef45f0265bd1d05e0393a339b37cb4a	bbs-archives-passed-banner	ReportOnly	cp437-inferred	false
/home/mkrueger/work/bbs/bbsarchives/Doors/states11.zip![18]:DOORS.BBS	71d056256e41d4ff70832abfe8c37d449ef45f0265bd1d05e0393a339b37cb4a	bbs-archives-passed-banner	ReportOnly	cp437-inferred	false
/home/mkrueger/work/bbs/bbsarchives/Doors/stc122.zip![16]:DOORS.BBS	71d056256e41d4ff70832abfe8c37d449ef45f0265bd1d05e0393a339b37cb4a	bbs-archives-passed-banner	ReportOnly	cp437-inferred	false
/home/mkrueger/work/bbs/bbsarchives/Doors/stg306b.zip![4]:DOORS.BBS	71d056256e41d4ff70832abfe8c37d449ef45f0265bd1d05e0393a339b37cb4a	bbs-archives-passed-banner	ReportOnly	cp437-inferred	false
/home/mkrueger/work/bbs/bbsarchives/Doors/stokgem2.zip![5]:ARCHIVES.BBS	71d056256e41d4ff70832abfe8c37d449ef45f0265bd1d05e0393a339b37cb4a	bbs-archives-passed-banner	ReportOnly	cp437-inferred	false
/home/mkrueger/work/bbs/bbsarchives/Doors/stokgem2.zip![6]:DOORS.BBS	71d056256e41d4ff70832abfe8c37d449ef45f0265bd1d05e0393a339b37cb4a	bbs-archives-passed-banner	ReportOnly	cp437-inferred	false
/home/mkrueger/work/bbs/bbsarchives/Doors/story11.zip![8]:ARCHIVES.BBS	71d056256e41d4ff70832abfe8c37d449ef45f0265bd1d05e0393a339b37cb4a	bbs-archives-passed-banner	ReportOnly	cp437-inferred	false
/home/mkrueger/work/bbs/bbsarchives/Doors/story11.zip![9]:DOORS.BBS	71d056256e41d4ff70832abfe8c37d449ef45f0265bd1d05e0393a339b37cb4a	bbs-archives-passed-banner	ReportOnly	cp437-inferred	false
/home/mkrueger/work/bbs/bbsarchives/Doors/story20.zip![15]:DOORS.BBS	71d056256e41d4ff70832abfe8c37d449ef45f0265bd1d05e0393a339b37cb4a	bbs-archives-passed-banner	ReportOnly	cp437-inferred	false
/home/mkrueger/work/bbs/bbsarchives/Doors/strakd10.zip![5]:DOORS.BBS	71d056256e41d4ff70832abfe8c37d449ef45f0265bd1d05e0393a339b37cb4a	bbs-archives-passed-banner	ReportOnly	cp437-inferred	false
/home/mkrueger/work/bbs/bbsarchives/Doors/street33.zip![21]:DOORS.BBS	71d056256e41d4ff70832abfe8c37d449ef45f0265bd1d05e0393a339b37cb4a	bbs-archives-passed-banner	ReportOnly	cp437-inferred	false
/home/mkrueger/work/bbs/bbsarchives/Doors/strek.zip![18]:DOORS.BBS	71d056256e41d4ff70832abfe8c37d449ef45f0265bd1d05e0393a339b37cb4a	bbs-archives-passed-banner	ReportOnly	cp437-inferred	false
/home/mkrueger/work/bbs/bbsarchives/Doors/strfit20.zip![26]:DOORS.BBS	71d056256e41d4ff70832abfe8c37d449ef45f0265bd1d05e0393a339b37cb4a	bbs-archives-passed-banner	ReportOnly	cp437-inferred	false
/home/mkrueger/work/bbs/bbsarchives/Doors/structs2.zip![12]:DOORS.BBS	71d056256e41d4ff70832abfe8c37d449ef45f0265bd1d05e0393a339b37cb4a	bbs-archives-passed-banner	ReportOnly	cp437-inferred	false
/home/mkrueger/work/bbs/bbsarchives/Doors/studet12.zip![112]:DOORS.BBS	71d056256e41d4ff70832abfe8c37d449ef45f0265bd1d05e0393a339b37cb4a	bbs-archives-passed-banner	ReportOnly	cp437-inferred	false
/home/mkrueger/work/bbs/bbsarchives/Doors/stupd190.zip![10]:DOORS.BBS	71d056256e41d4ff70832abfe8c37d449ef45f0265bd1d05e0393a339b37cb4a	bbs-archives-passed-banner	ReportOnly	cp437-inferred	false
/home/mkrueger/work/bbs/bbsarchives/Doors/stupd190.zip![9]:ARCHIVES.BBS	71d056256e41d4ff70832abfe8c37d449ef45f0265bd1d05e0393a339b37cb4a	bbs-archives-passed-banner	ReportOnly	cp437-inferred	false
/home/mkrueger/work/bbs/bbsarchives/Doors/supers51.zip![7]:DOORS.BBS	71d056256e41d4ff70832abfe8c37d449ef45f0265bd1d05e0393a339b37cb4a	bbs-archives-passed-banner	ReportOnly	cp437-inferred	false
/home/mkrueger/work/bbs/bbsarchives/Doors/supert12.zip![13]:DOORS.BBS	71d056256e41d4ff70832abfe8c37d449ef45f0265bd1d05e0393a339b37cb4a	bbs-archives-passed-banner	ReportOnly	cp437-inferred	false
/home/mkrueger/work/bbs/bbsarchives/Doors/suprscan.zip![6]:DOORS.BBS	71d056256e41d4ff70832abfe8c37d449ef45f0265bd1d05e0393a339b37cb4a	bbs-archives-passed-banner	ReportOnly	cp437-inferred	false
/home/mkrueger/work/bbs/bbsarchives/Doors/sweeps23.zip![14]:DOORS.BBS	71d056256e41d4ff70832abfe8c37d449ef45f0265bd1d05e0393a339b37cb4a	bbs-archives-passed-banner	ReportOnly	cp437-inferred	false
/home/mkrueger/work/bbs/bbsarchives/Doors/symon11.zip![8]:DOORS.BBS	71d056256e41d4ff70832abfe8c37d449ef45f0265bd1d05e0393a339b37cb4a	bbs-archives-passed-banner	ReportOnly	cp437-inferred	false
/home/mkrueger/work/bbs/bbsarchives/Doors/synd11.zip![25]:DOORS.BBS	71d056256e41d4ff70832abfe8c37d449ef45f0265bd1d05e0393a339b37cb4a	bbs-archives-passed-banner	ReportOnly	cp437-inferred	false
/home/mkrueger/work/bbs/bbsarchives/Doors/szone20b.zip![11]:DOORS.BBS	71d056256e41d4ff70832abfe8c37d449ef45f0265bd1d05e0393a339b37cb4a	bbs-archives-passed-banner	ReportOnly	cp437-inferred	false
/home/mkrueger/work/bbs/bbsarchives/Doors/t15s100.zip![21]:DOORS.BBS	71d056256e41d4ff70832abfe8c37d449ef45f0265bd1d05e0393a339b37cb4a	bbs-archives-passed-banner	ReportOnly	cp437-inferred	false
/home/mkrueger/work/bbs/bbsarchives/Doors/t_2dlibv10.zip![8]:ARCHIVES.BBS	71d056256e41d4ff70832abfe8c37d449ef45f0265bd1d05e0393a339b37cb4a	bbs-archives-passed-banner	ReportOnly	cp437-inferred	false
/home/mkrueger/work/bbs/bbsarchives/Doors/t_2dlibv10.zip![9]:DOORS.BBS	71d056256e41d4ff70832abfe8c37d449ef45f0265bd1d05e0393a339b37cb4a	bbs-archives-passed-banner	ReportOnly	cp437-inferred	false
/home/mkrueger/work/bbs/bbsarchives/Doors/tadopt1.zip![6]:ARCHIVES.BBS	71d056256e41d4ff70832abfe8c37d449ef45f0265bd1d05e0393a339b37cb4a	bbs-archives-passed-banner	ReportOnly	cp437-inferred	false
/home/mkrueger/work/bbs/bbsarchives/Doors/tadopt1.zip![7]:DOORS.BBS	71d056256e41d4ff70832abfe8c37d449ef45f0265bd1d05e0393a339b37cb4a	bbs-archives-passed-banner	ReportOnly	cp437-inferred	false
/home/mkrueger/work/bbs/bbsarchives/Doors/talshot.zip![11]:DOORS.BBS	71d056256e41d4ff70832abfe8c37d449ef45f0265bd1d05e0393a339b37cb4a	bbs-archives-passed-banner	ReportOnly	cp437-inferred	false
/home/mkrueger/work/bbs/bbsarchives/Doors/tape110a.zip![5]:DOORS.BBS	71d056256e41d4ff70832abfe8c37d449ef45f0265bd1d05e0393a339b37cb4a	bbs-archives-passed-banner	ReportOnly	cp437-inferred	false
/home/mkrueger/work/bbs/bbsarchives/Doors/tbogg110.zip![24]:DOORS.BBS	71d056256e41d4ff70832abfe8c37d449ef45f0265bd1d05e0393a339b37cb4a	bbs-archives-passed-banner	ReportOnly	cp437-inferred	false
/home/mkrueger/work/bbs/bbsarchives/Doors/tc104.zip![13]:DOORS.BBS	71d056256e41d4ff70832abfe8c37d449ef45f0265bd1d05e0393a339b37cb4a	bbs-archives-passed-banner	ReportOnly	cp437-inferred	false
/home/mkrueger/work/bbs/bbsarchives/Doors/tc20.zip![19]:DOORS.BBS	71d056256e41d4ff70832abfe8c37d449ef45f0265bd1d05e0393a339b37cb4a	bbs-archives-passed-banner	ReportOnly	cp437-inferred	false
/home/mkrueger/work/bbs/bbsarchives/Doors/tc254.zip![15]:DOORS.BBS	71d056256e41d4ff70832abfe8c37d449ef45f0265bd1d05e0393a339b37cb4a	bbs-archives-passed-banner	ReportOnly	cp437-inferred	false
/home/mkrueger/work/bbs/bbsarchives/Doors/tcall25.zip![6]:DOORS.BBS	71d056256e41d4ff70832abfe8c37d449ef45f0265bd1d05e0393a339b37cb4a	bbs-archives-passed-banner	ReportOnly	cp437-inferred	false
/home/mkrueger/work/bbs/bbsarchives/Doors/tcbla25.zip![6]:DOORS.BBS	71d056256e41d4ff70832abfe8c37d449ef45f0265bd1d05e0393a339b37cb4a	bbs-archives-passed-banner	ReportOnly	cp437-inferred	false
/home/mkrueger/work/bbs/bbsarchives/Doors/tcfis25.zip![6]:DOORS.BBS	71d056256e41d4ff70832abfe8c37d449ef45f0265bd1d05e0393a339b37cb4a	bbs-archives-passed-banner	ReportOnly	cp437-inferred	false
/home/mkrueger/work/bbs/bbsarchives/Doors/tchkpop1.zip![4]:DOORS.BBS	71d056256e41d4ff70832abfe8c37d449ef45f0265bd1d05e0393a339b37cb4a	bbs-archives-passed-banner	ReportOnly	cp437-inferred	false
/home/mkrueger/work/bbs/bbsarchives/Doors/tclib25.zip![7]:DOORS.BBS	71d056256e41d4ff70832abfe8c37d449ef45f0265bd1d05e0393a339b37cb4a	bbs-archives-passed-banner	ReportOnly	cp437-inferred	false
/home/mkrueger/work/bbs/bbsarchives/Doors/tcpar25.zip![6]:DOORS.BBS	71d056256e41d4ff70832abfe8c37d449ef45f0265bd1d05e0393a339b37cb4a	bbs-archives-passed-banner	ReportOnly	cp437-inferred	false
/home/mkrueger/work/bbs/bbsarchives/Doors/tcred10.zip![7]:DOORS.BBS	71d056256e41d4ff70832abfe8c37d449ef45f0265bd1d05e0393a339b37cb4a	bbs-archives-passed-banner	ReportOnly	cp437-inferred	false
/home/mkrueger/work/bbs/bbsarchives/Doors/tctpa25.zip![6]:DOORS.BBS	71d056256e41d4ff70832abfe8c37d449ef45f0265bd1d05e0393a339b37cb4a	bbs-archives-passed-banner	ReportOnly	cp437-inferred	false
/home/mkrueger/work/bbs/bbsarchives/Doors/tday2k2.zip![5]:DOORS.BBS	71d056256e41d4ff70832abfe8c37d449ef45f0265bd1d05e0393a339b37cb4a	bbs-archives-passed-banner	ReportOnly	cp437-inferred	false
/home/mkrueger/work/bbs/bbsarchives/Doors/tdhxp1_0.zip![4]:ARCHIVES.BBS	71d056256e41d4ff70832abfe8c37d449ef45f0265bd1d05e0393a339b37cb4a	bbs-archives-passed-banner	ReportOnly	cp437-inferred	false
/home/mkrueger/work/bbs/bbsarchives/Doors/tdhxp1_0.zip![5]:DOORS.BBS	71d056256e41d4ff70832abfe8c37d449ef45f0265bd1d05e0393a339b37cb4a	bbs-archives-passed-banner	ReportOnly	cp437-inferred	false
/home/mkrueger/work/bbs/bbsarchives/Doors/tea101.zip![31]:DOORS.BBS	71d056256e41d4ff70832abfe8c37d449ef45f0265bd1d05e0393a339b37cb4a	bbs-archives-passed-banner	ReportOnly	cp437-inferred	false
/home/mkrueger/work/bbs/bbsarchives/Doors/teos2wb3.zip![24]:DOORS.BBS	71d056256e41d4ff70832abfe8c37d449ef45f0265bd1d05e0393a339b37cb4a	bbs-archives-passed-banner	ReportOnly	cp437-inferred	false
/home/mkrueger/work/bbs/bbsarchives/Doors/teosxt10.zip![5]:ARCHIVES.BBS	71d056256e41d4ff70832abfe8c37d449ef45f0265bd1d05e0393a339b37cb4a	bbs-archives-passed-banner	ReportOnly	cp437-inferred	false
/home/mkrueger/work/bbs/bbsarchives/Doors/teosxt10.zip![6]:DOORS.BBS	71d056256e41d4ff70832abfe8c37d449ef45f0265bd1d05e0393a339b37cb4a	bbs-archives-passed-banner	ReportOnly	cp437-inferred	false
/home/mkrueger/work/bbs/bbsarchives/Doors/thereg11.zip![10]:DOORS.BBS	71d056256e41d4ff70832abfe8c37d449ef45f0265bd1d05e0393a339b37cb4a	bbs-archives-passed-banner	ReportOnly	cp437-inferred	false
/home/mkrueger/work/bbs/bbsarchives/Doors/thereg11.zip![9]:ARCHIVES.BBS	71d056256e41d4ff70832abfe8c37d449ef45f0265bd1d05e0393a339b37cb4a	bbs-archives-passed-banner	ReportOnly	cp437-inferred	false
/home/mkrueger/work/bbs/bbsarchives/Doors/therest.zip![5]:DOORS.BBS	71d056256e41d4ff70832abfe8c37d449ef45f0265bd1d05e0393a339b37cb4a	bbs-archives-passed-banner	ReportOnly	cp437-inferred	false
/home/mkrueger/work/bbs/bbsarchives/Doors/thi_2d100.zip![59]:ARCHIVES.BBS	71d056256e41d4ff70832abfe8c37d449ef45f0265bd1d05e0393a339b37cb4a	bbs-archives-passed-banner	ReportOnly	cp437-inferred	false
/home/mkrueger/work/bbs/bbsarchives/Doors/thi_2d100.zip![60]:DOORS.BBS	71d056256e41d4ff70832abfe8c37d449ef45f0265bd1d05e0393a339b37cb4a	bbs-archives-passed-banner	ReportOnly	cp437-inferred	false
/home/mkrueger/work/bbs/bbsarchives/Doors/tht105f.zip![43]:ARCHIVES.BBS	71d056256e41d4ff70832abfe8c37d449ef45f0265bd1d05e0393a339b37cb4a	bbs-archives-passed-banner	ReportOnly	cp437-inferred	false
/home/mkrueger/work/bbs/bbsarchives/Doors/tht105f.zip![44]:DOORS.BBS	71d056256e41d4ff70832abfe8c37d449ef45f0265bd1d05e0393a339b37cb4a	bbs-archives-passed-banner	ReportOnly	cp437-inferred	false
/home/mkrueger/work/bbs/bbsarchives/Doors/time_2datm.zip![10]:DOORS.BBS	71d056256e41d4ff70832abfe8c37d449ef45f0265bd1d05e0393a339b37cb4a	bbs-archives-passed-banner	ReportOnly	cp437-inferred	false
/home/mkrueger/work/bbs/bbsarchives/Doors/tjlem43.zip![26]:DOORS.BBS	71d056256e41d4ff70832abfe8c37d449ef45f0265bd1d05e0393a339b37cb4a	bbs-archives-passed-banner	ReportOnly	cp437-inferred	false
/home/mkrueger/work/bbs/bbsarchives/Doors/tjmorm11.zip![16]:DOORS.BBS	71d056256e41d4ff70832abfe8c37d449ef45f0265bd1d05e0393a339b37cb4a	bbs-archives-passed-banner	ReportOnly	cp437-inferred	false
/home/mkrueger/work/bbs/bbsarchives/Doors/tlotto11.zip![5]:DOORS.BBS	71d056256e41d4ff70832abfe8c37d449ef45f0265bd1d05e0393a339b37cb4a	bbs-archives-passed-banner	ReportOnly	cp437-inferred	false
/home/mkrueger/work/bbs/bbsarchives/Doors/tlst125b.zip![2]:ARCHIVES.BBS	71d056256e41d4ff70832abfe8c37d449ef45f0265bd1d05e0393a339b37cb4a	bbs-archives-passed-banner	ReportOnly	cp437-inferred	false
/home/mkrueger/work/bbs/bbsarchives/Doors/tlst125b.zip![3]:DOORS.BBS	71d056256e41d4ff70832abfe8c37d449ef45f0265bd1d05e0393a339b37cb4a	bbs-archives-passed-banner	ReportOnly	cp437-inferred	false
/home/mkrueger/work/bbs/bbsarchives/Doors/tmg108.zip![9]:DOORS.BBS	71d056256e41d4ff70832abfe8c37d449ef45f0265bd1d05e0393a339b37cb4a	bbs-archives-passed-banner	ReportOnly	cp437-inferred	false
/home/mkrueger/work/bbs/bbsarchives/Doors/tnt124.zip![5]:ARCHIVES.BBS	71d056256e41d4ff70832abfe8c37d449ef45f0265bd1d05e0393a339b37cb4a	bbs-archives-passed-banner	ReportOnly	cp437-inferred	false
/home/mkrueger/work/bbs/bbsarchives/Doors/tnt124.zip![6]:DOORS.BBS	71d056256e41d4ff70832abfe8c37d449ef45f0265bd1d05e0393a339b37cb4a	bbs-archives-passed-banner	ReportOnly	cp437-inferred	false
/home/mkrueger/work/bbs/bbsarchives/Doors/tnyhang6.zip![7]:DOORS.BBS	71d056256e41d4ff70832abfe8c37d449ef45f0265bd1d05e0393a339b37cb4a	bbs-archives-passed-banner	ReportOnly	cp437-inferred	false
/home/mkrueger/work/bbs/bbsarchives/Doors/tob.zip![73]:DOORS.BBS	71d056256e41d4ff70832abfe8c37d449ef45f0265bd1d05e0393a339b37cb4a	bbs-archives-passed-banner	ReportOnly	cp437-inferred	false
/home/mkrueger/work/bbs/bbsarchives/Doors/tra_2d110.zip![9]:DOORS.BBS	71d056256e41d4ff70832abfe8c37d449ef45f0265bd1d05e0393a339b37cb4a	bbs-archives-passed-banner	ReportOnly	cp437-inferred	false
/home/mkrueger/work/bbs/bbsarchives/Doors/trektg1s.zip![6]:ARCHIVES.BBS	71d056256e41d4ff70832abfe8c37d449ef45f0265bd1d05e0393a339b37cb4a	bbs-archives-passed-banner	ReportOnly	cp437-inferred	false
/home/mkrueger/work/bbs/bbsarchives/Doors/trektg1s.zip![7]:DOORS.BBS	71d056256e41d4ff70832abfe8c37d449ef45f0265bd1d05e0393a339b37cb4a	bbs-archives-passed-banner	ReportOnly	cp437-inferred	false
/home/mkrueger/work/bbs/bbsarchives/Doors/tris107.zip![2]:DOORS.BBS	71d056256e41d4ff70832abfe8c37d449ef45f0265bd1d05e0393a339b37cb4a	bbs-archives-passed-banner	ReportOnly	cp437-inferred	false
/home/mkrueger/work/bbs/bbsarchives/Doors/tvtriv10.zip![6]:DOORS.BBS	71d056256e41d4ff70832abfe8c37d449ef45f0265bd1d05e0393a339b37cb4a	bbs-archives-passed-banner	ReportOnly	cp437-inferred	false
/home/mkrueger/work/bbs/bbsarchives/Doors/twg500.zip![2]:DOORS.BBS	71d056256e41d4ff70832abfe8c37d449ef45f0265bd1d05e0393a339b37cb4a	bbs-archives-passed-banner	ReportOnly	cp437-inferred	false
/home/mkrueger/work/bbs/bbsarchives/Doors/twmall31.zip![13]:DOORS.BBS	71d056256e41d4ff70832abfe8c37d449ef45f0265bd1d05e0393a339b37cb4a	bbs-archives-passed-banner	ReportOnly	cp437-inferred	false
/home/mkrueger/work/bbs/bbsarchives/Doors/tworld40.zip![6]:DOORS.BBS	71d056256e41d4ff70832abfe8c37d449ef45f0265bd1d05e0393a339b37cb4a	bbs-archives-passed-banner	ReportOnly	cp437-inferred	false
/home/mkrueger/work/bbs/bbsarchives/Doors/ubank200.zip![12]:DOORS.BBS	71d056256e41d4ff70832abfe8c37d449ef45f0265bd1d05e0393a339b37cb4a	bbs-archives-passed-banner	ReportOnly	cp437-inferred	false
/home/mkrueger/work/bbs/bbsarchives/Doors/ubv13.zip![31]:DOORS.BBS	71d056256e41d4ff70832abfe8c37d449ef45f0265bd1d05e0393a339b37cb4a	bbs-archives-passed-banner	ReportOnly	cp437-inferred	false
/home/mkrueger/work/bbs/bbsarchives/Doors/ulog12.zip![5]:DOORS.BBS	71d056256e41d4ff70832abfe8c37d449ef45f0265bd1d05e0393a339b37cb4a	bbs-archives-passed-banner	ReportOnly	cp437-inferred	false
/home/mkrueger/work/bbs/bbsarchives/Doors/ultrek10.zip![6]:DOORS.BBS	71d056256e41d4ff70832abfe8c37d449ef45f0265bd1d05e0393a339b37cb4a	bbs-archives-passed-banner	ReportOnly	cp437-inferred	false
/home/mkrueger/work/bbs/bbsarchives/Doors/une1.zip![13]:ARCHIVES.BBS	71d056256e41d4ff70832abfe8c37d449ef45f0265bd1d05e0393a339b37cb4a	bbs-archives-passed-banner	ReportOnly	cp437-inferred	false
/home/mkrueger/work/bbs/bbsarchives/Doors/une1.zip![14]:DOORS.BBS	71d056256e41d4ff70832abfe8c37d449ef45f0265bd1d05e0393a339b37cb4a	bbs-archives-passed-banner	ReportOnly	cp437-inferred	false
/home/mkrueger/work/bbs/bbsarchives/Doors/unodr11.zip![1]:DOORS.BBS	71d056256e41d4ff70832abfe8c37d449ef45f0265bd1d05e0393a339b37cb4a	bbs-archives-passed-banner	ReportOnly	cp437-inferred	false
/home/mkrueger/work/bbs/bbsarchives/Doors/uolr115b.zip![8]:DOORS.BBS	71d056256e41d4ff70832abfe8c37d449ef45f0265bd1d05e0393a339b37cb4a	bbs-archives-passed-banner	ReportOnly	cp437-inferred	false
/home/mkrueger/work/bbs/bbsarchives/Doors/uptmed1.zip![7]:ARCHIVES.BBS	71d056256e41d4ff70832abfe8c37d449ef45f0265bd1d05e0393a339b37cb4a	bbs-archives-passed-banner	ReportOnly	cp437-inferred	false
/home/mkrueger/work/bbs/bbsarchives/Doors/uptmed1.zip![8]:DOORS.BBS	71d056256e41d4ff70832abfe8c37d449ef45f0265bd1d05e0393a339b37cb4a	bbs-archives-passed-banner	ReportOnly	cp437-inferred	false
/home/mkrueger/work/bbs/bbsarchives/Doors/urges502.zip![2]:DOORS.BBS	71d056256e41d4ff70832abfe8c37d449ef45f0265bd1d05e0393a339b37cb4a	bbs-archives-passed-banner	ReportOnly	cp437-inferred	false
/home/mkrueger/work/bbs/bbsarchives/Doors/uscg15.zip![18]:DOORS.BBS	71d056256e41d4ff70832abfe8c37d449ef45f0265bd1d05e0393a339b37cb4a	bbs-archives-passed-banner	ReportOnly	cp437-inferred	false
/home/mkrueger/work/bbs/bbsarchives/Doors/userrg02.zip![10]:DOORS.BBS	71d056256e41d4ff70832abfe8c37d449ef45f0265bd1d05e0393a339b37cb4a	bbs-archives-passed-banner	ReportOnly	cp437-inferred	false
/home/mkrueger/work/bbs/bbsarchives/Doors/uu204.zip![17]:DOORS.BBS	71d056256e41d4ff70832abfe8c37d449ef45f0265bd1d05e0393a339b37cb4a	bbs-archives-passed-banner	ReportOnly	cp437-inferred	false
/home/mkrueger/work/bbs/bbsarchives/Doors/uu204up3.zip![10]:DOORS.BBS	71d056256e41d4ff70832abfe8c37d449ef45f0265bd1d05e0393a339b37cb4a	bbs-archives-passed-banner	ReportOnly	cp437-inferred	false
/home/mkrueger/work/bbs/bbsarchives/Doors/vacation.zip![3]:DOORS.BBS	71d056256e41d4ff70832abfe8c37d449ef45f0265bd1d05e0393a339b37cb4a	bbs-archives-passed-banner	ReportOnly	cp437-inferred	false
/home/mkrueger/work/bbs/bbsarchives/Doors/vader122.zip![9]:ARCHIVES.BBS	71d056256e41d4ff70832abfe8c37d449ef45f0265bd1d05e0393a339b37cb4a	bbs-archives-passed-banner	ReportOnly	cp437-inferred	false
/home/mkrueger/work/bbs/bbsarchives/Doors/vagabkey.zip![3]:DOORS.BBS	71d056256e41d4ff70832abfe8c37d449ef45f0265bd1d05e0393a339b37cb4a	bbs-archives-passed-banner	ReportOnly	cp437-inferred	false
/home/mkrueger/work/bbs/bbsarchives/Doors/vampfx.zip![10]:DOORS.BBS	71d056256e41d4ff70832abfe8c37d449ef45f0265bd1d05e0393a339b37cb4a	bbs-archives-passed-banner	ReportOnly	cp437-inferred	false
/home/mkrueger/work/bbs/bbsarchives/Doors/vampv16.zip![66]:DOORS.BBS	71d056256e41d4ff70832abfe8c37d449ef45f0265bd1d05e0393a339b37cb4a	bbs-archives-passed-banner	ReportOnly	cp437-inferred	false
/home/mkrueger/work/bbs/bbsarchives/Doors/vansi21.zip![14]:ARCHIVES.BBS	71d056256e41d4ff70832abfe8c37d449ef45f0265bd1d05e0393a339b37cb4a	bbs-archives-passed-banner	ReportOnly	cp437-inferred	false
/home/mkrueger/work/bbs/bbsarchives/Doors/vansi21.zip![15]:DOORS.BBS	71d056256e41d4ff70832abfe8c37d449ef45f0265bd1d05e0393a339b37cb4a	bbs-archives-passed-banner	ReportOnly	cp437-inferred	false
/home/mkrueger/work/bbs/bbsarchives/Doors/vcl.zip![9]:DOORS.BBS	71d056256e41d4ff70832abfe8c37d449ef45f0265bd1d05e0393a339b37cb4a	bbs-archives-passed-banner	ReportOnly	cp437-inferred	false
/home/mkrueger/work/bbs/bbsarchives/Doors/vcr202.zip![5]:DOORS.BBS	71d056256e41d4ff70832abfe8c37d449ef45f0265bd1d05e0393a339b37cb4a	bbs-archives-passed-banner	ReportOnly	cp437-inferred	false
/home/mkrueger/work/bbs/bbsarchives/Doors/vd02.zip![5]:DOORS.BBS	71d056256e41d4ff70832abfe8c37d449ef45f0265bd1d05e0393a339b37cb4a	bbs-archives-passed-banner	ReportOnly	cp437-inferred	false
/home/mkrueger/work/bbs/bbsarchives/Doors/vdoor301.zip![32]:DOORS.BBS	71d056256e41d4ff70832abfe8c37d449ef45f0265bd1d05e0393a339b37cb4a	bbs-archives-passed-banner	ReportOnly	cp437-inferred	false
/home/mkrueger/work/bbs/bbsarchives/Doors/verify.zip![3]:DOORS.BBS	71d056256e41d4ff70832abfe8c37d449ef45f0265bd1d05e0393a339b37cb4a	bbs-archives-passed-banner	ReportOnly	cp437-inferred	false
/home/mkrueger/work/bbs/bbsarchives/Doors/vescv10.zip![2]:ARCHIVES.BBS	71d056256e41d4ff70832abfe8c37d449ef45f0265bd1d05e0393a339b37cb4a	bbs-archives-passed-banner	ReportOnly	cp437-inferred	false
/home/mkrueger/work/bbs/bbsarchives/Doors/vescv10.zip![3]:DOORS.BBS	71d056256e41d4ff70832abfe8c37d449ef45f0265bd1d05e0393a339b37cb4a	bbs-archives-passed-banner	ReportOnly	cp437-inferred	false
/home/mkrueger/work/bbs/bbsarchives/Doors/vgap314.zip![11]:DOORS.BBS	71d056256e41d4ff70832abfe8c37d449ef45f0265bd1d05e0393a339b37cb4a	bbs-archives-passed-banner	ReportOnly	cp437-inferred	false
/home/mkrueger/work/bbs/bbsarchives/Doors/video25.zip![15]:DOORS.BBS	71d056256e41d4ff70832abfe8c37d449ef45f0265bd1d05e0393a339b37cb4a	bbs-archives-passed-banner	ReportOnly	cp437-inferred	false
/home/mkrueger/work/bbs/bbsarchives/Doors/view_210.zip![7]:DOORS.BBS	71d056256e41d4ff70832abfe8c37d449ef45f0265bd1d05e0393a339b37cb4a	bbs-archives-passed-banner	ReportOnly	cp437-inferred	false
/home/mkrueger/work/bbs/bbsarchives/Doors/votprip2.zip![39]:DOORS.BBS	71d056256e41d4ff70832abfe8c37d449ef45f0265bd1d05e0393a339b37cb4a	bbs-archives-passed-banner	ReportOnly	cp437-inferred	false
/home/mkrueger/work/bbs/bbsarchives/Doors/voyr293b.zip![42]:ARCHIVES.BBS	71d056256e41d4ff70832abfe8c37d449ef45f0265bd1d05e0393a339b37cb4a	bbs-archives-passed-banner	ReportOnly	cp437-inferred	false
/home/mkrueger/work/bbs/bbsarchives/Doors/voyr293b.zip![43]:DOORS.BBS	71d056256e41d4ff70832abfe8c37d449ef45f0265bd1d05e0393a339b37cb4a	bbs-archives-passed-banner	ReportOnly	cp437-inferred	false
/home/mkrueger/work/bbs/bbsarchives/Doors/vp3bbs.zip![14]:DOORS.BBS	71d056256e41d4ff70832abfe8c37d449ef45f0265bd1d05e0393a339b37cb4a	bbs-archives-passed-banner	ReportOnly	cp437-inferred	false
/home/mkrueger/work/bbs/bbsarchives/Doors/vp3cb214.zip![12]:ARCHIVES.BBS	71d056256e41d4ff70832abfe8c37d449ef45f0265bd1d05e0393a339b37cb4a	bbs-archives-passed-banner	ReportOnly	cp437-inferred	false
/home/mkrueger/work/bbs/bbsarchives/Doors/vp3cb214.zip![13]:DOORS.BBS	71d056256e41d4ff70832abfe8c37d449ef45f0265bd1d05e0393a339b37cb4a	bbs-archives-passed-banner	ReportOnly	cp437-inferred	false
/home/mkrueger/work/bbs/bbsarchives/Doors/vqwk_210.zip![16]:DOORS.BBS	71d056256e41d4ff70832abfe8c37d449ef45f0265bd1d05e0393a339b37cb4a	bbs-archives-passed-banner	ReportOnly	cp437-inferred	false
/home/mkrueger/work/bbs/bbsarchives/Doors/wake1i.zip![5]:ARCHIVES.BBS	71d056256e41d4ff70832abfe8c37d449ef45f0265bd1d05e0393a339b37cb4a	bbs-archives-passed-banner	ReportOnly	cp437-inferred	false
/home/mkrueger/work/bbs/bbsarchives/Doors/wake1i.zip![6]:DOORS.BBS	71d056256e41d4ff70832abfe8c37d449ef45f0265bd1d05e0393a339b37cb4a	bbs-archives-passed-banner	ReportOnly	cp437-inferred	false
/home/mkrueger/work/bbs/bbsarchives/Doors/wampa100.zip![6]:DOORS.BBS	71d056256e41d4ff70832abfe8c37d449ef45f0265bd1d05e0393a339b37cb4a	bbs-archives-passed-banner	ReportOnly	cp437-inferred	false
/home/mkrueger/work/bbs/bbsarchives/Doors/war_2dupd.zip![9]:DOORS.BBS	71d056256e41d4ff70832abfe8c37d449ef45f0265bd1d05e0393a339b37cb4a	bbs-archives-passed-banner	ReportOnly	cp437-inferred	false
/home/mkrueger/work/bbs/bbsarchives/Doors/wasprt10.zip![4]:ARCHIVES.BBS	71d056256e41d4ff70832abfe8c37d449ef45f0265bd1d05e0393a339b37cb4a	bbs-archives-passed-banner	ReportOnly	cp437-inferred	false
/home/mkrueger/work/bbs/bbsarchives/Doors/wasprt10.zip![5]:DOORS.BBS	71d056256e41d4ff70832abfe8c37d449ef45f0265bd1d05e0393a339b37cb4a	bbs-archives-passed-banner	ReportOnly	cp437-inferred	false
/home/mkrueger/work/bbs/bbsarchives/Doors/wboy048.zip![6]:DOORS.BBS	71d056256e41d4ff70832abfe8c37d449ef45f0265bd1d05e0393a339b37cb4a	bbs-archives-passed-banner	ReportOnly	cp437-inferred	false
/home/mkrueger/work/bbs/bbsarchives/Doors/wcc221.zip![41]:ARCHIVES.BBS	71d056256e41d4ff70832abfe8c37d449ef45f0265bd1d05e0393a339b37cb4a	bbs-archives-passed-banner	ReportOnly	cp437-inferred	false
/home/mkrueger/work/bbs/bbsarchives/Doors/wcc221.zip![42]:DOORS.BBS	71d056256e41d4ff70832abfe8c37d449ef45f0265bd1d05e0393a339b37cb4a	bbs-archives-passed-banner	ReportOnly	cp437-inferred	false
/home/mkrueger/work/bbs/bbsarchives/Doors/wdial210.zip![10]:DOORS.BBS	71d056256e41d4ff70832abfe8c37d449ef45f0265bd1d05e0393a339b37cb4a	bbs-archives-passed-banner	ReportOnly	cp437-inferred	false
/home/mkrueger/work/bbs/bbsarchives/Doors/wdsrch16.zip![43]:DOORS.BBS	71d056256e41d4ff70832abfe8c37d449ef45f0265bd1d05e0393a339b37cb4a	bbs-archives-passed-banner	ReportOnly	cp437-inferred	false
/home/mkrueger/work/bbs/bbsarchives/Doors/weathr20.zip![11]:DOORS.BBS	71d056256e41d4ff70832abfe8c37d449ef45f0265bd1d05e0393a339b37cb4a	bbs-archives-passed-banner	ReportOnly	cp437-inferred	false
/home/mkrueger/work/bbs/bbsarchives/Doors/wfb_2120.zip![13]:ARCHIVES.BBS	71d056256e41d4ff70832abfe8c37d449ef45f0265bd1d05e0393a339b37cb4a	bbs-archives-passed-banner	ReportOnly	cp437-inferred	false
/home/mkrueger/work/bbs/bbsarchives/Doors/wfb_2120.zip![14]:DOORS.BBS	71d056256e41d4ff70832abfe8c37d449ef45f0265bd1d05e0393a339b37cb4a	bbs-archives-passed-banner	ReportOnly	cp437-inferred	false
/home/mkrueger/work/bbs/bbsarchives/Doors/whodun52.zip![27]:DOORS.BBS	71d056256e41d4ff70832abfe8c37d449ef45f0265bd1d05e0393a339b37cb4a	bbs-archives-passed-banner	ReportOnly	cp437-inferred	false
/home/mkrueger/work/bbs/bbsarchives/Doors/whodun55.zip![23]:ARCHIVES.BBS	71d056256e41d4ff70832abfe8c37d449ef45f0265bd1d05e0393a339b37cb4a	bbs-archives-passed-banner	ReportOnly	cp437-inferred	false
/home/mkrueger/work/bbs/bbsarchives/Doors/whodun55.zip![24]:DOORS.BBS	71d056256e41d4ff70832abfe8c37d449ef45f0265bd1d05e0393a339b37cb4a	bbs-archives-passed-banner	ReportOnly	cp437-inferred	false
/home/mkrueger/work/bbs/bbsarchives/Doors/whofix.zip![3]:ARCHIVES.BBS	71d056256e41d4ff70832abfe8c37d449ef45f0265bd1d05e0393a339b37cb4a	bbs-archives-passed-banner	ReportOnly	cp437-inferred	false
/home/mkrueger/work/bbs/bbsarchives/Doors/whofix.zip![4]:DOORS.BBS	71d056256e41d4ff70832abfe8c37d449ef45f0265bd1d05e0393a339b37cb4a	bbs-archives-passed-banner	ReportOnly	cp437-inferred	false
/home/mkrueger/work/bbs/bbsarchives/Doors/wildop10.zip![10]:DOORS.BBS	71d056256e41d4ff70832abfe8c37d449ef45f0265bd1d05e0393a339b37cb4a	bbs-archives-passed-banner	ReportOnly	cp437-inferred	false
/home/mkrueger/work/bbs/bbsarchives/Doors/witch12.zip![29]:DOORS.BBS	71d056256e41d4ff70832abfe8c37d449ef45f0265bd1d05e0393a339b37cb4a	bbs-archives-passed-banner	ReportOnly	cp437-inferred	false
/home/mkrueger/work/bbs/bbsarchives/Doors/wj12.zip![14]:DOORS.BBS	71d056256e41d4ff70832abfe8c37d449ef45f0265bd1d05e0393a339b37cb4a	bbs-archives-passed-banner	ReportOnly	cp437-inferred	false
/home/mkrueger/work/bbs/bbsarchives/Doors/wm3dv100.zip![12]:DOORS.BBS	71d056256e41d4ff70832abfe8c37d449ef45f0265bd1d05e0393a339b37cb4a	bbs-archives-passed-banner	ReportOnly	cp437-inferred	false
/home/mkrueger/work/bbs/bbsarchives/Doors/wmgr107.zip![6]:ARCHIVES.BBS	71d056256e41d4ff70832abfe8c37d449ef45f0265bd1d05e0393a339b37cb4a	bbs-archives-passed-banner	ReportOnly	cp437-inferred	false
/home/mkrueger/work/bbs/bbsarchives/Doors/wn22.zip![17]:DOORS.BBS	71d056256e41d4ff70832abfe8c37d449ef45f0265bd1d05e0393a339b37cb4a	bbs-archives-passed-banner	ReportOnly	cp437-inferred	false
/home/mkrueger/work/bbs/bbsarchives/Doors/wof63.zip![15]:DOORS.BBS	71d056256e41d4ff70832abfe8c37d449ef45f0265bd1d05e0393a339b37cb4a	bbs-archives-passed-banner	ReportOnly	cp437-inferred	false
/home/mkrueger/work/bbs/bbsarchives/Doors/word16.zip![24]:DOORS.BBS	71d056256e41d4ff70832abfe8c37d449ef45f0265bd1d05e0393a339b37cb4a	bbs-archives-passed-banner	ReportOnly	cp437-inferred	false
/home/mkrueger/work/bbs/bbsarchives/Doors/wordc382.zip![6]:DOORS.BBS	71d056256e41d4ff70832abfe8c37d449ef45f0265bd1d05e0393a339b37cb4a	bbs-archives-passed-banner	ReportOnly	cp437-inferred	false
/home/mkrueger/work/bbs/bbsarchives/Doors/wordwal4.zip![12]:ARCHIVES.BBS	71d056256e41d4ff70832abfe8c37d449ef45f0265bd1d05e0393a339b37cb4a	bbs-archives-passed-banner	ReportOnly	cp437-inferred	false
/home/mkrueger/work/bbs/bbsarchives/Doors/wordwal4.zip![13]:DOORS.BBS	71d056256e41d4ff70832abfe8c37d449ef45f0265bd1d05e0393a339b37cb4a	bbs-archives-passed-banner	ReportOnly	cp437-inferred	false
/home/mkrueger/work/bbs/bbsarchives/Doors/wordz18.zip![17]:DOORS.BBS	71d056256e41d4ff70832abfe8c37d449ef45f0265bd1d05e0393a339b37cb4a	bbs-archives-passed-banner	ReportOnly	cp437-inferred	false
/home/mkrueger/work/bbs/bbsarchives/Doors/world215.zip![51]:DOORS.BBS	71d056256e41d4ff70832abfe8c37d449ef45f0265bd1d05e0393a339b37cb4a	bbs-archives-passed-banner	ReportOnly	cp437-inferred	false
/home/mkrueger/work/bbs/bbsarchives/Doors/world220.zip![75]:DOORS.BBS	71d056256e41d4ff70832abfe8c37d449ef45f0265bd1d05e0393a339b37cb4a	bbs-archives-passed-banner	ReportOnly	cp437-inferred	false
/home/mkrueger/work/bbs/bbsarchives/Doors/worlddec.zip![116]:DOORS.BBS	71d056256e41d4ff70832abfe8c37d449ef45f0265bd1d05e0393a339b37cb4a	bbs-archives-passed-banner	ReportOnly	cp437-inferred	false
/home/mkrueger/work/bbs/bbsarchives/Doors/worldfeb.zip![102]:DOORS.BBS	71d056256e41d4ff70832abfe8c37d449ef45f0265bd1d05e0393a339b37cb4a	bbs-archives-passed-banner	ReportOnly	cp437-inferred	false
/home/mkrueger/work/bbs/bbsarchives/Doors/worldjan.zip![102]:DOORS.BBS	71d056256e41d4ff70832abfe8c37d449ef45f0265bd1d05e0393a339b37cb4a	bbs-archives-passed-banner	ReportOnly	cp437-inferred	false
/home/mkrueger/work/bbs/bbsarchives/Doors/worldoct.zip![81]:DOORS.BBS	71d056256e41d4ff70832abfe8c37d449ef45f0265bd1d05e0393a339b37cb4a	bbs-archives-passed-banner	ReportOnly	cp437-inferred	false
/home/mkrueger/work/bbs/bbsarchives/Doors/worldsep.zip![92]:DOORS.BBS	71d056256e41d4ff70832abfe8c37d449ef45f0265bd1d05e0393a339b37cb4a	bbs-archives-passed-banner	ReportOnly	cp437-inferred	false
/home/mkrueger/work/bbs/bbsarchives/Doors/wot19_2dwb.zip![20]:DOORS.BBS	71d056256e41d4ff70832abfe8c37d449ef45f0265bd1d05e0393a339b37cb4a	bbs-archives-passed-banner	ReportOnly	cp437-inferred	false
/home/mkrueger/work/bbs/bbsarchives/Doors/wotb97e.zip![14]:DOORS.BBS	71d056256e41d4ff70832abfe8c37d449ef45f0265bd1d05e0393a339b37cb4a	bbs-archives-passed-banner	ReportOnly	cp437-inferred	false
/home/mkrueger/work/bbs/bbsarchives/Doors/wotmap2.zip![8]:ARCHIVES.BBS	71d056256e41d4ff70832abfe8c37d449ef45f0265bd1d05e0393a339b37cb4a	bbs-archives-passed-banner	ReportOnly	cp437-inferred	false
/home/mkrueger/work/bbs/bbsarchives/Doors/wotmap2.zip![9]:DOORS.BBS	71d056256e41d4ff70832abfe8c37d449ef45f0265bd1d05e0393a339b37cb4a	bbs-archives-passed-banner	ReportOnly	cp437-inferred	false
/home/mkrueger/work/bbs/bbsarchives/Doors/wotw062b.zip![39]:DOORS.BBS	71d056256e41d4ff70832abfe8c37d449ef45f0265bd1d05e0393a339b37cb4a	bbs-archives-passed-banner	ReportOnly	cp437-inferred	false
/home/mkrueger/work/bbs/bbsarchives/Doors/wotw18.zip![19]:DOORS.BBS	71d056256e41d4ff70832abfe8c37d449ef45f0265bd1d05e0393a339b37cb4a	bbs-archives-passed-banner	ReportOnly	cp437-inferred	false
/home/mkrueger/work/bbs/bbsarchives/Doors/wrldmay6.zip![97]:DOORS.BBS	71d056256e41d4ff70832abfe8c37d449ef45f0265bd1d05e0393a339b37cb4a	bbs-archives-passed-banner	ReportOnly	cp437-inferred	false
/home/mkrueger/work/bbs/bbsarchives/Doors/ws113.zip![42]:DOORS.BBS	71d056256e41d4ff70832abfe8c37d449ef45f0265bd1d05e0393a339b37cb4a	bbs-archives-passed-banner	ReportOnly	cp437-inferred	false
/home/mkrueger/work/bbs/bbsarchives/Doors/wxdoor.zip![7]:DOORS.BBS	71d056256e41d4ff70832abfe8c37d449ef45f0265bd1d05e0393a339b37cb4a	bbs-archives-passed-banner	ReportOnly	cp437-inferred	false
/home/mkrueger/work/bbs/bbsarchives/Doors/xd1_2d1b.zip![12]:DOORS.BBS	71d056256e41d4ff70832abfe8c37d449ef45f0265bd1d05e0393a339b37cb4a	bbs-archives-passed-banner	ReportOnly	cp437-inferred	false
/home/mkrueger/work/bbs/bbsarchives/Doors/xfiles10.zip![6]:DOORS.BBS	71d056256e41d4ff70832abfe8c37d449ef45f0265bd1d05e0393a339b37cb4a	bbs-archives-passed-banner	ReportOnly	cp437-inferred	false
/home/mkrueger/work/bbs/bbsarchives/Doors/xmas_2116.zip![18]:DOORS.BBS	71d056256e41d4ff70832abfe8c37d449ef45f0265bd1d05e0393a339b37cb4a	bbs-archives-passed-banner	ReportOnly	cp437-inferred	false
/home/mkrueger/work/bbs/bbsarchives/Doors/xport11.zip![5]:DOORS.BBS	71d056256e41d4ff70832abfe8c37d449ef45f0265bd1d05e0393a339b37cb4a	bbs-archives-passed-banner	ReportOnly	cp437-inferred	false
/home/mkrueger/work/bbs/bbsarchives/Doors/xwitsl.zip![8]:DOORS.BBS	71d056256e41d4ff70832abfe8c37d449ef45f0265bd1d05e0393a339b37cb4a	bbs-archives-passed-banner	ReportOnly	cp437-inferred	false
/home/mkrueger/work/bbs/bbsarchives/Doors/y2kdoor.zip![5]:ARCHIVES.BBS	71d056256e41d4ff70832abfe8c37d449ef45f0265bd1d05e0393a339b37cb4a	bbs-archives-passed-banner	ReportOnly	cp437-inferred	false
/home/mkrueger/work/bbs/bbsarchives/Doors/y2kdoor.zip![6]:DOORS.BBS	71d056256e41d4ff70832abfe8c37d449ef45f0265bd1d05e0393a339b37cb4a	bbs-archives-passed-banner	ReportOnly	cp437-inferred	false
/home/mkrueger/work/bbs/bbsarchives/Doors/yank108.zip![20]:DOORS.BBS	71d056256e41d4ff70832abfe8c37d449ef45f0265bd1d05e0393a339b37cb4a	bbs-archives-passed-banner	ReportOnly	cp437-inferred	false
/home/mkrueger/work/bbs/bbsarchives/Doors/yank_wc.zip![2]:DOORS.BBS	71d056256e41d4ff70832abfe8c37d449ef45f0265bd1d05e0393a339b37cb4a	bbs-archives-passed-banner	ReportOnly	cp437-inferred	false
/home/mkrueger/work/bbs/bbsarchives/Doors/yt36.zip![23]:ARCHIVES.BBS	71d056256e41d4ff70832abfe8c37d449ef45f0265bd1d05e0393a339b37cb4a	bbs-archives-passed-banner	ReportOnly	cp437-inferred	false
/home/mkrueger/work/bbs/bbsarchives/Doors/yt36.zip![24]:DOORS.BBS	71d056256e41d4ff70832abfe8c37d449ef45f0265bd1d05e0393a339b37cb4a	bbs-archives-passed-banner	ReportOnly	cp437-inferred	false
/home/mkrueger/work/bbs/bbsarchives/Doors/zat1_2d02c.zip![17]:DOORS.BBS	71d056256e41d4ff70832abfe8c37d449ef45f0265bd1d05e0393a339b37cb4a	bbs-archives-passed-banner	ReportOnly	cp437-inferred	false
/home/mkrueger/work/bbs/bbsarchives/Doors/zwordz36.zip![14]:DOORS.BBS	71d056256e41d4ff70832abfe8c37d449ef45f0265bd1d05e0393a339b37cb4a	bbs-archives-passed-banner	ReportOnly	cp437-inferred	false
/home/mkrueger/work/bbs/bbsarchives/EleBBS-Scripts-and-Utils/1liner04.zip![5]:ARCHIVES.BBS	71d056256e41d4ff70832abfe8c37d449ef45f0265bd1d05e0393a339b37cb4a	bbs-archives-passed-banner	ReportOnly	cp437-inferred	false
/home/mkrueger/work/bbs/bbsarchives/EleBBS-Scripts-and-Utils/ele_2dpp14.zip![0]:ARCHIVES.BBS	71d056256e41d4ff70832abfe8c37d449ef45f0265bd1d05e0393a339b37cb4a	bbs-archives-passed-banner	ReportOnly	cp437-inferred	false
/home/mkrueger/work/bbs/bbsarchives/EleBBS-Scripts-and-Utils/elecht01.zip![4]:ARCHIVES.BBS	71d056256e41d4ff70832abfe8c37d449ef45f0265bd1d05e0393a339b37cb4a	bbs-archives-passed-banner	ReportOnly	cp437-inferred	false
/home/mkrueger/work/bbs/bbsarchives/EzyCom-Utils/areahead.zip![5]:ARCHIVES.BBS	71d056256e41d4ff70832abfe8c37d449ef45f0265bd1d05e0393a339b37cb4a	bbs-archives-passed-banner	ReportOnly	cp437-inferred	false
/home/mkrueger/work/bbs/bbsarchives/EzyCom-Utils/best102.zip![6]:ARCHIVES.BBS	71d056256e41d4ff70832abfe8c37d449ef45f0265bd1d05e0393a339b37cb4a	bbs-archives-passed-banner	ReportOnly	cp437-inferred	false
/home/mkrueger/work/bbs/bbsarchives/EzyCom-Utils/bs101.zip![3]:ARCHIVES.BBS	71d056256e41d4ff70832abfe8c37d449ef45f0265bd1d05e0393a339b37cb4a	bbs-archives-passed-banner	ReportOnly	cp437-inferred	false
/home/mkrueger/work/bbs/bbsarchives/EzyCom-Utils/cprot102.zip![3]:ARCHIVES.BBS	71d056256e41d4ff70832abfe8c37d449ef45f0265bd1d05e0393a339b37cb4a	bbs-archives-passed-banner	ReportOnly	cp437-inferred	false
/home/mkrueger/work/bbs/bbsarchives/EzyCom-Utils/dlsort.zip![3]:ARCHIVES.BBS	71d056256e41d4ff70832abfe8c37d449ef45f0265bd1d05e0393a339b37cb4a	bbs-archives-passed-banner	ReportOnly	cp437-inferred	false
/home/mkrueger/work/bbs/bbsarchives/EzyCom-Utils/e_hdr026.zip![9]:ARCHIVES.BBS	71d056256e41d4ff70832abfe8c37d449ef45f0265bd1d05e0393a339b37cb4a	bbs-archives-passed-banner	ReportOnly	cp437-inferred	false
/home/mkrueger/work/bbs/bbsarchives/EzyCom-Utils/ebanr102.zip![5]:ARCHIVES.BBS	71d056256e41d4ff70832abfe8c37d449ef45f0265bd1d05e0393a339b37cb4a	bbs-archives-passed-banner	ReportOnly	cp437-inferred	false
/home/mkrueger/work/bbs/bbsarchives/EzyCom-Utils/ebday113.zip![6]:ARCHIVES.BBS	71d056256e41d4ff70832abfe8c37d449ef45f0265bd1d05e0393a339b37cb4a	bbs-archives-passed-banner	ReportOnly	cp437-inferred	false
/home/mkrueger/work/bbs/bbsarchives/EzyCom-Utils/ecall102.zip![3]:ARCHIVES.BBS	71d056256e41d4ff70832abfe8c37d449ef45f0265bd1d05e0393a339b37cb4a	bbs-archives-passed-banner	ReportOnly	cp437-inferred	false
/home/mkrueger/work/bbs/bbsarchives/EzyCom-Utils/edsel01.zip![6]:ARCHIVES.BBS	71d056256e41d4ff70832abfe8c37d449ef45f0265bd1d05e0393a339b37cb4a	bbs-archives-passed-banner	ReportOnly	cp437-inferred	false
/home/mkrueger/work/bbs/bbsarchives/EzyCom-Utils/eexit102.zip![2]:ARCHIVES.BBS	71d056256e41d4ff70832abfe8c37d449ef45f0265bd1d05e0393a339b37cb4a	bbs-archives-passed-banner	ReportOnly	cp437-inferred	false
/home/mkrueger/work/bbs/bbsarchives/EzyCom-Utils/egamble.zip![2]:ARCHIVES.BBS	71d056256e41d4ff70832abfe8c37d449ef45f0265bd1d05e0393a339b37cb4a	bbs-archives-passed-banner	ReportOnly	cp437-inferred	false
/home/mkrueger/work/bbs/bbsarchives/EzyCom-Utils/eimp102.zip![3]:ARCHIVES.BBS	71d056256e41d4ff70832abfe8c37d449ef45f0265bd1d05e0393a339b37cb4a	bbs-archives-passed-banner	ReportOnly	cp437-inferred	false
/home/mkrueger/work/bbs/bbsarchives/EzyCom-Utils/eols102p.zip![4]:ARCHIVES.BBS	71d056256e41d4ff70832abfe8c37d449ef45f0265bd1d05e0393a339b37cb4a	bbs-archives-passed-banner	ReportOnly	cp437-inferred	false
/home/mkrueger/work/bbs/bbsarchives/EzyCom-Utils/esc001.zip![4]:ARCHIVES.BBS	71d056256e41d4ff70832abfe8c37d449ef45f0265bd1d05e0393a339b37cb4a	bbs-archives-passed-banner	ReportOnly	cp437-inferred	false
/home/mkrueger/work/bbs/bbsarchives/EzyCom-Utils/esc002.zip![4]:ARCHIVES.BBS	71d056256e41d4ff70832abfe8c37d449ef45f0265bd1d05e0393a339b37cb4a	bbs-archives-passed-banner	ReportOnly	cp437-inferred	false
/home/mkrueger/work/bbs/bbsarchives/EzyCom-Utils/esc003.zip![4]:ARCHIVES.BBS	71d056256e41d4ff70832abfe8c37d449ef45f0265bd1d05e0393a339b37cb4a	bbs-archives-passed-banner	ReportOnly	cp437-inferred	false
/home/mkrueger/work/bbs/bbsarchives/EzyCom-Utils/esc004.zip![5]:ARCHIVES.BBS	71d056256e41d4ff70832abfe8c37d449ef45f0265bd1d05e0393a339b37cb4a	bbs-archives-passed-banner	ReportOnly	cp437-inferred	false
/home/mkrueger/work/bbs/bbsarchives/EzyCom-Utils/esc005.zip![4]:ARCHIVES.BBS	71d056256e41d4ff70832abfe8c37d449ef45f0265bd1d05e0393a339b37cb4a	bbs-archives-passed-banner	ReportOnly	cp437-inferred	false
/home/mkrueger/work/bbs/bbsarchives/EzyCom-Utils/esc006.zip![4]:ARCHIVES.BBS	71d056256e41d4ff70832abfe8c37d449ef45f0265bd1d05e0393a339b37cb4a	bbs-archives-passed-banner	ReportOnly	cp437-inferred	false
/home/mkrueger/work/bbs/bbsarchives/EzyCom-Utils/eskyv281.zip![19]:ARCHIVES.BBS	71d056256e41d4ff70832abfe8c37d449ef45f0265bd1d05e0393a339b37cb4a	bbs-archives-passed-banner	ReportOnly	cp437-inferred	false
/home/mkrueger/work/bbs/bbsarchives/EzyCom-Utils/etic203.zip![9]:ARCHIVES.BBS	71d056256e41d4ff70832abfe8c37d449ef45f0265bd1d05e0393a339b37cb4a	bbs-archives-passed-banner	ReportOnly	cp437-inferred	false
/home/mkrueger/work/bbs/bbsarchives/EzyCom-Utils/ewait100.zip![3]:ARCHIVES.BBS	71d056256e41d4ff70832abfe8c37d449ef45f0265bd1d05e0393a339b37cb4a	bbs-archives-passed-banner	ReportOnly	cp437-inferred	false
/home/mkrueger/work/bbs/bbsarchives/EzyCom-Utils/ezarc108.zip![8]:ARCHIVES.BBS	71d056256e41d4ff70832abfe8c37d449ef45f0265bd1d05e0393a339b37cb4a	bbs-archives-passed-banner	ReportOnly	cp437-inferred	false
/home/mkrueger/work/bbs/bbsarchives/EzyCom-Utils/ezbst1g1.zip![15]:ARCHIVES.BBS	71d056256e41d4ff70832abfe8c37d449ef45f0265bd1d05e0393a339b37cb4a	bbs-archives-passed-banner	ReportOnly	cp437-inferred	false
/home/mkrueger/work/bbs/bbsarchives/EzyCom-Utils/ezcaller.zip![8]:ARCHIVES.BBS	71d056256e41d4ff70832abfe8c37d449ef45f0265bd1d05e0393a339b37cb4a	bbs-archives-passed-banner	ReportOnly	cp437-inferred	false
/home/mkrueger/work/bbs/bbsarchives/EzyCom-Utils/ezcv1515.zip![6]:ARCHIVES.BBS	71d056256e41d4ff70832abfe8c37d449ef45f0265bd1d05e0393a339b37cb4a	bbs-archives-passed-banner	ReportOnly	cp437-inferred	false
/home/mkrueger/work/bbs/bbsarchives/EzyCom-Utils/ezmgr111.zip![4]:ARCHIVES.BBS	71d056256e41d4ff70832abfe8c37d449ef45f0265bd1d05e0393a339b37cb4a	bbs-archives-passed-banner	ReportOnly	cp437-inferred	false
/home/mkrueger/work/bbs/bbsarchives/EzyCom-Utils/ezyad300.zip![7]:ARCHIVES.BBS	71d056256e41d4ff70832abfe8c37d449ef45f0265bd1d05e0393a339b37cb4a	bbs-archives-passed-banner	ReportOnly	cp437-inferred	false
/home/mkrueger/work/bbs/bbsarchives/EzyCom-Utils/ezybday.zip![5]:ARCHIVES.BBS	71d056256e41d4ff70832abfe8c37d449ef45f0265bd1d05e0393a339b37cb4a	bbs-archives-passed-banner	ReportOnly	cp437-inferred	false
/home/mkrueger/work/bbs/bbsarchives/EzyCom-Utils/ezych123.zip![4]:ARCHIVES.BBS	71d056256e41d4ff70832abfe8c37d449ef45f0265bd1d05e0393a339b37cb4a	bbs-archives-passed-banner	ReportOnly	cp437-inferred	false
/home/mkrueger/work/bbs/bbsarchives/EzyCom-Utils/ezyed102.zip![11]:ARCHIVES.BBS	71d056256e41d4ff70832abfe8c37d449ef45f0265bd1d05e0393a339b37cb4a	bbs-archives-passed-banner	ReportOnly	cp437-inferred	false
/home/mkrueger/work/bbs/bbsarchives/EzyCom-Utils/ezygif.zip![4]:ARCHIVES.BBS	71d056256e41d4ff70832abfe8c37d449ef45f0265bd1d05e0393a339b37cb4a	bbs-archives-passed-banner	ReportOnly	cp437-inferred	false
/home/mkrueger/work/bbs/bbsarchives/EzyCom-Utils/ezyhmb.zip![1]:ARCHIVES.BBS	71d056256e41d4ff70832abfe8c37d449ef45f0265bd1d05e0393a339b37cb4a	bbs-archives-passed-banner	ReportOnly	cp437-inferred	false
/home/mkrueger/work/bbs/bbsarchives/EzyCom-Utils/ezyico95.zip![12]:ARCHIVES.BBS	71d056256e41d4ff70832abfe8c37d449ef45f0265bd1d05e0393a339b37cb4a	bbs-archives-passed-banner	ReportOnly	cp437-inferred	false
/home/mkrueger/work/bbs/bbsarchives/EzyCom-Utils/ezylo155.zip![6]:ARCHIVES.BBS	71d056256e41d4ff70832abfe8c37d449ef45f0265bd1d05e0393a339b37cb4a	bbs-archives-passed-banner	ReportOnly	cp437-inferred	false
/home/mkrueger/work/bbs/bbsarchives/EzyCom-Utils/ezyr100a.zip![3]:ARCHIVES.BBS	71d056256e41d4ff70832abfe8c37d449ef45f0265bd1d05e0393a339b37cb4a	bbs-archives-passed-banner	ReportOnly	cp437-inferred	false
/home/mkrueger/work/bbs/bbsarchives/EzyCom-Utils/ezysb102.zip![6]:ARCHIVES.BBS	71d056256e41d4ff70832abfe8c37d449ef45f0265bd1d05e0393a339b37cb4a	bbs-archives-passed-banner	ReportOnly	cp437-inferred	false
/home/mkrueger/work/bbs/bbsarchives/EzyCom-Utils/ezyspy14.zip![7]:ARCHIVES.BBS	71d056256e41d4ff70832abfe8c37d449ef45f0265bd1d05e0393a339b37cb4a	bbs-archives-passed-banner	ReportOnly	cp437-inferred	false
/home/mkrueger/work/bbs/bbsarchives/EzyCom-Utils/ezytools.zip![1]:ARCHIVES.BBS	71d056256e41d4ff70832abfe8c37d449ef45f0265bd1d05e0393a339b37cb4a	bbs-archives-passed-banner	ReportOnly	cp437-inferred	false
/home/mkrueger/work/bbs/bbsarchives/EzyCom-Utils/flist100.zip![4]:ARCHIVES.BBS	71d056256e41d4ff70832abfe8c37d449ef45f0265bd1d05e0393a339b37cb4a	bbs-archives-passed-banner	ReportOnly	cp437-inferred	false
/home/mkrueger/work/bbs/bbsarchives/EzyCom-Utils/fsdump.zip![4]:ARCHIVES.BBS	71d056256e41d4ff70832abfe8c37d449ef45f0265bd1d05e0393a339b37cb4a	bbs-archives-passed-banner	ReportOnly	cp437-inferred	false
/home/mkrueger/work/bbs/bbsarchives/EzyCom-Utils/fsln14.zip![5]:ARCHIVES.BBS	71d056256e41d4ff70832abfe8c37d449ef45f0265bd1d05e0393a339b37cb4a	bbs-archives-passed-banner	ReportOnly	cp437-inferred	false
/home/mkrueger/work/bbs/bbsarchives/EzyCom-Utils/gfix102.zip![2]:ARCHIVES.BBS	71d056256e41d4ff70832abfe8c37d449ef45f0265bd1d05e0393a339b37cb4a	bbs-archives-passed-banner	ReportOnly	cp437-inferred	false
/home/mkrueger/work/bbs/bbsarchives/EzyCom-Utils/gflag102.zip![3]:ARCHIVES.BBS	71d056256e41d4ff70832abfe8c37d449ef45f0265bd1d05e0393a339b37cb4a	bbs-archives-passed-banner	ReportOnly	cp437-inferred	false
/home/mkrueger/work/bbs/bbsarchives/EzyCom-Utils/inter102.zip![3]:ARCHIVES.BBS	71d056256e41d4ff70832abfe8c37d449ef45f0265bd1d05e0393a339b37cb4a	bbs-archives-passed-banner	ReportOnly	cp437-inferred	false
/home/mkrueger/work/bbs/bbsarchives/EzyCom-Utils/lbusy101.zip![3]:ARCHIVES.BBS	71d056256e41d4ff70832abfe8c37d449ef45f0265bd1d05e0393a339b37cb4a	bbs-archives-passed-banner	ReportOnly	cp437-inferred	false
/home/mkrueger/work/bbs/bbsarchives/EzyCom-Utils/logdl100.zip![3]:ARCHIVES.BBS	71d056256e41d4ff70832abfe8c37d449ef45f0265bd1d05e0393a339b37cb4a	bbs-archives-passed-banner	ReportOnly	cp437-inferred	false
/home/mkrueger/work/bbs/bbsarchives/EzyCom-Utils/lscan103.zip![4]:ARCHIVES.BBS	71d056256e41d4ff70832abfe8c37d449ef45f0265bd1d05e0393a339b37cb4a	bbs-archives-passed-banner	ReportOnly	cp437-inferred	false
/home/mkrueger/work/bbs/bbsarchives/EzyCom-Utils/newmf1.zip![8]:ARCHIVES.BBS	71d056256e41d4ff70832abfe8c37d449ef45f0265bd1d05e0393a339b37cb4a	bbs-archives-passed-banner	ReportOnly	cp437-inferred	false
/home/mkrueger/work/bbs/bbsarchives/EzyCom-Utils/refile1.zip![4]:ARCHIVES.BBS	71d056256e41d4ff70832abfe8c37d449ef45f0265bd1d05e0393a339b37cb4a	bbs-archives-passed-banner	ReportOnly	cp437-inferred	false
/home/mkrueger/work/bbs/bbsarchives/EzyCom-Utils/trqst001.zip![5]:ARCHIVES.BBS	71d056256e41d4ff70832abfe8c37d449ef45f0265bd1d05e0393a339b37cb4a	bbs-archives-passed-banner	ReportOnly	cp437-inferred	false
/home/mkrueger/work/bbs/bbsarchives/EzyCom-Utils/tued001.zip![4]:ARCHIVES.BBS	71d056256e41d4ff70832abfe8c37d449ef45f0265bd1d05e0393a339b37cb4a	bbs-archives-passed-banner	ReportOnly	cp437-inferred	false
/home/mkrueger/work/bbs/bbsarchives/EzyCom-Utils/umpu120.zip![101]:ARCHIVES.BBS	71d056256e41d4ff70832abfe8c37d449ef45f0265bd1d05e0393a339b37cb4a	bbs-archives-passed-banner	ReportOnly	cp437-inferred	false
/home/mkrueger/work/bbs/bbsarchives/FrontDoor-Utils/autoim11.zip![7]:ARCHIVES.BBS	71d056256e41d4ff70832abfe8c37d449ef45f0265bd1d05e0393a339b37cb4a	bbs-archives-passed-banner	ReportOnly	cp437-inferred	false
/home/mkrueger/work/bbs/bbsarchives/FrontDoor-Utils/poll12.zip![6]:ARCHIVES.BBS	71d056256e41d4ff70832abfe8c37d449ef45f0265bd1d05e0393a339b37cb4a	bbs-archives-passed-banner	ReportOnly	cp437-inferred	false
/home/mkrueger/work/bbs/bbsarchives/FrontDoor-Utils/poll13.zip![7]:ARCHIVES.BBS	71d056256e41d4ff70832abfe8c37d449ef45f0265bd1d05e0393a339b37cb4a	bbs-archives-passed-banner	ReportOnly	cp437-inferred	false
/home/mkrueger/work/bbs/bbsarchives/FrontDoor-Utils/reqst14.zip![9]:ARCHIVES.BBS	71d056256e41d4ff70832abfe8c37d449ef45f0265bd1d05e0393a339b37cb4a	bbs-archives-passed-banner	ReportOnly	cp437-inferred	false
/home/mkrueger/work/bbs/bbsarchives/FrontDoor-Utils/spamfd11.zip![7]:ARCHIVES.BBS	71d056256e41d4ff70832abfe8c37d449ef45f0265bd1d05e0393a339b37cb4a	bbs-archives-passed-banner	ReportOnly	cp437-inferred	false
/home/mkrueger/work/bbs/bbsarchives/FrontDoor-Utils/spamfd12.zip![7]:ARCHIVES.BBS	71d056256e41d4ff70832abfe8c37d449ef45f0265bd1d05e0393a339b37cb4a	bbs-archives-passed-banner	ReportOnly	cp437-inferred	false
/home/mkrueger/work/bbs/bbsarchives/FrontDoor-Utils/spamim11.zip![7]:ARCHIVES.BBS	71d056256e41d4ff70832abfe8c37d449ef45f0265bd1d05e0393a339b37cb4a	bbs-archives-passed-banner	ReportOnly	cp437-inferred	false
/home/mkrueger/work/bbs/bbsarchives/FrontDoor-Utils/spamim12.zip![7]:ARCHIVES.BBS	71d056256e41d4ff70832abfe8c37d449ef45f0265bd1d05e0393a339b37cb4a	bbs-archives-passed-banner	ReportOnly	cp437-inferred	false
/home/mkrueger/work/bbs/bbsarchives/General-BBS-Utils/advice10.zip![4]:ARCHIVES.BBS	71d056256e41d4ff70832abfe8c37d449ef45f0265bd1d05e0393a339b37cb4a	bbs-archives-passed-banner	ReportOnly	cp437-inferred	false
/home/mkrueger/work/bbs/bbsarchives/General-BBS-Utils/amart101.zip![14]:ARCHIVES.BBS	71d056256e41d4ff70832abfe8c37d449ef45f0265bd1d05e0393a339b37cb4a	bbs-archives-passed-banner	ReportOnly	cp437-inferred	false
/home/mkrueger/work/bbs/bbsarchives/General-BBS-Utils/bbpro14.zip![7]:ARCHIVES.BBS	71d056256e41d4ff70832abfe8c37d449ef45f0265bd1d05e0393a339b37cb4a	bbs-archives-passed-banner	ReportOnly	cp437-inferred	false
/home/mkrueger/work/bbs/bbsarchives/General-BBS-Utils/bderby27.zip![10]:ARCHIVES.BBS	71d056256e41d4ff70832abfe8c37d449ef45f0265bd1d05e0393a339b37cb4a	bbs-archives-passed-banner	ReportOnly	cp437-inferred	false
/home/mkrueger/work/bbs/bbsarchives/General-BBS-Utils/bio8.zip![14]:ARCHIVES.BBS	71d056256e41d4ff70832abfe8c37d449ef45f0265bd1d05e0393a339b37cb4a	bbs-archives-passed-banner	ReportOnly	cp437-inferred	false
/home/mkrueger/work/bbs/bbsarchives/General-BBS-Utils/biodoor3.zip![9]:ARCHIVES.BBS	71d056256e41d4ff70832abfe8c37d449ef45f0265bd1d05e0393a339b37cb4a	bbs-archives-passed-banner	ReportOnly	cp437-inferred	false
/home/mkrueger/work/bbs/bbsarchives/General-BBS-Utils/bl010dev.zip![5]:ARCHIVES.BBS	71d056256e41d4ff70832abfe8c37d449ef45f0265bd1d05e0393a339b37cb4a	bbs-archives-passed-banner	ReportOnly	cp437-inferred	false
/home/mkrueger/work/bbs/bbsarchives/General-BBS-Utils/cg9308.zip![10]:ARCHIVES.BBS	71d056256e41d4ff70832abfe8c37d449ef45f0265bd1d05e0393a339b37cb4a	bbs-archives-passed-banner	ReportOnly	cp437-inferred	false
/home/mkrueger/work/bbs/bbsarchives/General-BBS-Utils/devtav1.zip![11]:ARCHIVES.BBS	71d056256e41d4ff70832abfe8c37d449ef45f0265bd1d05e0393a339b37cb4a	bbs-archives-passed-banner	ReportOnly	cp437-inferred	false
/home/mkrueger/work/bbs/bbsarchives/General-BBS-Utils/dstory.zip![8]:ARCHIVES.BBS	71d056256e41d4ff70832abfe8c37d449ef45f0265bd1d05e0393a339b37cb4a	bbs-archives-passed-banner	ReportOnly	cp437-inferred	false
/home/mkrueger/work/bbs/bbsarchives/General-BBS-Utils/ezine.zip![24]:ARCHIVES.BBS	71d056256e41d4ff70832abfe8c37d449ef45f0265bd1d05e0393a339b37cb4a	bbs-archives-passed-banner	ReportOnly	cp437-inferred	false
/home/mkrueger/work/bbs/bbsarchives/General-BBS-Utils/fansi21.zip![18]:ARCHIVES.BBS	71d056256e41d4ff70832abfe8c37d449ef45f0265bd1d05e0393a339b37cb4a	bbs-archives-passed-banner	ReportOnly	cp437-inferred	false
/home/mkrueger/work/bbs/bbsarchives/General-BBS-Utils/ffc2v100.zip![30]:ARCHIVES.BBS	71d056256e41d4ff70832abfe8c37d449ef45f0265bd1d05e0393a339b37cb4a	bbs-archives-passed-banner	ReportOnly	cp437-inferred	false
/home/mkrueger/work/bbs/bbsarchives/General-BBS-Utils/flreqv22.zip![3]:ARCHIVES.BBS	71d056256e41d4ff70832abfe8c37d449ef45f0265bd1d05e0393a339b37cb4a	bbs-archives-passed-banner	ReportOnly	cp437-inferred	false
/home/mkrueger/work/bbs/bbsarchives/General-BBS-Utils/guest27.zip![16]:ARCHIVES.BBS	71d056256e41d4ff70832abfe8c37d449ef45f0265bd1d05e0393a339b37cb4a	bbs-archives-passed-banner	ReportOnly	cp437-inferred	false
/home/mkrueger/work/bbs/bbsarchives/General-BBS-Utils/introv10.zip![12]:ARCHIVES.BBS	71d056256e41d4ff70832abfe8c37d449ef45f0265bd1d05e0393a339b37cb4a	bbs-archives-passed-banner	ReportOnly	cp437-inferred	false
/home/mkrueger/work/bbs/bbsarchives/General-BBS-Utils/katnes20.zip![33]:ARCHIVES.BBS	71d056256e41d4ff70832abfe8c37d449ef45f0265bd1d05e0393a339b37cb4a	bbs-archives-passed-banner	ReportOnly	cp437-inferred	false
/home/mkrueger/work/bbs/bbsarchives/General-BBS-Utils/mnbbs232.zip![12]:DOORS.BBS	71d056256e41d4ff70832abfe8c37d449ef45f0265bd1d05e0393a339b37cb4a	bbs-archives-passed-banner	ReportOnly	cp437-inferred	false
/home/mkrueger/work/bbs/bbsarchives/General-BBS-Utils/nrv10.zip![16]:ARCHIVES.BBS	71d056256e41d4ff70832abfe8c37d449ef45f0265bd1d05e0393a339b37cb4a	bbs-archives-passed-banner	ReportOnly	cp437-inferred	false
/home/mkrueger/work/bbs/bbsarchives/General-BBS-Utils/perso101.zip![23]:ARCHIVES.BBS	71d056256e41d4ff70832abfe8c37d449ef45f0265bd1d05e0393a339b37cb4a	bbs-archives-passed-banner	ReportOnly	cp437-inferred	false
/home/mkrueger/work/bbs/bbsarchives/General-BBS-Utils/pnote20.zip![11]:ARCHIVES.BBS	71d056256e41d4ff70832abfe8c37d449ef45f0265bd1d05e0393a339b37cb4a	bbs-archives-passed-banner	ReportOnly	cp437-inferred	false
/home/mkrueger/work/bbs/bbsarchives/General-BBS-Utils/profil18.zip![16]:ARCHIVES.BBS	71d056256e41d4ff70832abfe8c37d449ef45f0265bd1d05e0393a339b37cb4a	bbs-archives-passed-banner	ReportOnly	cp437-inferred	false
/home/mkrueger/work/bbs/bbsarchives/General-BBS-Utils/rumors10.zip![6]:ARCHIVES.BBS	71d056256e41d4ff70832abfe8c37d449ef45f0265bd1d05e0393a339b37cb4a	bbs-archives-passed-banner	ReportOnly	cp437-inferred	false
/home/mkrueger/work/bbs/bbsarchives/General-BBS-Utils/scdon110.zip![10]:ARCHIVES.BBS	71d056256e41d4ff70832abfe8c37d449ef45f0265bd1d05e0393a339b37cb4a	bbs-archives-passed-banner	ReportOnly	cp437-inferred	false
/home/mkrueger/work/bbs/bbsarchives/General-BBS-Utils/scdon110.zip![11]:DOORS.BBS	71d056256e41d4ff70832abfe8c37d449ef45f0265bd1d05e0393a339b37cb4a	bbs-archives-passed-banner	ReportOnly	cp437-inferred	false
/home/mkrueger/work/bbs/bbsarchives/General-BBS-Utils/secdos10.zip![10]:ARCHIVES.BBS	71d056256e41d4ff70832abfe8c37d449ef45f0265bd1d05e0393a339b37cb4a	bbs-archives-passed-banner	ReportOnly	cp437-inferred	false
/home/mkrueger/work/bbs/bbsarchives/General-BBS-Utils/stmk11.zip![9]:ARCHIVES.BBS	71d056256e41d4ff70832abfe8c37d449ef45f0265bd1d05e0393a339b37cb4a	bbs-archives-passed-banner	ReportOnly	cp437-inferred	false
/home/mkrueger/work/bbs/bbsarchives/General-BBS-Utils/story.zip![7]:ARCHIVES.BBS	71d056256e41d4ff70832abfe8c37d449ef45f0265bd1d05e0393a339b37cb4a	bbs-archives-passed-banner	ReportOnly	cp437-inferred	false
/home/mkrueger/work/bbs/bbsarchives/General-BBS-Utils/story11.zip![8]:ARCHIVES.BBS	71d056256e41d4ff70832abfe8c37d449ef45f0265bd1d05e0393a339b37cb4a	bbs-archives-passed-banner	ReportOnly	cp437-inferred	false
/home/mkrueger/work/bbs/bbsarchives/General-BBS-Utils/storynes.zip![7]:ARCHIVES.BBS	71d056256e41d4ff70832abfe8c37d449ef45f0265bd1d05e0393a339b37cb4a	bbs-archives-passed-banner	ReportOnly	cp437-inferred	false
/home/mkrueger/work/bbs/bbsarchives/General-BBS-Utils/tfmdoor.zip![4]:ARCHIVES.BBS	71d056256e41d4ff70832abfe8c37d449ef45f0265bd1d05e0393a339b37cb4a	bbs-archives-passed-banner	ReportOnly	cp437-inferred	false
/home/mkrueger/work/bbs/bbsarchives/General-BBS-Utils/thesites.zip![21]:ARCHIVES.BBS	71d056256e41d4ff70832abfe8c37d449ef45f0265bd1d05e0393a339b37cb4a	bbs-archives-passed-banner	ReportOnly	cp437-inferred	false
/home/mkrueger/work/bbs/bbsarchives/General-BBS-Utils/topten26.zip![3]:ARCHIVES.BBS	71d056256e41d4ff70832abfe8c37d449ef45f0265bd1d05e0393a339b37cb4a	bbs-archives-passed-banner	ReportOnly	cp437-inferred	false
/home/mkrueger/work/bbs/bbsarchives/InterNet-BBS-Utilities/bbs2h142.zip![20]:ARCHIVES.BBS	71d056256e41d4ff70832abfe8c37d449ef45f0265bd1d05e0393a339b37cb4a	bbs-archives-passed-banner	ReportOnly	cp437-inferred	false
/home/mkrueger/work/bbs/bbsarchives/InterNet-BBS-Utilities/eshow17.zip![7]:ARCHIVES.BBS	71d056256e41d4ff70832abfe8c37d449ef45f0265bd1d05e0393a339b37cb4a	bbs-archives-passed-banner	ReportOnly	cp437-inferred	false
/home/mkrueger/work/bbs/bbsarchives/InterNet-BBS-Utilities/fbbs2htm.zip![6]:ARCHIVES.BBS	71d056256e41d4ff70832abfe8c37d449ef45f0265bd1d05e0393a339b37cb4a	bbs-archives-passed-banner	ReportOnly	cp437-inferred	false
/home/mkrueger/work/bbs/bbsarchives/InterNet-BBS-Utilities/ics100f.zip![8]:ARCHIVES.BBS	71d056256e41d4ff70832abfe8c37d449ef45f0265bd1d05e0393a339b37cb4a	bbs-archives-passed-banner	ReportOnly	cp437-inferred	false
/home/mkrueger/work/bbs/bbsarchives/InterNet-BBS-Utilities/inetal11.zip![6]:ARCHIVES.BBS	71d056256e41d4ff70832abfe8c37d449ef45f0265bd1d05e0393a339b37cb4a	bbs-archives-passed-banner	ReportOnly	cp437-inferred	false
/home/mkrueger/work/bbs/bbsarchives/InterNet-BBS-Utilities/ircdor15.zip![13]:ARCHIVES.BBS	71d056256e41d4ff70832abfe8c37d449ef45f0265bd1d05e0393a339b37cb4a	bbs-archives-passed-banner	ReportOnly	cp437-inferred	false
/home/mkrueger/work/bbs/bbsarchives/InterNet-BBS-Utilities/jpost110.zip![10]:ARCHIVES.BBS	71d056256e41d4ff70832abfe8c37d449ef45f0265bd1d05e0393a339b37cb4a	bbs-archives-passed-banner	ReportOnly	cp437-inferred	false
/home/mkrueger/work/bbs/bbsarchives/InterNet-BBS-Utilities/ka9qdr21.zip![15]:ARCHIVES.BBS	71d056256e41d4ff70832abfe8c37d449ef45f0265bd1d05e0393a339b37cb4a	bbs-archives-passed-banner	ReportOnly	cp437-inferred	false
/home/mkrueger/work/bbs/bbsarchives/InterNet-BBS-Utilities/kspftp30.zip![8]:ARCHIVES.BBS	71d056256e41d4ff70832abfe8c37d449ef45f0265bd1d05e0393a339b37cb4a	bbs-archives-passed-banner	ReportOnly	cp437-inferred	false
/home/mkrueger/work/bbs/bbsarchives/InterNet-BBS-Utilities/kspmts33.zip![13]:ARCHIVES.BBS	71d056256e41d4ff70832abfe8c37d449ef45f0265bd1d05e0393a339b37cb4a	bbs-archives-passed-banner	ReportOnly	cp437-inferred	false
/home/mkrueger/work/bbs/bbsarchives/InterNet-BBS-Utilities/kspslp37.zip![13]:ARCHIVES.BBS	71d056256e41d4ff70832abfe8c37d449ef45f0265bd1d05e0393a339b37cb4a	bbs-archives-passed-banner	ReportOnly	cp437-inferred	false
/home/mkrueger/work/bbs/bbsarchives/InterNet-BBS-Utilities/ksptel49.zip![9]:ARCHIVES.BBS	71d056256e41d4ff70832abfe8c37d449ef45f0265bd1d05e0393a339b37cb4a	bbs-archives-passed-banner	ReportOnly	cp437-inferred	false
/home/mkrueger/work/bbs/bbsarchives/InterNet-BBS-Utilities/mtelb7.zip![6]:ARCHIVES.USA	71d056256e41d4ff70832abfe8c37d449ef45f0265bd1d05e0393a339b37cb4a	bbs-archives-passed-banner	ReportOnly	cp437-inferred	false
/home/mkrueger/work/bbs/bbsarchives/InterNet-BBS-Utilities/ng10g1.zip![3]:ARCHIVES.BBS	71d056256e41d4ff70832abfe8c37d449ef45f0265bd1d05e0393a339b37cb4a	bbs-archives-passed-banner	ReportOnly	cp437-inferred	false
/home/mkrueger/work/bbs/bbsarchives/InterNet-BBS-Utilities/shwmail1.zip![7]:ARCHIVES.BBS	71d056256e41d4ff70832abfe8c37d449ef45f0265bd1d05e0393a339b37cb4a	bbs-archives-passed-banner	ReportOnly	cp437-inferred	false
/home/mkrueger/work/bbs/bbsarchives/InterNet-BBS-Utilities/shwmail1.zip![8]:DOORS.BBS	71d056256e41d4ff70832abfe8c37d449ef45f0265bd1d05e0393a339b37cb4a	bbs-archives-passed-banner	ReportOnly	cp437-inferred	false
/home/mkrueger/work/bbs/bbsarchives/InterNet-BBS-Utilities/sq2ht000.zip![11]:ARCHIVES.BBS	71d056256e41d4ff70832abfe8c37d449ef45f0265bd1d05e0393a339b37cb4a	bbs-archives-passed-banner	ReportOnly	cp437-inferred	false
/home/mkrueger/work/bbs/bbsarchives/InterNet-BBS-Utilities/tdb005m.zip![11]:DOORS.BBS	71d056256e41d4ff70832abfe8c37d449ef45f0265bd1d05e0393a339b37cb4a	bbs-archives-passed-banner	ReportOnly	cp437-inferred	false
/home/mkrueger/work/bbs/bbsarchives/InterNet-BBS-Utilities/tftp156.zip![7]:ARCHIVES.BBS	71d056256e41d4ff70832abfe8c37d449ef45f0265bd1d05e0393a339b37cb4a	bbs-archives-passed-banner	ReportOnly	cp437-inferred	false
/home/mkrueger/work/bbs/bbsarchives/InterNet-BBS-Utilities/transx27.zip![5]:ARCHIVES.BBS	71d056256e41d4ff70832abfe8c37d449ef45f0265bd1d05e0393a339b37cb4a	bbs-archives-passed-banner	ReportOnly	cp437-inferred	false
/home/mkrueger/work/bbs/bbsarchives/InterNet-BBS-Utilities/txm263d.zip![3]:ARCHIVES.BBS	71d056256e41d4ff70832abfe8c37d449ef45f0265bd1d05e0393a339b37cb4a	bbs-archives-passed-banner	ReportOnly	cp437-inferred	false
/home/mkrueger/work/bbs/bbsarchives/InterNet-BBS-Utilities/txm263w.zip![4]:ARCHIVES.BBS	71d056256e41d4ff70832abfe8c37d449ef45f0265bd1d05e0393a339b37cb4a	bbs-archives-passed-banner	ReportOnly	cp437-inferred	false
/home/mkrueger/work/bbs/bbsarchives/Nodelist-Utilities/nodmgr48.zip![17]:ARCHIVES.BBS	71d056256e41d4ff70832abfe8c37d449ef45f0265bd1d05e0393a339b37cb4a	bbs-archives-passed-banner	ReportOnly	cp437-inferred	false
/home/mkrueger/work/bbs/bbsarchives/Nodelist-Utilities/pnted200.zip![3]:ARCHIVES.BBS	71d056256e41d4ff70832abfe8c37d449ef45f0265bd1d05e0393a339b37cb4a	bbs-archives-passed-banner	ReportOnly	cp437-inferred	false
/home/mkrueger/work/bbs/bbsarchives/Nodelist-Utilities/pntmgr14.zip![3]:ARCHIVES.BBS	71d056256e41d4ff70832abfe8c37d449ef45f0265bd1d05e0393a339b37cb4a	bbs-archives-passed-banner	ReportOnly	cp437-inferred	false
/home/mkrueger/work/bbs/bbsarchives/Off-Line-Mail-Readers/addqwk15.zip![6]:PCMICR0.NFO	71d056256e41d4ff70832abfe8c37d449ef45f0265bd1d05e0393a339b37cb4a	bbs-archives-passed-banner	ReportOnly	cp437-inferred	false
/home/mkrueger/work/bbs/bbsarchives/Off-Line-Mail-Readers/cntmx100.zip![8]:PCMICR0.NFO	71d056256e41d4ff70832abfe8c37d449ef45f0265bd1d05e0393a339b37cb4a	bbs-archives-passed-banner	ReportOnly	cp437-inferred	false
/home/mkrueger/work/bbs/bbsarchives/Off-Line-Mail-Readers/mrp_099c.zip![14]:PCMICR0.NFO	71d056256e41d4ff70832abfe8c37d449ef45f0265bd1d05e0393a339b37cb4a	bbs-archives-passed-banner	ReportOnly	cp437-inferred	false
/home/mkrueger/work/bbs/bbsarchives/PCBoard-PPE-s-D-F/dmsppe1b.zip![16]:WORKSHOP.BBS	8ff6fdf2ffaf02d0f2fc4b263570fa9606486744f43703c57a2372f9ca77e6fc	clipper-workshop-filenet-nine-nodes	ReportOnly	cp437-inferred	true
/home/mkrueger/work/bbs/bbsarchives/PCBoard-PPE-s-D-F/dod_dl10.zip![15]:WORKSHOP.BBS	8ff6fdf2ffaf02d0f2fc4b263570fa9606486744f43703c57a2372f9ca77e6fc	clipper-workshop-filenet-nine-nodes	ReportOnly	cp437-inferred	true
/home/mkrueger/work/bbs/bbsarchives/PCBoard-PPE-s-D-F/dod_lt10.zip![4]:WORKSHOP.BBS	e4f856fee590a7a77e2c2b61790ba8855733b49935dcf2b4cf3c6f594ef7f6d7	clipper-workshop-filenet-nine-nodes	ReportOnly	cp437-inferred	true
/home/mkrueger/work/bbs/bbsarchives/PCBoard-PPE-s-D-F/dod_mr10.zip![4]:WORKSHOP.BBS	8ff6fdf2ffaf02d0f2fc4b263570fa9606486744f43703c57a2372f9ca77e6fc	clipper-workshop-filenet-nine-nodes	ReportOnly	cp437-inferred	true
/home/mkrueger/work/bbs/bbsarchives/PCBoard-PPE-s-D-F/dod_nup.zip![6]:WORKSHOP.BBS	e4f856fee590a7a77e2c2b61790ba8855733b49935dcf2b4cf3c6f594ef7f6d7	clipper-workshop-filenet-nine-nodes	ReportOnly	cp437-inferred	true
/home/mkrueger/work/bbs/bbsarchives/PCBoard-PPE-s-D-F/dod_slan.zip![8]:WORKSHOP.BBS	8ff6fdf2ffaf02d0f2fc4b263570fa9606486744f43703c57a2372f9ca77e6fc	clipper-workshop-filenet-nine-nodes	ReportOnly	cp437-inferred	true
/home/mkrueger/work/bbs/bbsarchives/PCBoard-PPE-s-D-F/dodmmp32.zip![28]:WORKSHOP.BBS	8ff6fdf2ffaf02d0f2fc4b263570fa9606486744f43703c57a2372f9ca77e6fc	clipper-workshop-filenet-nine-nodes	ReportOnly	cp437-inferred	true
/home/mkrueger/work/bbs/bbsarchives/PCBoard-PPE-s-D-F/dwnld303.zip![7]:WORKSHOP.BBS	e4f856fee590a7a77e2c2b61790ba8855733b49935dcf2b4cf3c6f594ef7f6d7	clipper-workshop-filenet-nine-nodes	ReportOnly	cp437-inferred	true
/home/mkrueger/work/bbs/bbsarchives/PCBoard-PPE-s-D-F/ename100.zip![5]:WORKSHOP.BBS	8ff6fdf2ffaf02d0f2fc4b263570fa9606486744f43703c57a2372f9ca77e6fc	clipper-workshop-filenet-nine-nodes	ReportOnly	cp437-inferred	true
/home/mkrueger/work/bbs/bbsarchives/PCBoard-PPE-s-D-F/fbbspcb.zip![4]:WORKSHOP.BBS	e4f856fee590a7a77e2c2b61790ba8855733b49935dcf2b4cf3c6f594ef7f6d7	clipper-workshop-filenet-nine-nodes	ReportOnly	cp437-inferred	true
/home/mkrueger/work/bbs/bbsarchives/PCBoard-PPE-s-D-F/filesy01.zip![4]:WORKSHOP.BBS	e4f856fee590a7a77e2c2b61790ba8855733b49935dcf2b4cf3c6f594ef7f6d7	clipper-workshop-filenet-nine-nodes	ReportOnly	cp437-inferred	true
/home/mkrueger/work/bbs/bbsarchives/PCBoard-PPE-s-G-I/gnx_qul3.zip![6]:WORKSHOP.BBS	e4f856fee590a7a77e2c2b61790ba8855733b49935dcf2b4cf3c6f594ef7f6d7	clipper-workshop-filenet-nine-nodes	ReportOnly	cp437-inferred	true
/home/mkrueger/work/bbs/bbsarchives/PCBoard-PPE-s-G-I/gnx_sup.zip![4]:WORKSHOP.BBS	e4f856fee590a7a77e2c2b61790ba8855733b49935dcf2b4cf3c6f594ef7f6d7	clipper-workshop-filenet-nine-nodes	ReportOnly	cp437-inferred	true
/home/mkrueger/work/bbs/bbsarchives/PCBoard-PPE-s-G-I/gnx_za17.zip![4]:WORKSHOP.BBS	e4f856fee590a7a77e2c2b61790ba8855733b49935dcf2b4cf3c6f594ef7f6d7	clipper-workshop-filenet-nine-nodes	ReportOnly	cp437-inferred	true
/home/mkrueger/work/bbs/bbsarchives/PCBoard-PPE-s-G-I/gw_olm11.zip![3]:WORKSHOP.BBS	e4f856fee590a7a77e2c2b61790ba8855733b49935dcf2b4cf3c6f594ef7f6d7	clipper-workshop-filenet-nine-nodes	ReportOnly	cp437-inferred	true
/home/mkrueger/work/bbs/bbsarchives/PCBoard-PPE-s-J-O/j_confx.zip![7]:WORKSHOP.BBS	8ff6fdf2ffaf02d0f2fc4b263570fa9606486744f43703c57a2372f9ca77e6fc	clipper-workshop-filenet-nine-nodes	ReportOnly	cp437-inferred	true
/home/mkrueger/work/bbs/bbsarchives/PCBoard-PPE-s-J-O/jcon111b.zip![6]:WORKSHOP.BBS	8ff6fdf2ffaf02d0f2fc4b263570fa9606486744f43703c57a2372f9ca77e6fc	clipper-workshop-filenet-nine-nodes	ReportOnly	cp437-inferred	true
/home/mkrueger/work/bbs/bbsarchives/PCBoard-PPE-s-J-O/jm_0395.zip![11]:JM_IC_12.ZIP![1]:CEOS.AD	cc00bf9a4514504ee9cd18b57be99121e3b005c9a3ae41c0bbf0bbb12302e8c6	cutting-edge-online-extended-offer	ReportOnly	cp437-inferred	true
/home/mkrueger/work/bbs/bbsarchives/PCBoard-PPE-s-J-O/jm_0395.zip![12]:JM_MC_10.ZIP![0]:CEOS.AD	cc00bf9a4514504ee9cd18b57be99121e3b005c9a3ae41c0bbf0bbb12302e8c6	cutting-edge-online-extended-offer	ReportOnly	cp437-inferred	true
/home/mkrueger/work/bbs/bbsarchives/PCBoard-PPE-s-J-O/jm_0395.zip![14]:JM_NI_13.ZIP![0]:CEOS.AD	cc00bf9a4514504ee9cd18b57be99121e3b005c9a3ae41c0bbf0bbb12302e8c6	cutting-edge-online-extended-offer	ReportOnly	cp437-inferred	true
/home/mkrueger/work/bbs/bbsarchives/PCBoard-PPE-s-J-O/jm_0395.zip![23]:JM_CO_10.ZIP![1]:CEOS.AD	cc00bf9a4514504ee9cd18b57be99121e3b005c9a3ae41c0bbf0bbb12302e8c6	cutting-edge-online-extended-offer	ReportOnly	cp437-inferred	true
/home/mkrueger/work/bbs/bbsarchives/PCBoard-PPE-s-J-O/jm_0395.zip![25]:JM_WC_13.ZIP![0]:CEOS.AD	cc00bf9a4514504ee9cd18b57be99121e3b005c9a3ae41c0bbf0bbb12302e8c6	cutting-edge-online-extended-offer	ReportOnly	cp437-inferred	true
/home/mkrueger/work/bbs/bbsarchives/PCBoard-PPE-s-J-O/jm_0395.zip![3]:JM_PI_12.ZIP![4]:CEOS.AD	cc00bf9a4514504ee9cd18b57be99121e3b005c9a3ae41c0bbf0bbb12302e8c6	cutting-edge-online-extended-offer	ReportOnly	cp437-inferred	true
/home/mkrueger/work/bbs/bbsarchives/PCBoard-PPE-s-J-O/jm_0395.zip![5]:JM_AL_12.ZIP![0]:CEOS.AD	cc00bf9a4514504ee9cd18b57be99121e3b005c9a3ae41c0bbf0bbb12302e8c6	cutting-edge-online-extended-offer	ReportOnly	cp437-inferred	true
/home/mkrueger/work/bbs/bbsarchives/PCBoard-PPE-s-J-O/jm_0395.zip![6]:JM_FN_17.ZIP![0]:CEOS.AD	cc00bf9a4514504ee9cd18b57be99121e3b005c9a3ae41c0bbf0bbb12302e8c6	cutting-edge-online-extended-offer	ReportOnly	cp437-inferred	true
/home/mkrueger/work/bbs/bbsarchives/PCBoard-PPE-s-J-O/jm_0395.zip![7]:JM_AD_12.ZIP![4]:CEOS.AD	cc00bf9a4514504ee9cd18b57be99121e3b005c9a3ae41c0bbf0bbb12302e8c6	cutting-edge-online-extended-offer	ReportOnly	cp437-inferred	true
/home/mkrueger/work/bbs/bbsarchives/PCBoard-PPE-s-J-O/jm_0395.zip![9]:JM_FM_18.ZIP![0]:CEOS.AD	cc00bf9a4514504ee9cd18b57be99121e3b005c9a3ae41c0bbf0bbb12302e8c6	cutting-edge-online-extended-offer	ReportOnly	cp437-inferred	true
/home/mkrueger/work/bbs/bbsarchives/PCBoard-PPE-s-J-O/jm_al_14.zip![0]:CEOS.AD	957670b246e8f195679523ed17260ed6b64acb6906c6c762f3e4ed3dbfc34ccb	cutting-edge-online-extended-offer	ReportOnly	cp437-inferred	true
/home/mkrueger/work/bbs/bbsarchives/PCBoard-PPE-s-J-O/jm_am_10.zip![3]:CEOS.AD	f93ffe640a8e93bd5fb2fe71ef2cf3a9661aa5db4a86d5120931fb42bdd17fc3	cutting-edge-online-extended-offer	ReportOnly	cp437-inferred	true
/home/mkrueger/work/bbs/bbsarchives/PCBoard-PPE-s-J-O/jm_cm_15.zip![1]:CEOS.AD	f93ffe640a8e93bd5fb2fe71ef2cf3a9661aa5db4a86d5120931fb42bdd17fc3	cutting-edge-online-extended-offer	ReportOnly	cp437-inferred	true
/home/mkrueger/work/bbs/bbsarchives/PCBoard-PPE-s-J-O/jm_co_16.zip![1]:CEOS.AD	f93ffe640a8e93bd5fb2fe71ef2cf3a9661aa5db4a86d5120931fb42bdd17fc3	cutting-edge-online-extended-offer	ReportOnly	cp437-inferred	true
/home/mkrueger/work/bbs/bbsarchives/PCBoard-PPE-s-J-O/jm_ff_12.zip![0]:CEOS.AD	f93ffe640a8e93bd5fb2fe71ef2cf3a9661aa5db4a86d5120931fb42bdd17fc3	cutting-edge-online-extended-offer	ReportOnly	cp437-inferred	true
/home/mkrueger/work/bbs/bbsarchives/PCBoard-PPE-s-J-O/jm_fm_20.zip![0]:CEOS.AD	957670b246e8f195679523ed17260ed6b64acb6906c6c762f3e4ed3dbfc34ccb	cutting-edge-online-extended-offer	ReportOnly	cp437-inferred	true
/home/mkrueger/work/bbs/bbsarchives/PCBoard-PPE-s-J-O/jm_fn_19.zip![0]:CEOS.AD	957670b246e8f195679523ed17260ed6b64acb6906c6c762f3e4ed3dbfc34ccb	cutting-edge-online-extended-offer	ReportOnly	cp437-inferred	true
/home/mkrueger/work/bbs/bbsarchives/PCBoard-PPE-s-J-O/jm_ic_12.zip![1]:CEOS.AD	cc00bf9a4514504ee9cd18b57be99121e3b005c9a3ae41c0bbf0bbb12302e8c6	cutting-edge-online-extended-offer	ReportOnly	cp437-inferred	true
/home/mkrueger/work/bbs/bbsarchives/PCBoard-PPE-s-J-O/jm_lb_10.zip![0]:CEOS.AD	f93ffe640a8e93bd5fb2fe71ef2cf3a9661aa5db4a86d5120931fb42bdd17fc3	cutting-edge-online-extended-offer	ReportOnly	cp437-inferred	true
/home/mkrueger/work/bbs/bbsarchives/PCBoard-PPE-s-J-O/jm_mf_12.zip![0]:CEOS.AD	957670b246e8f195679523ed17260ed6b64acb6906c6c762f3e4ed3dbfc34ccb	cutting-edge-online-extended-offer	ReportOnly	cp437-inferred	true
/home/mkrueger/work/bbs/bbsarchives/PCBoard-PPE-s-J-O/jm_mm_12.zip![0]:CEOS.AD	f93ffe640a8e93bd5fb2fe71ef2cf3a9661aa5db4a86d5120931fb42bdd17fc3	cutting-edge-online-extended-offer	ReportOnly	cp437-inferred	true
/home/mkrueger/work/bbs/bbsarchives/PCBoard-PPE-s-J-O/jm_na_12.zip![0]:CEOS.AD	cc00bf9a4514504ee9cd18b57be99121e3b005c9a3ae41c0bbf0bbb12302e8c6	cutting-edge-online-extended-offer	ReportOnly	cp437-inferred	true
/home/mkrueger/work/bbs/bbsarchives/PCBoard-PPE-s-J-O/jm_nd_10.zip![0]:CEOS.AD	cc00bf9a4514504ee9cd18b57be99121e3b005c9a3ae41c0bbf0bbb12302e8c6	cutting-edge-online-extended-offer	ReportOnly	cp437-inferred	true
/home/mkrueger/work/bbs/bbsarchives/PCBoard-PPE-s-J-O/jm_ni_13.zip![0]:CEOS.AD	cc00bf9a4514504ee9cd18b57be99121e3b005c9a3ae41c0bbf0bbb12302e8c6	cutting-edge-online-extended-offer	ReportOnly	cp437-inferred	true
/home/mkrueger/work/bbs/bbsarchives/PCBoard-PPE-s-J-O/jm_pd_12.zip![34]:WORKSHOP.BBS	8ff6fdf2ffaf02d0f2fc4b263570fa9606486744f43703c57a2372f9ca77e6fc	clipper-workshop-filenet-nine-nodes	ReportOnly	cp437-inferred	true
/home/mkrueger/work/bbs/bbsarchives/PCBoard-PPE-s-J-O/jm_ps_21.zip![0]:CEOS.AD	957670b246e8f195679523ed17260ed6b64acb6906c6c762f3e4ed3dbfc34ccb	cutting-edge-online-extended-offer	ReportOnly	cp437-inferred	true
/home/mkrueger/work/bbs/bbsarchives/PCBoard-PPE-s-J-O/jm_qs_18.zip![0]:CEOS.AD	957670b246e8f195679523ed17260ed6b64acb6906c6c762f3e4ed3dbfc34ccb	cutting-edge-online-extended-offer	ReportOnly	cp437-inferred	true
/home/mkrueger/work/bbs/bbsarchives/PCBoard-PPE-s-J-O/jm_qt_10.zip![0]:CEOS.AD	f93ffe640a8e93bd5fb2fe71ef2cf3a9661aa5db4a86d5120931fb42bdd17fc3	cutting-edge-online-extended-offer	ReportOnly	cp437-inferred	true
/home/mkrueger/work/bbs/bbsarchives/PCBoard-PPE-s-J-O/jm_rf_14.zip![0]:CEOS.AD	957670b246e8f195679523ed17260ed6b64acb6906c6c762f3e4ed3dbfc34ccb	cutting-edge-online-extended-offer	ReportOnly	cp437-inferred	true
/home/mkrueger/work/bbs/bbsarchives/PCBoard-PPE-s-J-O/jm_sr_10.zip![7]:CEOS.AD	957670b246e8f195679523ed17260ed6b64acb6906c6c762f3e4ed3dbfc34ccb	cutting-edge-online-extended-offer	ReportOnly	cp437-inferred	true
/home/mkrueger/work/bbs/bbsarchives/PCBoard-PPE-s-J-O/jm_xm_16.zip![0]:CEOS.AD	957670b246e8f195679523ed17260ed6b64acb6906c6c762f3e4ed3dbfc34ccb	cutting-edge-online-extended-offer	ReportOnly	cp437-inferred	true
/home/mkrueger/work/bbs/bbsarchives/PCBoard-PPE-s-J-O/ksrch100.zip![7]:WORKSHOP.BBS	8ff6fdf2ffaf02d0f2fc4b263570fa9606486744f43703c57a2372f9ca77e6fc	clipper-workshop-filenet-nine-nodes	ReportOnly	cp437-inferred	true
/home/mkrueger/work/bbs/bbsarchives/PCBoard-PPE-s-J-O/lcd_on10.zip![4]:WORKSHOP.BBS	e4f856fee590a7a77e2c2b61790ba8855733b49935dcf2b4cf3c6f594ef7f6d7	clipper-workshop-filenet-nine-nodes	ReportOnly	cp437-inferred	true
/home/mkrueger/work/bbs/bbsarchives/PCBoard-PPE-s-J-O/ls_d_lco.zip![3]:WORKSHOP.BBS	e4f856fee590a7a77e2c2b61790ba8855733b49935dcf2b4cf3c6f594ef7f6d7	clipper-workshop-filenet-nine-nodes	ReportOnly	cp437-inferred	true
/home/mkrueger/work/bbs/bbsarchives/PCBoard-PPE-s-J-O/ls_ecom.zip![4]:WORKSHOP.BBS	e4f856fee590a7a77e2c2b61790ba8855733b49935dcf2b4cf3c6f594ef7f6d7	clipper-workshop-filenet-nine-nodes	ReportOnly	cp437-inferred	true
/home/mkrueger/work/bbs/bbsarchives/PCBoard-PPE-s-J-O/mavo15za.zip![5]:WORKSHOP.BBS	8ff6fdf2ffaf02d0f2fc4b263570fa9606486744f43703c57a2372f9ca77e6fc	clipper-workshop-filenet-nine-nodes	ReportOnly	cp437-inferred	true
/home/mkrueger/work/bbs/bbsarchives/PCBoard-PPE-s-J-O/mkdir.zip![4]:WORKSHOP.BBS	e4f856fee590a7a77e2c2b61790ba8855733b49935dcf2b4cf3c6f594ef7f6d7	clipper-workshop-filenet-nine-nodes	ReportOnly	cp437-inferred	true
/home/mkrueger/work/bbs/bbsarchives/PCBoard-PPE-s-J-O/netme100.zip![6]:WORKSHOP.BBS	e4f856fee590a7a77e2c2b61790ba8855733b49935dcf2b4cf3c6f594ef7f6d7	clipper-workshop-filenet-nine-nodes	ReportOnly	cp437-inferred	true
/home/mkrueger/work/bbs/bbsarchives/PCBoard-PPE-s-P-R/pcb_time.zip![3]:WORKSHOP.BBS	e4f856fee590a7a77e2c2b61790ba8855733b49935dcf2b4cf3c6f594ef7f6d7	clipper-workshop-filenet-nine-nodes	ReportOnly	cp437-inferred	true
/home/mkrueger/work/bbs/bbsarchives/PCBoard-PPE-s-P-R/pob396_2.zip![6]:WORKSHOP.BBS	8ff6fdf2ffaf02d0f2fc4b263570fa9606486744f43703c57a2372f9ca77e6fc	clipper-workshop-filenet-nine-nodes	ReportOnly	cp437-inferred	true
/home/mkrueger/work/bbs/bbsarchives/PCBoard-PPE-s-P-R/pob605.zip![7]:WORKSHOP.BBS	8ff6fdf2ffaf02d0f2fc4b263570fa9606486744f43703c57a2372f9ca77e6fc	clipper-workshop-filenet-nine-nodes	ReportOnly	cp437-inferred	true
/home/mkrueger/work/bbs/bbsarchives/PCBoard-PPE-s-P-R/pob_sc2.zip![4]:WORKSHOP.BBS	8ff6fdf2ffaf02d0f2fc4b263570fa9606486744f43703c57a2372f9ca77e6fc	clipper-workshop-filenet-nine-nodes	ReportOnly	cp437-inferred	true
/home/mkrueger/work/bbs/bbsarchives/PCBoard-PPE-s-P-R/pobnls02.zip![7]:WORKSHOP.BBS	8ff6fdf2ffaf02d0f2fc4b263570fa9606486744f43703c57a2372f9ca77e6fc	clipper-workshop-filenet-nine-nodes	ReportOnly	cp437-inferred	true
/home/mkrueger/work/bbs/bbsarchives/PCBoard-PPE-s-P-R/pull11.zip![16]:WORKSHOP.BBS	8ff6fdf2ffaf02d0f2fc4b263570fa9606486744f43703c57a2372f9ca77e6fc	clipper-workshop-filenet-nine-nodes	ReportOnly	cp437-inferred	true
/home/mkrueger/work/bbs/bbsarchives/PCBoard-PPE-s-P-R/qv11.zip![4]:WORKSHOP.BBS	e4f856fee590a7a77e2c2b61790ba8855733b49935dcf2b4cf3c6f594ef7f6d7	clipper-workshop-filenet-nine-nodes	ReportOnly	cp437-inferred	true
/home/mkrueger/work/bbs/bbsarchives/PCBoard-PPE-s-P-R/r2lodoup.zip![8]:WORKSHOP.BBS	e4f856fee590a7a77e2c2b61790ba8855733b49935dcf2b4cf3c6f594ef7f6d7	clipper-workshop-filenet-nine-nodes	ReportOnly	cp437-inferred	true
/home/mkrueger/work/bbs/bbsarchives/PCBoard-PPE-s-P-R/reg_lech.zip![6]:WORKSHOP.BBS	e4f856fee590a7a77e2c2b61790ba8855733b49935dcf2b4cf3c6f594ef7f6d7	clipper-workshop-filenet-nine-nodes	ReportOnly	cp437-inferred	true
/home/mkrueger/work/bbs/bbsarchives/PCBoard-PPE-s-P-R/rgd_bfdl.zip![3]:WORKSHOP.BBS	8ff6fdf2ffaf02d0f2fc4b263570fa9606486744f43703c57a2372f9ca77e6fc	clipper-workshop-filenet-nine-nodes	ReportOnly	cp437-inferred	true
/home/mkrueger/work/bbs/bbsarchives/PCBoard-PPE-s-P-R/rgd_st2.zip![4]:WORKSHOP.BBS	8ff6fdf2ffaf02d0f2fc4b263570fa9606486744f43703c57a2372f9ca77e6fc	clipper-workshop-filenet-nine-nodes	ReportOnly	cp437-inferred	true
/home/mkrueger/work/bbs/bbsarchives/PCBoard-PPE-s-P-R/rgd_ulog.zip![10]:WORKSHOP.BBS	8ff6fdf2ffaf02d0f2fc4b263570fa9606486744f43703c57a2372f9ca77e6fc	clipper-workshop-filenet-nine-nodes	ReportOnly	cp437-inferred	true
/home/mkrueger/work/bbs/bbsarchives/PCBoard-PPE-s-P-R/rgd_us.zip![7]:WORKSHOP.BBS	8ff6fdf2ffaf02d0f2fc4b263570fa9606486744f43703c57a2372f9ca77e6fc	clipper-workshop-filenet-nine-nodes	ReportOnly	cp437-inferred	true
/home/mkrueger/work/bbs/bbsarchives/PCBoard-PPE-s-P-R/rh_tops1.zip![51]:WORKSHOP.BBS	e4f856fee590a7a77e2c2b61790ba8855733b49935dcf2b4cf3c6f594ef7f6d7	clipper-workshop-filenet-nine-nodes	ReportOnly	cp437-inferred	true
/home/mkrueger/work/bbs/bbsarchives/PCBoard-PPE-s-P-R/rlogoff.zip![6]:WORKSHOP.BBS	e4f856fee590a7a77e2c2b61790ba8855733b49935dcf2b4cf3c6f594ef7f6d7	clipper-workshop-filenet-nine-nodes	ReportOnly	cp437-inferred	true
/home/mkrueger/work/bbs/bbsarchives/PCBoard-PPE-s-S-Z/script10.zip![15]:WORKSHOP.BBS	8ff6fdf2ffaf02d0f2fc4b263570fa9606486744f43703c57a2372f9ca77e6fc	clipper-workshop-filenet-nine-nodes	ReportOnly	cp437-inferred	true
/home/mkrueger/work/bbs/bbsarchives/PCBoard-PPE-s-S-Z/slfdstrc.zip![23]:JM_CO_10.ZIP![1]:CEOS.AD	cc00bf9a4514504ee9cd18b57be99121e3b005c9a3ae41c0bbf0bbb12302e8c6	cutting-edge-online-extended-offer	ReportOnly	cp437-inferred	true
/home/mkrueger/work/bbs/bbsarchives/PCBoard-PPE-s-S-Z/slfdstrc.zip![25]:JM_WC_13.ZIP![0]:CEOS.AD	cc00bf9a4514504ee9cd18b57be99121e3b005c9a3ae41c0bbf0bbb12302e8c6	cutting-edge-online-extended-offer	ReportOnly	cp437-inferred	true
/home/mkrueger/work/bbs/bbsarchives/PCBoard-PPE-s-S-Z/splash.zip![4]:WORKSHOP.BBS	e4f856fee590a7a77e2c2b61790ba8855733b49935dcf2b4cf3c6f594ef7f6d7	clipper-workshop-filenet-nine-nodes	ReportOnly	cp437-inferred	true
/home/mkrueger/work/bbs/bbsarchives/PCBoard-PPE-s-S-Z/thewho12.zip![10]:WORKSHOP.BBS	8ff6fdf2ffaf02d0f2fc4b263570fa9606486744f43703c57a2372f9ca77e6fc	clipper-workshop-filenet-nine-nodes	ReportOnly	cp437-inferred	true
/home/mkrueger/work/bbs/bbsarchives/PCBoard-PPE-s-S-Z/tht39622.zip![14]:WORKSHOP.BBS	e4f856fee590a7a77e2c2b61790ba8855733b49935dcf2b4cf3c6f594ef7f6d7	clipper-workshop-filenet-nine-nodes	ReportOnly	cp437-inferred	true
/home/mkrueger/work/bbs/bbsarchives/PCBoard-PPE-s-S-Z/thtns202.zip![12]:WORKSHOP.BBS	e4f856fee590a7a77e2c2b61790ba8855733b49935dcf2b4cf3c6f594ef7f6d7	clipper-workshop-filenet-nine-nodes	ReportOnly	cp437-inferred	true
/home/mkrueger/work/bbs/bbsarchives/PCBoard-PPE-s-S-Z/tssqf20.zip![5]:WORKSHOP.BBS	e4f856fee590a7a77e2c2b61790ba8855733b49935dcf2b4cf3c6f594ef7f6d7	clipper-workshop-filenet-nine-nodes	ReportOnly	cp437-inferred	true
/home/mkrueger/work/bbs/bbsarchives/PCBoard-PPE-s-S-Z/urt_cfs1.zip![3]:WORKSHOP.BBS	8ff6fdf2ffaf02d0f2fc4b263570fa9606486744f43703c57a2372f9ca77e6fc	clipper-workshop-filenet-nine-nodes	ReportOnly	cp437-inferred	true
/home/mkrueger/work/bbs/bbsarchives/PCBoard-PPE-s-S-Z/ven_view.zip![2]:WORKSHOP.BBS	e4f856fee590a7a77e2c2b61790ba8855733b49935dcf2b4cf3c6f594ef7f6d7	clipper-workshop-filenet-nine-nodes	ReportOnly	cp437-inferred	true
/home/mkrueger/work/bbs/bbsarchives/PCBoard-PPE-s-S-Z/waitv30.zip![18]:WORKSHOP.BBS	8ff6fdf2ffaf02d0f2fc4b263570fa9606486744f43703c57a2372f9ca77e6fc	clipper-workshop-filenet-nine-nodes	ReportOnly	cp437-inferred	true
/home/mkrueger/work/bbs/bbsarchives/PCboard-PPE-s-A-C/atag.zip![4]:WORKSHOP.BBS	8ff6fdf2ffaf02d0f2fc4b263570fa9606486744f43703c57a2372f9ca77e6fc	clipper-workshop-filenet-nine-nodes	ReportOnly	cp437-inferred	true
/home/mkrueger/work/bbs/bbsarchives/PCboard-PPE-s-A-C/bcqt03.zip![9]:WORKSHOP.BBS	e4f856fee590a7a77e2c2b61790ba8855733b49935dcf2b4cf3c6f594ef7f6d7	clipper-workshop-filenet-nine-nodes	ReportOnly	cp437-inferred	true
/home/mkrueger/work/bbs/bbsarchives/PCboard-PPE-s-A-C/bday_11.zip![8]:WORKSHOP.BBS	e4f856fee590a7a77e2c2b61790ba8855733b49935dcf2b4cf3c6f594ef7f6d7	clipper-workshop-filenet-nine-nodes	ReportOnly	cp437-inferred	true
/home/mkrueger/work/bbs/bbsarchives/PCboard-PPE-s-A-C/blt200.zip![11]:WORKSHOP.BBS	8ff6fdf2ffaf02d0f2fc4b263570fa9606486744f43703c57a2372f9ca77e6fc	clipper-workshop-filenet-nine-nodes	ReportOnly	cp437-inferred	true
/home/mkrueger/work/bbs/bbsarchives/PCboard-PPE-s-A-C/clcb_151.zip![10]:WORKSHOP.BBS	e4f856fee590a7a77e2c2b61790ba8855733b49935dcf2b4cf3c6f594ef7f6d7	clipper-workshop-filenet-nine-nodes	ReportOnly	cp437-inferred	true
/home/mkrueger/work/bbs/bbsarchives/PCboard-PPE-s-A-C/clmebk21.zip![9]:WORKSHOP.BBS	8ff6fdf2ffaf02d0f2fc4b263570fa9606486744f43703c57a2372f9ca77e6fc	clipper-workshop-filenet-nine-nodes	ReportOnly	cp437-inferred	true
/home/mkrueger/work/bbs/bbsarchives/PCboard-PPE-s-A-C/cmfl_200.zip![9]:WORKSHOP.BBS	e4f856fee590a7a77e2c2b61790ba8855733b49935dcf2b4cf3c6f594ef7f6d7	clipper-workshop-filenet-nine-nodes	ReportOnly	cp437-inferred	true
/home/mkrueger/work/bbs/bbsarchives/PCboard-PPE-s-A-C/cssc_301.zip![6]:WORKSHOP.BBS	e4f856fee590a7a77e2c2b61790ba8855733b49935dcf2b4cf3c6f594ef7f6d7	clipper-workshop-filenet-nine-nodes	ReportOnly	cp437-inferred	true
/home/mkrueger/work/bbs/bbsarchives/Poundsign_in_Filename_Files/_231donate.zip![12]:RENEGADE	71d056256e41d4ff70832abfe8c37d449ef45f0265bd1d05e0393a339b37cb4a	bbs-archives-passed-banner	ReportOnly	cp437-inferred	false
/home/mkrueger/work/bbs/bbsarchives/ProBoard-PEX-s/aqt_2ds10b.zip![6]:PCMICR0.NF0	71d056256e41d4ff70832abfe8c37d449ef45f0265bd1d05e0393a339b37cb4a	bbs-archives-passed-banner	ReportOnly	cp437-inferred	false
/home/mkrueger/work/bbs/bbsarchives/RA-File-Base-Util---Doors/dizzy201.zip![11]:ARCHIVES.BBS	71d056256e41d4ff70832abfe8c37d449ef45f0265bd1d05e0393a339b37cb4a	bbs-archives-passed-banner	ReportOnly	cp437-inferred	false
/home/mkrueger/work/bbs/bbsarchives/RA-File-Base-Util---Doors/eud11.zip![2]:ARCHIVES.BBS	71d056256e41d4ff70832abfe8c37d449ef45f0265bd1d05e0393a339b37cb4a	bbs-archives-passed-banner	ReportOnly	cp437-inferred	false
/home/mkrueger/work/bbs/bbsarchives/RA-File-Base-Util---Doors/fdupe25d.zip![3]:ARCHIVES.BBS	71d056256e41d4ff70832abfe8c37d449ef45f0265bd1d05e0393a339b37cb4a	bbs-archives-passed-banner	ReportOnly	cp437-inferred	false
/home/mkrueger/work/bbs/bbsarchives/RA-File-Base-Util---Doors/flr121p.zip![8]:PCMICR0.NF0	71d056256e41d4ff70832abfe8c37d449ef45f0265bd1d05e0393a339b37cb4a	bbs-archives-passed-banner	ReportOnly	cp437-inferred	false
/home/mkrueger/work/bbs/bbsarchives/RA-File-Base-Util---Doors/newga10c.zip![20]:ARCHIVES.BBS	71d056256e41d4ff70832abfe8c37d449ef45f0265bd1d05e0393a339b37cb4a	bbs-archives-passed-banner	ReportOnly	cp437-inferred	false
/home/mkrueger/work/bbs/bbsarchives/RA-File-Base-Util---Doors/rab252.zip![3]:ARCHIVES.BBS	71d056256e41d4ff70832abfe8c37d449ef45f0265bd1d05e0393a339b37cb4a	bbs-archives-passed-banner	ReportOnly	cp437-inferred	false
/home/mkrueger/work/bbs/bbsarchives/RA-File-Base-Util---Doors/ratom310.zip![3]:ARCHIVES.BBS	71d056256e41d4ff70832abfe8c37d449ef45f0265bd1d05e0393a339b37cb4a	bbs-archives-passed-banner	ReportOnly	cp437-inferred	false
/home/mkrueger/work/bbs/bbsarchives/RA-File-Base-Util---Doors/rav251.zip![3]:ARCHIVES.BBS	71d056256e41d4ff70832abfe8c37d449ef45f0265bd1d05e0393a339b37cb4a	bbs-archives-passed-banner	ReportOnly	cp437-inferred	false
/home/mkrueger/work/bbs/bbsarchives/RA-File-Base-Util---Doors/tagd200c.zip![15]:ARCHIVES.BBS	71d056256e41d4ff70832abfe8c37d449ef45f0265bd1d05e0393a339b37cb4a	bbs-archives-passed-banner	ReportOnly	cp437-inferred	false
/home/mkrueger/work/bbs/bbsarchives/RA-File-Base-Util---Doors/view18.zip![15]:PCM1CRO.NFO	71d056256e41d4ff70832abfe8c37d449ef45f0265bd1d05e0393a339b37cb4a	bbs-archives-passed-banner	ReportOnly	cp437-inferred	false
/home/mkrueger/work/bbs/bbsarchives/RA-Message-Editors/tfact15.zip![5]:ARCHIVES.BBS	71d056256e41d4ff70832abfe8c37d449ef45f0265bd1d05e0393a339b37cb4a	bbs-archives-passed-banner	ReportOnly	cp437-inferred	false
/home/mkrueger/work/bbs/bbsarchives/RA-Message-Editors/ts_2drawt.zip![22]:ARCHIVES.BBS	71d056256e41d4ff70832abfe8c37d449ef45f0265bd1d05e0393a339b37cb4a	bbs-archives-passed-banner	ReportOnly	cp437-inferred	false
/home/mkrueger/work/bbs/bbsarchives/RA-Message-Editors/ts_2drawt.zip![23]:DOORS.BBS	71d056256e41d4ff70832abfe8c37d449ef45f0265bd1d05e0393a339b37cb4a	bbs-archives-passed-banner	ReportOnly	cp437-inferred	false
/home/mkrueger/work/bbs/bbsarchives/RA-Messsage-Base-Related/emw15p2.zip![2]:ARCHIVES.BBS	71d056256e41d4ff70832abfe8c37d449ef45f0265bd1d05e0393a339b37cb4a	bbs-archives-passed-banner	ReportOnly	cp437-inferred	false
/home/mkrueger/work/bbs/bbsarchives/RA-Messsage-Base-Related/ereq301.zip![15]:ARCHIVES.BBS	71d056256e41d4ff70832abfe8c37d449ef45f0265bd1d05e0393a339b37cb4a	bbs-archives-passed-banner	ReportOnly	cp437-inferred	false
/home/mkrueger/work/bbs/bbsarchives/RA-Messsage-Base-Related/hec10b.zip![10]:ARCHIVES.BBS	71d056256e41d4ff70832abfe8c37d449ef45f0265bd1d05e0393a339b37cb4a	bbs-archives-passed-banner	ReportOnly	cp437-inferred	false
/home/mkrueger/work/bbs/bbsarchives/RA-Messsage-Base-Related/hec10bp.zip![9]:ARCHIVES.BBS	71d056256e41d4ff70832abfe8c37d449ef45f0265bd1d05e0393a339b37cb4a	bbs-archives-passed-banner	ReportOnly	cp437-inferred	false
/home/mkrueger/work/bbs/bbsarchives/RA-Messsage-Base-Related/mged430d.zip![6]:ARCHIVES.BBS	71d056256e41d4ff70832abfe8c37d449ef45f0265bd1d05e0393a339b37cb4a	bbs-archives-passed-banner	ReportOnly	cp437-inferred	false
/home/mkrueger/work/bbs/bbsarchives/RA-Messsage-Base-Related/mged430s.zip![123]:ARCHIVES.BBS	71d056256e41d4ff70832abfe8c37d449ef45f0265bd1d05e0393a339b37cb4a	bbs-archives-passed-banner	ReportOnly	cp437-inferred	false
/home/mkrueger/work/bbs/bbsarchives/RA-Messsage-Base-Related/mged430x.zip![8]:ARCHIVES.BBS	71d056256e41d4ff70832abfe8c37d449ef45f0265bd1d05e0393a339b37cb4a	bbs-archives-passed-banner	ReportOnly	cp437-inferred	false
/home/mkrueger/work/bbs/bbsarchives/RA-Messsage-Base-Related/net100p.zip![11]:ARCHIVES.BBS	71d056256e41d4ff70832abfe8c37d449ef45f0265bd1d05e0393a339b37cb4a	bbs-archives-passed-banner	ReportOnly	cp437-inferred	false
/home/mkrueger/work/bbs/bbsarchives/RA-Messsage-Base-Related/ntmgr95.zip![4]:ARCHIVES.BBS	71d056256e41d4ff70832abfe8c37d449ef45f0265bd1d05e0393a339b37cb4a	bbs-archives-passed-banner	ReportOnly	cp437-inferred	false
/home/mkrueger/work/bbs/bbsarchives/RA-Messsage-Base-Related/ntmgr95p.zip![4]:ARCHIVES.BBS	71d056256e41d4ff70832abfe8c37d449ef45f0265bd1d05e0393a339b37cb4a	bbs-archives-passed-banner	ReportOnly	cp437-inferred	false
/home/mkrueger/work/bbs/bbsarchives/RA-Misc-Hidden/showf20.zip![11]:DOORS.BBS	71d056256e41d4ff70832abfe8c37d449ef45f0265bd1d05e0393a339b37cb4a	bbs-archives-passed-banner	ReportOnly	cp437-inferred	false
/home/mkrueger/work/bbs/bbsarchives/RA-Off-Line-Mail-Doors-Utils/olms2000.zip![21]:ARCHIVES.BBS	71d056256e41d4ff70832abfe8c37d449ef45f0265bd1d05e0393a339b37cb4a	bbs-archives-passed-banner	ReportOnly	cp437-inferred	false
/home/mkrueger/work/bbs/bbsarchives/RA-Todays-Callers-Statistics/dlast100.zip![2]:ARCHIVES.BBS	71d056256e41d4ff70832abfe8c37d449ef45f0265bd1d05e0393a339b37cb4a	bbs-archives-passed-banner	ReportOnly	cp437-inferred	false
/home/mkrueger/work/bbs/bbsarchives/RA-Todays-Callers-Statistics/ss_2d112.zip![5]:PCM_BBS.NFO	71d056256e41d4ff70832abfe8c37d449ef45f0265bd1d05e0393a339b37cb4a	bbs-archives-passed-banner	ReportOnly	cp437-inferred	false
/home/mkrueger/work/bbs/bbsarchives/RA-Todays-Callers-Statistics/top10dl1.zip![5]:ARCHIVES.BBS	71d056256e41d4ff70832abfe8c37d449ef45f0265bd1d05e0393a339b37cb4a	bbs-archives-passed-banner	ReportOnly	cp437-inferred	false
/home/mkrueger/work/bbs/bbsarchives/RA-User-Base-Utils---Doors/dctac100.zip![6]:ARCHIVES.BBS	71d056256e41d4ff70832abfe8c37d449ef45f0265bd1d05e0393a339b37cb4a	bbs-archives-passed-banner	ReportOnly	cp437-inferred	false
/home/mkrueger/work/bbs/bbsarchives/RA-User-Base-Utils---Doors/duser110.zip![2]:ARCHIVES.BBS	71d056256e41d4ff70832abfe8c37d449ef45f0265bd1d05e0393a339b37cb4a	bbs-archives-passed-banner	ReportOnly	cp437-inferred	false
/home/mkrueger/work/bbs/bbsarchives/RA-User-Base-Utils---Doors/quest101.zip![10]:ARCHIVES.BBS	71d056256e41d4ff70832abfe8c37d449ef45f0265bd1d05e0393a339b37cb4a	bbs-archives-passed-banner	ReportOnly	cp437-inferred	false
/home/mkrueger/work/bbs/bbsarchives/RA-User-Base-Utils---Doors/regu201c.zip![26]:ARCHIVES.BBS	71d056256e41d4ff70832abfe8c37d449ef45f0265bd1d05e0393a339b37cb4a	bbs-archives-passed-banner	ReportOnly	cp437-inferred	false
/home/mkrueger/work/bbs/bbsarchives/RA-files.bbs-util---Doors/dsort300.zip![3]:ARCHIVES.BBS	71d056256e41d4ff70832abfe8c37d449ef45f0265bd1d05e0393a339b37cb4a	bbs-archives-passed-banner	ReportOnly	cp437-inferred	false
/home/mkrueger/work/bbs/bbsarchives/RA-files.bbs-util---Doors/ezfbbs.zip![7]:ARCHIVES.BBS	71d056256e41d4ff70832abfe8c37d449ef45f0265bd1d05e0393a339b37cb4a	bbs-archives-passed-banner	ReportOnly	cp437-inferred	false
/home/mkrueger/work/bbs/bbsarchives/RA-files.bbs-util---Doors/ffgra103.zip![5]:ARCHIVES.BBS	71d056256e41d4ff70832abfe8c37d449ef45f0265bd1d05e0393a339b37cb4a	bbs-archives-passed-banner	ReportOnly	cp437-inferred	false
/home/mkrueger/work/bbs/bbsarchives/RA-files.bbs-util---Doors/ra2fl500.zip![5]:ARCHIVES.BBS	71d056256e41d4ff70832abfe8c37d449ef45f0265bd1d05e0393a339b37cb4a	bbs-archives-passed-banner	ReportOnly	cp437-inferred	false
/home/mkrueger/work/bbs/bbsarchives/RA-files.bbs-util---Doors/raff_110.zip![18]:ARCHIVES.BBS	71d056256e41d4ff70832abfe8c37d449ef45f0265bd1d05e0393a339b37cb4a	bbs-archives-passed-banner	ReportOnly	cp437-inferred	false
/home/mkrueger/work/bbs/bbsarchives/RA-files.bbs-util---Doors/xflc_100.zip![7]:ARCHIVES.BBS	71d056256e41d4ff70832abfe8c37d449ef45f0265bd1d05e0393a339b37cb4a	bbs-archives-passed-banner	ReportOnly	cp437-inferred	false
/home/mkrueger/work/bbs/bbsarchives/Random-Screen---Quote-Makers/qotd192.zip![9]:ARCHIVES.BBS	71d056256e41d4ff70832abfe8c37d449ef45f0265bd1d05e0393a339b37cb4a	bbs-archives-passed-banner	ReportOnly	cp437-inferred	false
/home/mkrueger/work/bbs/bbsarchives/Random-Screen---Quote-Makers/quote103.zip![7]:ARCHIVES.BBS	71d056256e41d4ff70832abfe8c37d449ef45f0265bd1d05e0393a339b37cb4a	bbs-archives-passed-banner	ReportOnly	cp437-inferred	false
/home/mkrueger/work/bbs/bbsarchives/Random-Screen---Quote-Makers/quslap12.zip![8]:ARCHIVES.BBS	71d056256e41d4ff70832abfe8c37d449ef45f0265bd1d05e0393a339b37cb4a	bbs-archives-passed-banner	ReportOnly	cp437-inferred	false
/home/mkrueger/work/bbs/bbsarchives/Random-Screen---Quote-Makers/randansi.zip![9]:ARCHIVES.BBS	71d056256e41d4ff70832abfe8c37d449ef45f0265bd1d05e0393a339b37cb4a	bbs-archives-passed-banner	ReportOnly	cp437-inferred	false
/home/mkrueger/work/bbs/bbsarchives/Renegade-Utils/10rdjoke.zip![9]:RENEGADE	71d056256e41d4ff70832abfe8c37d449ef45f0265bd1d05e0393a339b37cb4a	bbs-archives-passed-banner	ReportOnly	cp437-inferred	false
/home/mkrueger/work/bbs/bbsarchives/Renegade-Utils/1lnr1pph.zip![7]:RENEGADE	71d056256e41d4ff70832abfe8c37d449ef45f0265bd1d05e0393a339b37cb4a	bbs-archives-passed-banner	ReportOnly	cp437-inferred	false
/home/mkrueger/work/bbs/bbsarchives/Renegade-Utils/_21kbrg003.zip![3]:RENEGADE	71d056256e41d4ff70832abfe8c37d449ef45f0265bd1d05e0393a339b37cb4a	bbs-archives-passed-banner	ReportOnly	cp437-inferred	false
/home/mkrueger/work/bbs/bbsarchives/Renegade-Utils/_21mfix10.zip![3]:RENEGADE	71d056256e41d4ff70832abfe8c37d449ef45f0265bd1d05e0393a339b37cb4a	bbs-archives-passed-banner	ReportOnly	cp437-inferred	false
/home/mkrueger/work/bbs/bbsarchives/Renegade-Utils/_21rgabc14.zip![4]:RENEGADE	71d056256e41d4ff70832abfe8c37d449ef45f0265bd1d05e0393a339b37cb4a	bbs-archives-passed-banner	ReportOnly	cp437-inferred	false
/home/mkrueger/work/bbs/bbsarchives/Renegade-Utils/_21rgul22.zip![7]:RENEGADE	71d056256e41d4ff70832abfe8c37d449ef45f0265bd1d05e0393a339b37cb4a	bbs-archives-passed-banner	ReportOnly	cp437-inferred	false
/home/mkrueger/work/bbs/bbsarchives/Renegade-Utils/_231donate.zip![12]:RENEGADE	71d056256e41d4ff70832abfe8c37d449ef45f0265bd1d05e0393a339b37cb4a	bbs-archives-passed-banner	ReportOnly	cp437-inferred	false
/home/mkrueger/work/bbs/bbsarchives/Renegade-Utils/_bbsin13.zip![2]:RENEGADE	71d056256e41d4ff70832abfe8c37d449ef45f0265bd1d05e0393a339b37cb4a	bbs-archives-passed-banner	ReportOnly	cp437-inferred	false
/home/mkrueger/work/bbs/bbsarchives/Renegade-Utils/_cpslg10.zip![2]:RENEGADE	71d056256e41d4ff70832abfe8c37d449ef45f0265bd1d05e0393a339b37cb4a	bbs-archives-passed-banner	ReportOnly	cp437-inferred	false
/home/mkrueger/work/bbs/bbsarchives/Renegade-Utils/_mfix10.zip![3]:RENEGADE	71d056256e41d4ff70832abfe8c37d449ef45f0265bd1d05e0393a339b37cb4a	bbs-archives-passed-banner	ReportOnly	cp437-inferred	false
/home/mkrueger/work/bbs/bbsarchives/Renegade-Utils/_rgabc14.zip![4]:RENEGADE	71d056256e41d4ff70832abfe8c37d449ef45f0265bd1d05e0393a339b37cb4a	bbs-archives-passed-banner	ReportOnly	cp437-inferred	false
/home/mkrueger/work/bbs/bbsarchives/Renegade-Utils/_rgq11.zip![7]:RENEGADE	71d056256e41d4ff70832abfe8c37d449ef45f0265bd1d05e0393a339b37cb4a	bbs-archives-passed-banner	ReportOnly	cp437-inferred	false
/home/mkrueger/work/bbs/bbsarchives/Renegade-Utils/_rgrid11.zip![4]:RENEGADE	71d056256e41d4ff70832abfe8c37d449ef45f0265bd1d05e0393a339b37cb4a	bbs-archives-passed-banner	ReportOnly	cp437-inferred	false
/home/mkrueger/work/bbs/bbsarchives/Renegade-Utils/_rgtau10.zip![9]:RENEGADE	71d056256e41d4ff70832abfe8c37d449ef45f0265bd1d05e0393a339b37cb4a	bbs-archives-passed-banner	ReportOnly	cp437-inferred	false
/home/mkrueger/work/bbs/bbsarchives/Renegade-Utils/_rgul22.zip![7]:RENEGADE	71d056256e41d4ff70832abfe8c37d449ef45f0265bd1d05e0393a339b37cb4a	bbs-archives-passed-banner	ReportOnly	cp437-inferred	false
/home/mkrueger/work/bbs/bbsarchives/Renegade-Utils/_upfil12.zip![2]:RENEGADE	71d056256e41d4ff70832abfe8c37d449ef45f0265bd1d05e0393a339b37cb4a	bbs-archives-passed-banner	ReportOnly	cp437-inferred	false
/home/mkrueger/work/bbs/bbsarchives/Renegade-Utils/a2a_2d15.zip![3]:RENEGADE	71d056256e41d4ff70832abfe8c37d449ef45f0265bd1d05e0393a339b37cb4a	bbs-archives-passed-banner	ReportOnly	cp437-inferred	false
/home/mkrueger/work/bbs/bbsarchives/Renegade-Utils/a2a_2drg10.zip![4]:RENEGADE	71d056256e41d4ff70832abfe8c37d449ef45f0265bd1d05e0393a339b37cb4a	bbs-archives-passed-banner	ReportOnly	cp437-inferred	false
/home/mkrueger/work/bbs/bbsarchives/Renegade-Utils/aadd121b.zip![19]:RENEGADE	71d056256e41d4ff70832abfe8c37d449ef45f0265bd1d05e0393a339b37cb4a	bbs-archives-passed-banner	ReportOnly	cp437-inferred	false
/home/mkrueger/work/bbs/bbsarchives/Renegade-Utils/aaddkey.zip![6]:RENEGADE	71d056256e41d4ff70832abfe8c37d449ef45f0265bd1d05e0393a339b37cb4a	bbs-archives-passed-banner	ReportOnly	cp437-inferred	false
/home/mkrueger/work/bbs/bbsarchives/Renegade-Utils/acd_2dap10.zip![3]:WORKSHOP.BBS	e4f856fee590a7a77e2c2b61790ba8855733b49935dcf2b4cf3c6f594ef7f6d7	clipper-workshop-filenet-nine-nodes	ReportOnly	cp437-inferred	true
/home/mkrueger/work/bbs/bbsarchives/Renegade-Utils/acd_2dap10.zip![4]:RENEGADE	71d056256e41d4ff70832abfe8c37d449ef45f0265bd1d05e0393a339b37cb4a	bbs-archives-passed-banner	ReportOnly	cp437-inferred	false
/home/mkrueger/work/bbs/bbsarchives/Renegade-Utils/acd_2dlb10.zip![4]:RENEGADE	71d056256e41d4ff70832abfe8c37d449ef45f0265bd1d05e0393a339b37cb4a	bbs-archives-passed-banner	ReportOnly	cp437-inferred	false
/home/mkrueger/work/bbs/bbsarchives/Renegade-Utils/acd_2dsm10.zip![6]:RENEGADE	71d056256e41d4ff70832abfe8c37d449ef45f0265bd1d05e0393a339b37cb4a	bbs-archives-passed-banner	ReportOnly	cp437-inferred	false
/home/mkrueger/work/bbs/bbsarchives/Renegade-Utils/actday15.zip![2]:RENEGADE	71d056256e41d4ff70832abfe8c37d449ef45f0265bd1d05e0393a339b37cb4a	bbs-archives-passed-banner	ReportOnly	cp437-inferred	false
/home/mkrueger/work/bbs/bbsarchives/Renegade-Utils/actions.zip![4]:RENEGADE	71d056256e41d4ff70832abfe8c37d449ef45f0265bd1d05e0393a339b37cb4a	bbs-archives-passed-banner	ReportOnly	cp437-inferred	false
/home/mkrueger/work/bbs/bbsarchives/Renegade-Utils/actionz.zip![5]:RENEGADE	71d056256e41d4ff70832abfe8c37d449ef45f0265bd1d05e0393a339b37cb4a	bbs-archives-passed-banner	ReportOnly	cp437-inferred	false
/home/mkrueger/work/bbs/bbsarchives/Renegade-Utils/activ100.zip![11]:RENEGADE	71d056256e41d4ff70832abfe8c37d449ef45f0265bd1d05e0393a339b37cb4a	bbs-archives-passed-banner	ReportOnly	cp437-inferred	false
/home/mkrueger/work/bbs/bbsarchives/Renegade-Utils/afile11.zip![5]:RENEGADE	71d056256e41d4ff70832abfe8c37d449ef45f0265bd1d05e0393a339b37cb4a	bbs-archives-passed-banner	ReportOnly	cp437-inferred	false
/home/mkrueger/work/bbs/bbsarchives/Renegade-Utils/agesv10.zip![4]:RENEGADE	71d056256e41d4ff70832abfe8c37d449ef45f0265bd1d05e0393a339b37cb4a	bbs-archives-passed-banner	ReportOnly	cp437-inferred	false
/home/mkrueger/work/bbs/bbsarchives/Renegade-Utils/ahh4ren.zip![7]:RENEGADE	71d056256e41d4ff70832abfe8c37d449ef45f0265bd1d05e0393a339b37cb4a	bbs-archives-passed-banner	ReportOnly	cp437-inferred	false
/home/mkrueger/work/bbs/bbsarchives/Renegade-Utils/al2rg120.zip![10]:RENEGADE	71d056256e41d4ff70832abfe8c37d449ef45f0265bd1d05e0393a339b37cb4a	bbs-archives-passed-banner	ReportOnly	cp437-inferred	false
/home/mkrueger/work/bbs/bbsarchives/Renegade-Utils/amp_2drg15.zip![8]:RENEGADE	71d056256e41d4ff70832abfe8c37d449ef45f0265bd1d05e0393a339b37cb4a	bbs-archives-passed-banner	ReportOnly	cp437-inferred	false
/home/mkrueger/work/bbs/bbsarchives/Renegade-Utils/ans2asc1.zip![7]:RENEGADE	71d056256e41d4ff70832abfe8c37d449ef45f0265bd1d05e0393a339b37cb4a	bbs-archives-passed-banner	ReportOnly	cp437-inferred	false
/home/mkrueger/work/bbs/bbsarchives/Renegade-Utils/aprompt.zip![6]:RENEGADE	71d056256e41d4ff70832abfe8c37d449ef45f0265bd1d05e0393a339b37cb4a	bbs-archives-passed-banner	ReportOnly	cp437-inferred	false
/home/mkrueger/work/bbs/bbsarchives/Renegade-Utils/at_2dmenu.zip![15]:RENEGADE	71d056256e41d4ff70832abfe8c37d449ef45f0265bd1d05e0393a339b37cb4a	bbs-archives-passed-banner	ReportOnly	cp437-inferred	false
/home/mkrueger/work/bbs/bbsarchives/Renegade-Utils/aufile10.zip![6]:RENEGADE	71d056256e41d4ff70832abfe8c37d449ef45f0265bd1d05e0393a339b37cb4a	bbs-archives-passed-banner	ReportOnly	cp437-inferred	false
/home/mkrueger/work/bbs/bbsarchives/Renegade-Utils/auto11.zip![5]:RENEGADE	71d056256e41d4ff70832abfe8c37d449ef45f0265bd1d05e0393a339b37cb4a	bbs-archives-passed-banner	ReportOnly	cp437-inferred	false
/home/mkrueger/work/bbs/bbsarchives/Renegade-Utils/autofp.zip![2]:RENEGADE	71d056256e41d4ff70832abfe8c37d449ef45f0265bd1d05e0393a339b37cb4a	bbs-archives-passed-banner	ReportOnly	cp437-inferred	false
/home/mkrueger/work/bbs/bbsarchives/Renegade-Utils/autologn.zip![6]:RENEGADE	71d056256e41d4ff70832abfe8c37d449ef45f0265bd1d05e0393a339b37cb4a	bbs-archives-passed-banner	ReportOnly	cp437-inferred	false
/home/mkrueger/work/bbs/bbsarchives/Renegade-Utils/autopost.zip![5]:RENEGADE	71d056256e41d4ff70832abfe8c37d449ef45f0265bd1d05e0393a339b37cb4a	bbs-archives-passed-banner	ReportOnly	cp437-inferred	false
/home/mkrueger/work/bbs/bbsarchives/Renegade-Utils/autosg15.zip![10]:RENEGADE	71d056256e41d4ff70832abfe8c37d449ef45f0265bd1d05e0393a339b37cb4a	bbs-archives-passed-banner	ReportOnly	cp437-inferred	false
/home/mkrueger/work/bbs/bbsarchives/Renegade-Utils/avcr121.zip![7]:RENEGADE	71d056256e41d4ff70832abfe8c37d449ef45f0265bd1d05e0393a339b37cb4a	bbs-archives-passed-banner	ReportOnly	cp437-inferred	false
/home/mkrueger/work/bbs/bbsarchives/Renegade-Utils/avguser.zip![3]:RENEGADE	71d056256e41d4ff70832abfe8c37d449ef45f0265bd1d05e0393a339b37cb4a	bbs-archives-passed-banner	ReportOnly	cp437-inferred	false
/home/mkrueger/work/bbs/bbsarchives/Renegade-Utils/bbsin180.zip![7]:RENEGADE	71d056256e41d4ff70832abfe8c37d449ef45f0265bd1d05e0393a339b37cb4a	bbs-archives-passed-banner	ReportOnly	cp437-inferred	false
/home/mkrueger/work/bbs/bbsarchives/Renegade-Utils/bbsinf16.zip![4]:RENEGADE	71d056256e41d4ff70832abfe8c37d449ef45f0265bd1d05e0393a339b37cb4a	bbs-archives-passed-banner	ReportOnly	cp437-inferred	false
/home/mkrueger/work/bbs/bbsarchives/Renegade-Utils/bbssort.zip![6]:RENEGADE	71d056256e41d4ff70832abfe8c37d449ef45f0265bd1d05e0393a339b37cb4a	bbs-archives-passed-banner	ReportOnly	cp437-inferred	false
/home/mkrueger/work/bbs/bbsarchives/Renegade-Utils/bday20.zip![6]:RENEGADE	71d056256e41d4ff70832abfe8c37d449ef45f0265bd1d05e0393a339b37cb4a	bbs-archives-passed-banner	ReportOnly	cp437-inferred	false
/home/mkrueger/work/bbs/bbsarchives/Renegade-Utils/birth101.zip![6]:RENEGADE	71d056256e41d4ff70832abfe8c37d449ef45f0265bd1d05e0393a339b37cb4a	bbs-archives-passed-banner	ReportOnly	cp437-inferred	false
/home/mkrueger/work/bbs/bbsarchives/Renegade-Utils/c_rglast.zip![7]:RENEGADE	71d056256e41d4ff70832abfe8c37d449ef45f0265bd1d05e0393a339b37cb4a	bbs-archives-passed-banner	ReportOnly	cp437-inferred	false
/home/mkrueger/work/bbs/bbsarchives/Renegade-Utils/c_str405.zip![2]:RENEGADE	71d056256e41d4ff70832abfe8c37d449ef45f0265bd1d05e0393a339b37cb4a	bbs-archives-passed-banner	ReportOnly	cp437-inferred	false
/home/mkrueger/work/bbs/bbsarchives/Renegade-Utils/ca_2drgm5.zip![21]:RENEGADE	71d056256e41d4ff70832abfe8c37d449ef45f0265bd1d05e0393a339b37cb4a	bbs-archives-passed-banner	ReportOnly	cp437-inferred	false
/home/mkrueger/work/bbs/bbsarchives/Renegade-Utils/cblock10.zip![3]:RENEGADE	71d056256e41d4ff70832abfe8c37d449ef45f0265bd1d05e0393a339b37cb4a	bbs-archives-passed-banner	ReportOnly	cp437-inferred	false
/home/mkrueger/work/bbs/bbsarchives/Renegade-Utils/cbvr097u.zip![30]:RENEGADE	71d056256e41d4ff70832abfe8c37d449ef45f0265bd1d05e0393a339b37cb4a	bbs-archives-passed-banner	ReportOnly	cp437-inferred	false
/home/mkrueger/work/bbs/bbsarchives/Renegade-Utils/cd2rg11.zip![8]:RENEGADE	71d056256e41d4ff70832abfe8c37d449ef45f0265bd1d05e0393a339b37cb4a	bbs-archives-passed-banner	ReportOnly	cp437-inferred	false
/home/mkrueger/work/bbs/bbsarchives/Renegade-Utils/cdban12.zip![13]:RENEGADE	71d056256e41d4ff70832abfe8c37d449ef45f0265bd1d05e0393a339b37cb4a	bbs-archives-passed-banner	ReportOnly	cp437-inferred	false
/home/mkrueger/work/bbs/bbsarchives/Renegade-Utils/cdupld13.zip![5]:RENEGADE	71d056256e41d4ff70832abfe8c37d449ef45f0265bd1d05e0393a339b37cb4a	bbs-archives-passed-banner	ReportOnly	cp437-inferred	false
/home/mkrueger/work/bbs/bbsarchives/Renegade-Utils/censor.zip![9]:RENEGADE	71d056256e41d4ff70832abfe8c37d449ef45f0265bd1d05e0393a339b37cb4a	bbs-archives-passed-banner	ReportOnly	cp437-inferred	false
/home/mkrueger/work/bbs/bbsarchives/Renegade-Utils/cg9308.zip![10]:RENEGADE	71d056256e41d4ff70832abfe8c37d449ef45f0265bd1d05e0393a339b37cb4a	bbs-archives-passed-banner	ReportOnly	cp437-inferred	false
/home/mkrueger/work/bbs/bbsarchives/Renegade-Utils/chat0103.zip![7]:RENEGADE	71d056256e41d4ff70832abfe8c37d449ef45f0265bd1d05e0393a339b37cb4a	bbs-archives-passed-banner	ReportOnly	cp437-inferred	false
/home/mkrueger/work/bbs/bbsarchives/Renegade-Utils/choosmnu.zip![29]:RENEGADE	71d056256e41d4ff70832abfe8c37d449ef45f0265bd1d05e0393a339b37cb4a	bbs-archives-passed-banner	ReportOnly	cp437-inferred	false
/home/mkrueger/work/bbs/bbsarchives/Renegade-Utils/chptlk10.zip![11]:RENEGADE	71d056256e41d4ff70832abfe8c37d449ef45f0265bd1d05e0393a339b37cb4a	bbs-archives-passed-banner	ReportOnly	cp437-inferred	false
/home/mkrueger/work/bbs/bbsarchives/Renegade-Utils/cid10bta.zip![5]:RENEGADE	71d056256e41d4ff70832abfe8c37d449ef45f0265bd1d05e0393a339b37cb4a	bbs-archives-passed-banner	ReportOnly	cp437-inferred	false
/home/mkrueger/work/bbs/bbsarchives/Renegade-Utils/classadd.zip![11]:RENEGADE	71d056256e41d4ff70832abfe8c37d449ef45f0265bd1d05e0393a339b37cb4a	bbs-archives-passed-banner	ReportOnly	cp437-inferred	false
/home/mkrueger/work/bbs/bbsarchives/Renegade-Utils/clog106.zip![20]:RENEGADE	71d056256e41d4ff70832abfe8c37d449ef45f0265bd1d05e0393a339b37cb4a	bbs-archives-passed-banner	ReportOnly	cp437-inferred	false
/home/mkrueger/work/bbs/bbsarchives/Renegade-Utils/clrfix.zip![2]:RENEGADE	71d056256e41d4ff70832abfe8c37d449ef45f0265bd1d05e0393a339b37cb4a	bbs-archives-passed-banner	ReportOnly	cp437-inferred	false
/home/mkrueger/work/bbs/bbsarchives/Renegade-Utils/cmt61094.zip![9]:RENEGADE	71d056256e41d4ff70832abfe8c37d449ef45f0265bd1d05e0393a339b37cb4a	bbs-archives-passed-banner	ReportOnly	cp437-inferred	false
/home/mkrueger/work/bbs/bbsarchives/Renegade-Utils/colorcod.zip![2]:RENEGADE	71d056256e41d4ff70832abfe8c37d449ef45f0265bd1d05e0393a339b37cb4a	bbs-archives-passed-banner	ReportOnly	cp437-inferred	false
/home/mkrueger/work/bbs/bbsarchives/Renegade-Utils/cps21.zip![7]:RENEGADE	71d056256e41d4ff70832abfe8c37d449ef45f0265bd1d05e0393a339b37cb4a	bbs-archives-passed-banner	ReportOnly	cp437-inferred	false
/home/mkrueger/work/bbs/bbsarchives/Renegade-Utils/cpslog14.zip![4]:RENEGADE	71d056256e41d4ff70832abfe8c37d449ef45f0265bd1d05e0393a339b37cb4a	bbs-archives-passed-banner	ReportOnly	cp437-inferred	false
/home/mkrueger/work/bbs/bbsarchives/Renegade-Utils/creatags.zip![5]:RENEGADE	71d056256e41d4ff70832abfe8c37d449ef45f0265bd1d05e0393a339b37cb4a	bbs-archives-passed-banner	ReportOnly	cp437-inferred	false
/home/mkrueger/work/bbs/bbsarchives/Renegade-Utils/crfix30.zip![6]:RENEGADE	71d056256e41d4ff70832abfe8c37d449ef45f0265bd1d05e0393a339b37cb4a	bbs-archives-passed-banner	ReportOnly	cp437-inferred	false
/home/mkrueger/work/bbs/bbsarchives/Renegade-Utils/cutusr10.zip![5]:RENEGADE	71d056256e41d4ff70832abfe8c37d449ef45f0265bd1d05e0393a339b37cb4a	bbs-archives-passed-banner	ReportOnly	cp437-inferred	false
/home/mkrueger/work/bbs/bbsarchives/Renegade-Utils/cvote201.zip![16]:RENEGADE	71d056256e41d4ff70832abfe8c37d449ef45f0265bd1d05e0393a339b37cb4a	bbs-archives-passed-banner	ReportOnly	cp437-inferred	false
/home/mkrueger/work/bbs/bbsarchives/Renegade-Utils/danews14.zip![8]:RENEGADE	71d056256e41d4ff70832abfe8c37d449ef45f0265bd1d05e0393a339b37cb4a	bbs-archives-passed-banner	ReportOnly	cp437-inferred	false
/home/mkrueger/work/bbs/bbsarchives/Renegade-Utils/days.zip![3]:RENEGADE	71d056256e41d4ff70832abfe8c37d449ef45f0265bd1d05e0393a339b37cb4a	bbs-archives-passed-banner	ReportOnly	cp437-inferred	false
/home/mkrueger/work/bbs/bbsarchives/Renegade-Utils/delu13.zip![5]:RENEGADE	71d056256e41d4ff70832abfe8c37d449ef45f0265bd1d05e0393a339b37cb4a	bbs-archives-passed-banner	ReportOnly	cp437-inferred	false
/home/mkrueger/work/bbs/bbsarchives/Renegade-Utils/diz_up22.zip![6]:RENEGADE	71d056256e41d4ff70832abfe8c37d449ef45f0265bd1d05e0393a339b37cb4a	bbs-archives-passed-banner	ReportOnly	cp437-inferred	false
/home/mkrueger/work/bbs/bbsarchives/Renegade-Utils/dizem11b.zip![6]:RENEGADE	71d056256e41d4ff70832abfe8c37d449ef45f0265bd1d05e0393a339b37cb4a	bbs-archives-passed-banner	ReportOnly	cp437-inferred	false
/home/mkrueger/work/bbs/bbsarchives/Renegade-Utils/dizzy160.zip![4]:RENEGADE	71d056256e41d4ff70832abfe8c37d449ef45f0265bd1d05e0393a339b37cb4a	bbs-archives-passed-banner	ReportOnly	cp437-inferred	false
/home/mkrueger/work/bbs/bbsarchives/Renegade-Utils/dlbfs1_0.zip![5]:RENEGADE	71d056256e41d4ff70832abfe8c37d449ef45f0265bd1d05e0393a339b37cb4a	bbs-archives-passed-banner	ReportOnly	cp437-inferred	false
/home/mkrueger/work/bbs/bbsarchives/Renegade-Utils/dlog12.zip![4]:RENEGADE	71d056256e41d4ff70832abfe8c37d449ef45f0265bd1d05e0393a339b37cb4a	bbs-archives-passed-banner	ReportOnly	cp437-inferred	false
/home/mkrueger/work/bbs/bbsarchives/Renegade-Utils/dlswp10.zip![2]:RENEGADE	71d056256e41d4ff70832abfe8c37d449ef45f0265bd1d05e0393a339b37cb4a	bbs-archives-passed-banner	ReportOnly	cp437-inferred	false
/home/mkrueger/work/bbs/bbsarchives/Renegade-Utils/dm_2dactns.zip![5]:RENEGADE	71d056256e41d4ff70832abfe8c37d449ef45f0265bd1d05e0393a339b37cb4a	bbs-archives-passed-banner	ReportOnly	cp437-inferred	false
/home/mkrueger/work/bbs/bbsarchives/Renegade-Utils/dm_2dmtrx.zip![6]:RENEGADE	71d056256e41d4ff70832abfe8c37d449ef45f0265bd1d05e0393a339b37cb4a	bbs-archives-passed-banner	ReportOnly	cp437-inferred	false
/home/mkrueger/work/bbs/bbsarchives/Renegade-Utils/dm_2drgcst.zip![9]:RENEGADE	71d056256e41d4ff70832abfe8c37d449ef45f0265bd1d05e0393a339b37cb4a	bbs-archives-passed-banner	ReportOnly	cp437-inferred	false
/home/mkrueger/work/bbs/bbsarchives/Renegade-Utils/dm_2drgtc.zip![5]:RENEGADE	71d056256e41d4ff70832abfe8c37d449ef45f0265bd1d05e0393a339b37cb4a	bbs-archives-passed-banner	ReportOnly	cp437-inferred	false
/home/mkrueger/work/bbs/bbsarchives/Renegade-Utils/dm_2dtop10.zip![8]:RENEGADE	71d056256e41d4ff70832abfe8c37d449ef45f0265bd1d05e0393a339b37cb4a	bbs-archives-passed-banner	ReportOnly	cp437-inferred	false
/home/mkrueger/work/bbs/bbsarchives/Renegade-Utils/dn_2drgp10.zip![5]:RENEGADE	71d056256e41d4ff70832abfe8c37d449ef45f0265bd1d05e0393a339b37cb4a	bbs-archives-passed-banner	ReportOnly	cp437-inferred	false
/home/mkrueger/work/bbs/bbsarchives/Renegade-Utils/dt30.zip![6]:RENEGADE	71d056256e41d4ff70832abfe8c37d449ef45f0265bd1d05e0393a339b37cb4a	bbs-archives-passed-banner	ReportOnly	cp437-inferred	false
/home/mkrueger/work/bbs/bbsarchives/Renegade-Utils/dupechk1.zip![4]:RENEGADE	71d056256e41d4ff70832abfe8c37d449ef45f0265bd1d05e0393a339b37cb4a	bbs-archives-passed-banner	ReportOnly	cp437-inferred	false
/home/mkrueger/work/bbs/bbsarchives/Renegade-Utils/dwlist12.zip![6]:RENEGADE	71d056256e41d4ff70832abfe8c37d449ef45f0265bd1d05e0393a339b37cb4a	bbs-archives-passed-banner	ReportOnly	cp437-inferred	false
/home/mkrueger/work/bbs/bbsarchives/Renegade-Utils/dzview10.zip![7]:RENEGADE	71d056256e41d4ff70832abfe8c37d449ef45f0265bd1d05e0393a339b37cb4a	bbs-archives-passed-banner	ReportOnly	cp437-inferred	false
/home/mkrueger/work/bbs/bbsarchives/Renegade-Utils/f2rg30.zip![2]:RENEGADE	71d056256e41d4ff70832abfe8c37d449ef45f0265bd1d05e0393a339b37cb4a	bbs-archives-passed-banner	ReportOnly	cp437-inferred	false
/home/mkrueger/work/bbs/bbsarchives/Renegade-Utils/f2rg80b.zip![3]:RENEGADE	71d056256e41d4ff70832abfe8c37d449ef45f0265bd1d05e0393a339b37cb4a	bbs-archives-passed-banner	ReportOnly	cp437-inferred	false
/home/mkrueger/work/bbs/bbsarchives/Renegade-Utils/f3_ren12.zip![7]:RENEGADE	71d056256e41d4ff70832abfe8c37d449ef45f0265bd1d05e0393a339b37cb4a	bbs-archives-passed-banner	ReportOnly	cp437-inferred	false
/home/mkrueger/work/bbs/bbsarchives/Renegade-Utils/fbases10.zip![7]:RENEGADE	71d056256e41d4ff70832abfe8c37d449ef45f0265bd1d05e0393a339b37cb4a	bbs-archives-passed-banner	ReportOnly	cp437-inferred	false
/home/mkrueger/work/bbs/bbsarchives/Renegade-Utils/fc4msg03.zip![5]:RENEGADE	71d056256e41d4ff70832abfe8c37d449ef45f0265bd1d05e0393a339b37cb4a	bbs-archives-passed-banner	ReportOnly	cp437-inferred	false
/home/mkrueger/work/bbs/bbsarchives/Renegade-Utils/fd52dos.zip![25]:RENEGADE	71d056256e41d4ff70832abfe8c37d449ef45f0265bd1d05e0393a339b37cb4a	bbs-archives-passed-banner	ReportOnly	cp437-inferred	false
/home/mkrueger/work/bbs/bbsarchives/Renegade-Utils/fd52os2.zip![25]:RENEGADE	71d056256e41d4ff70832abfe8c37d449ef45f0265bd1d05e0393a339b37cb4a	bbs-archives-passed-banner	ReportOnly	cp437-inferred	false
/home/mkrueger/work/bbs/bbsarchives/Renegade-Utils/fdc_150.zip![5]:RENEGADE	71d056256e41d4ff70832abfe8c37d449ef45f0265bd1d05e0393a339b37cb4a	bbs-archives-passed-banner	ReportOnly	cp437-inferred	false
/home/mkrueger/work/bbs/bbsarchives/Renegade-Utils/fdhelp5.zip![16]:RENEGADE	71d056256e41d4ff70832abfe8c37d449ef45f0265bd1d05e0393a339b37cb4a	bbs-archives-passed-banner	ReportOnly	cp437-inferred	false
/home/mkrueger/work/bbs/bbsarchives/Renegade-Utils/fdude50.zip![24]:RENEGADE	71d056256e41d4ff70832abfe8c37d449ef45f0265bd1d05e0393a339b37cb4a	bbs-archives-passed-banner	ReportOnly	cp437-inferred	false
/home/mkrueger/work/bbs/bbsarchives/Renegade-Utils/fflist.zip![6]:RENEGADE	71d056256e41d4ff70832abfe8c37d449ef45f0265bd1d05e0393a339b37cb4a	bbs-archives-passed-banner	ReportOnly	cp437-inferred	false
/home/mkrueger/work/bbs/bbsarchives/Renegade-Utils/fileed16.zip![7]:RENEGADE	71d056256e41d4ff70832abfe8c37d449ef45f0265bd1d05e0393a339b37cb4a	bbs-archives-passed-banner	ReportOnly	cp437-inferred	false
/home/mkrueger/work/bbs/bbsarchives/Renegade-Utils/filefx15.zip![3]:RENEGADE	71d056256e41d4ff70832abfe8c37d449ef45f0265bd1d05e0393a339b37cb4a	bbs-archives-passed-banner	ReportOnly	cp437-inferred	false
/home/mkrueger/work/bbs/bbsarchives/Renegade-Utils/filein56.zip![12]:RENEGADE	71d056256e41d4ff70832abfe8c37d449ef45f0265bd1d05e0393a339b37cb4a	bbs-archives-passed-banner	ReportOnly	cp437-inferred	false
/home/mkrueger/work/bbs/bbsarchives/Renegade-Utils/filelist.zip![3]:RENEGADE	71d056256e41d4ff70832abfe8c37d449ef45f0265bd1d05e0393a339b37cb4a	bbs-archives-passed-banner	ReportOnly	cp437-inferred	false
/home/mkrueger/work/bbs/bbsarchives/Renegade-Utils/filelog1.zip![3]:RENEGADE	71d056256e41d4ff70832abfe8c37d449ef45f0265bd1d05e0393a339b37cb4a	bbs-archives-passed-banner	ReportOnly	cp437-inferred	false
/home/mkrueger/work/bbs/bbsarchives/Renegade-Utils/finger10.zip![3]:RENEGADE	71d056256e41d4ff70832abfe8c37d449ef45f0265bd1d05e0393a339b37cb4a	bbs-archives-passed-banner	ReportOnly	cp437-inferred	false
/home/mkrueger/work/bbs/bbsarchives/Renegade-Utils/fixfile3.zip![3]:RENEGADE	71d056256e41d4ff70832abfe8c37d449ef45f0265bd1d05e0393a339b37cb4a	bbs-archives-passed-banner	ReportOnly	cp437-inferred	false
/home/mkrueger/work/bbs/bbsarchives/Renegade-Utils/fjchat20.zip![10]:RENEGADE	71d056256e41d4ff70832abfe8c37d449ef45f0265bd1d05e0393a339b37cb4a	bbs-archives-passed-banner	ReportOnly	cp437-inferred	false
/home/mkrueger/work/bbs/bbsarchives/Renegade-Utils/flmake45.zip![9]:RENEGADE	71d056256e41d4ff70832abfe8c37d449ef45f0265bd1d05e0393a339b37cb4a	bbs-archives-passed-banner	ReportOnly	cp437-inferred	false
/home/mkrueger/work/bbs/bbsarchives/Renegade-Utils/fman12.zip![4]:RENEGADE	71d056256e41d4ff70832abfe8c37d449ef45f0265bd1d05e0393a339b37cb4a	bbs-archives-passed-banner	ReportOnly	cp437-inferred	false
/home/mkrueger/work/bbs/bbsarchives/Renegade-Utils/frfix23.zip![4]:RENEGADE	71d056256e41d4ff70832abfe8c37d449ef45f0265bd1d05e0393a339b37cb4a	bbs-archives-passed-banner	ReportOnly	cp437-inferred	false
/home/mkrueger/work/bbs/bbsarchives/Renegade-Utils/frfix25.zip![4]:RENEGADE	71d056256e41d4ff70832abfe8c37d449ef45f0265bd1d05e0393a339b37cb4a	bbs-archives-passed-banner	ReportOnly	cp437-inferred	false
/home/mkrueger/work/bbs/bbsarchives/Renegade-Utils/fshelp.zip![2]:RENEGADE	71d056256e41d4ff70832abfe8c37d449ef45f0265bd1d05e0393a339b37cb4a	bbs-archives-passed-banner	ReportOnly	cp437-inferred	false
/home/mkrueger/work/bbs/bbsarchives/Renegade-Utils/fsumv100.zip![4]:RENEGADE	71d056256e41d4ff70832abfe8c37d449ef45f0265bd1d05e0393a339b37cb4a	bbs-archives-passed-banner	ReportOnly	cp437-inferred	false
/home/mkrueger/work/bbs/bbsarchives/Renegade-Utils/ftop5v1.zip![4]:RENEGADE	71d056256e41d4ff70832abfe8c37d449ef45f0265bd1d05e0393a339b37cb4a	bbs-archives-passed-banner	ReportOnly	cp437-inferred	false
/home/mkrueger/work/bbs/bbsarchives/Renegade-Utils/fvote10.zip![4]:RENEGADE	71d056256e41d4ff70832abfe8c37d449ef45f0265bd1d05e0393a339b37cb4a	bbs-archives-passed-banner	ReportOnly	cp437-inferred	false
/home/mkrueger/work/bbs/bbsarchives/Renegade-Utils/getln14.zip![5]:RENEGADE	71d056256e41d4ff70832abfe8c37d449ef45f0265bd1d05e0393a339b37cb4a	bbs-archives-passed-banner	ReportOnly	cp437-inferred	false
/home/mkrueger/work/bbs/bbsarchives/Renegade-Utils/gspec155.zip![4]:RENEGADE	71d056256e41d4ff70832abfe8c37d449ef45f0265bd1d05e0393a339b37cb4a	bbs-archives-passed-banner	ReportOnly	cp437-inferred	false
/home/mkrueger/work/bbs/bbsarchives/Renegade-Utils/guserv10.zip![6]:RENEGADE	71d056256e41d4ff70832abfe8c37d449ef45f0265bd1d05e0393a339b37cb4a	bbs-archives-passed-banner	ReportOnly	cp437-inferred	false
/home/mkrueger/work/bbs/bbsarchives/Renegade-Utils/hang40.zip![6]:RENEGADE	71d056256e41d4ff70832abfe8c37d449ef45f0265bd1d05e0393a339b37cb4a	bbs-archives-passed-banner	ReportOnly	cp437-inferred	false
/home/mkrueger/work/bbs/bbsarchives/Renegade-Utils/hangup2.zip![7]:RENEGADE	71d056256e41d4ff70832abfe8c37d449ef45f0265bd1d05e0393a339b37cb4a	bbs-archives-passed-banner	ReportOnly	cp437-inferred	false
/home/mkrueger/work/bbs/bbsarchives/Renegade-Utils/help_rg.zip![17]:RENEGADE	71d056256e41d4ff70832abfe8c37d449ef45f0265bd1d05e0393a339b37cb4a	bbs-archives-passed-banner	ReportOnly	cp437-inferred	false
/home/mkrueger/work/bbs/bbsarchives/Renegade-Utils/hiscor10.zip![3]:RENEGADE	71d056256e41d4ff70832abfe8c37d449ef45f0265bd1d05e0393a339b37cb4a	bbs-archives-passed-banner	ReportOnly	cp437-inferred	false
/home/mkrueger/work/bbs/bbsarchives/Renegade-Utils/hisgr104.zip![6]:RENEGADE	71d056256e41d4ff70832abfe8c37d449ef45f0265bd1d05e0393a339b37cb4a	bbs-archives-passed-banner	ReportOnly	cp437-inferred	false
/home/mkrueger/work/bbs/bbsarchives/Renegade-Utils/hist115.zip![3]:RENEGADE	71d056256e41d4ff70832abfe8c37d449ef45f0265bd1d05e0393a339b37cb4a	bbs-archives-passed-banner	ReportOnly	cp437-inferred	false
/home/mkrueger/work/bbs/bbsarchives/Renegade-Utils/huntrip.zip![3]:RENEGADE	71d056256e41d4ff70832abfe8c37d449ef45f0265bd1d05e0393a339b37cb4a	bbs-archives-passed-banner	ReportOnly	cp437-inferred	false
/home/mkrueger/work/bbs/bbsarchives/Renegade-Utils/infofm21.zip![12]:RENEGADE	71d056256e41d4ff70832abfe8c37d449ef45f0265bd1d05e0393a339b37cb4a	bbs-archives-passed-banner	ReportOnly	cp437-inferred	false
/home/mkrueger/work/bbs/bbsarchives/Renegade-Utils/infoform.zip![13]:RENEGADE	71d056256e41d4ff70832abfe8c37d449ef45f0265bd1d05e0393a339b37cb4a	bbs-archives-passed-banner	ReportOnly	cp437-inferred	false
/home/mkrueger/work/bbs/bbsarchives/Renegade-Utils/infomake.zip![9]:RENEGADE	71d056256e41d4ff70832abfe8c37d449ef45f0265bd1d05e0393a339b37cb4a	bbs-archives-passed-banner	ReportOnly	cp437-inferred	false
/home/mkrueger/work/bbs/bbsarchives/Renegade-Utils/junk110.zip![46]:RENEGADE	71d056256e41d4ff70832abfe8c37d449ef45f0265bd1d05e0393a339b37cb4a	bbs-archives-passed-banner	ReportOnly	cp437-inferred	false
/home/mkrueger/work/bbs/bbsarchives/Renegade-Utils/kc02.zip![2]:RENEGADE	71d056256e41d4ff70832abfe8c37d449ef45f0265bd1d05e0393a339b37cb4a	bbs-archives-passed-banner	ReportOnly	cp437-inferred	false
/home/mkrueger/work/bbs/bbsarchives/Renegade-Utils/klt_2dspn4.zip![11]:RENEGADE	71d056256e41d4ff70832abfe8c37d449ef45f0265bd1d05e0393a339b37cb4a	bbs-archives-passed-banner	ReportOnly	cp437-inferred	false
/home/mkrueger/work/bbs/bbsarchives/Renegade-Utils/lastc51.zip![5]:RENEGADE	71d056256e41d4ff70832abfe8c37d449ef45f0265bd1d05e0393a339b37cb4a	bbs-archives-passed-banner	ReportOnly	cp437-inferred	false
/home/mkrueger/work/bbs/bbsarchives/Renegade-Utils/lastcall.zip![2]:RENEGADE	71d056256e41d4ff70832abfe8c37d449ef45f0265bd1d05e0393a339b37cb4a	bbs-archives-passed-banner	ReportOnly	cp437-inferred	false
/home/mkrueger/work/bbs/bbsarchives/Renegade-Utils/laston20.zip![4]:RENEGADE	71d056256e41d4ff70832abfe8c37d449ef45f0265bd1d05e0393a339b37cb4a	bbs-archives-passed-banner	ReportOnly	cp437-inferred	false
/home/mkrueger/work/bbs/bbsarchives/Renegade-Utils/laston31.zip![7]:RENEGADE	71d056256e41d4ff70832abfe8c37d449ef45f0265bd1d05e0393a339b37cb4a	bbs-archives-passed-banner	ReportOnly	cp437-inferred	false
/home/mkrueger/work/bbs/bbsarchives/Renegade-Utils/lcall13.zip![6]:RENEGADE	71d056256e41d4ff70832abfe8c37d449ef45f0265bd1d05e0393a339b37cb4a	bbs-archives-passed-banner	ReportOnly	cp437-inferred	false
/home/mkrueger/work/bbs/bbsarchives/Renegade-Utils/lcall21.zip![10]:RENEGADE	71d056256e41d4ff70832abfe8c37d449ef45f0265bd1d05e0393a339b37cb4a	bbs-archives-passed-banner	ReportOnly	cp437-inferred	false
/home/mkrueger/work/bbs/bbsarchives/Renegade-Utils/lcpro21a.zip![9]:RENEGADE	71d056256e41d4ff70832abfe8c37d449ef45f0265bd1d05e0393a339b37cb4a	bbs-archives-passed-banner	ReportOnly	cp437-inferred	false
/home/mkrueger/work/bbs/bbsarchives/Renegade-Utils/lcpv110.zip![4]:RENEGADE	71d056256e41d4ff70832abfe8c37d449ef45f0265bd1d05e0393a339b37cb4a	bbs-archives-passed-banner	ReportOnly	cp437-inferred	false
/home/mkrueger/work/bbs/bbsarchives/Renegade-Utils/lgstrp1.zip![5]:RENEGADE	71d056256e41d4ff70832abfe8c37d449ef45f0265bd1d05e0393a339b37cb4a	bbs-archives-passed-banner	ReportOnly	cp437-inferred	false
/home/mkrueger/work/bbs/bbsarchives/Renegade-Utils/lightbar.zip![9]:RENEGADE	71d056256e41d4ff70832abfe8c37d449ef45f0265bd1d05e0393a339b37cb4a	bbs-archives-passed-banner	ReportOnly	cp437-inferred	false
/home/mkrueger/work/bbs/bbsarchives/Renegade-Utils/logfix.zip![3]:RENEGADE	71d056256e41d4ff70832abfe8c37d449ef45f0265bd1d05e0393a339b37cb4a	bbs-archives-passed-banner	ReportOnly	cp437-inferred	false
/home/mkrueger/work/bbs/bbsarchives/Renegade-Utils/lstusr11.zip![4]:RENEGADE	71d056256e41d4ff70832abfe8c37d449ef45f0265bd1d05e0393a339b37cb4a	bbs-archives-passed-banner	ReportOnly	cp437-inferred	false
/home/mkrueger/work/bbs/bbsarchives/Renegade-Utils/luser30a.zip![5]:RENEGADE	71d056256e41d4ff70832abfe8c37d449ef45f0265bd1d05e0393a339b37cb4a	bbs-archives-passed-banner	ReportOnly	cp437-inferred	false
/home/mkrueger/work/bbs/bbsarchives/Renegade-Utils/m2r_2d100.zip![4]:RENEGADE	71d056256e41d4ff70832abfe8c37d449ef45f0265bd1d05e0393a339b37cb4a	bbs-archives-passed-banner	ReportOnly	cp437-inferred	false
/home/mkrueger/work/bbs/bbsarchives/Renegade-Utils/mailscan.zip![3]:RENEGADE	71d056256e41d4ff70832abfe8c37d449ef45f0265bd1d05e0393a339b37cb4a	bbs-archives-passed-banner	ReportOnly	cp437-inferred	false
/home/mkrueger/work/bbs/bbsarchives/Renegade-Utils/mcifix2.zip![3]:RENEGADE	71d056256e41d4ff70832abfe8c37d449ef45f0265bd1d05e0393a339b37cb4a	bbs-archives-passed-banner	ReportOnly	cp437-inferred	false
/home/mkrueger/work/bbs/bbsarchives/Renegade-Utils/mcihelp.zip![2]:RENEGADE	71d056256e41d4ff70832abfe8c37d449ef45f0265bd1d05e0393a339b37cb4a	bbs-archives-passed-banner	ReportOnly	cp437-inferred	false
/home/mkrueger/work/bbs/bbsarchives/Renegade-Utils/mcmd1225.zip![5]:RENEGADE	71d056256e41d4ff70832abfe8c37d449ef45f0265bd1d05e0393a339b37cb4a	bbs-archives-passed-banner	ReportOnly	cp437-inferred	false
/home/mkrueger/work/bbs/bbsarchives/Renegade-Utils/mcrg111.zip![6]:RENEGADE	71d056256e41d4ff70832abfe8c37d449ef45f0265bd1d05e0393a339b37cb4a	bbs-archives-passed-banner	ReportOnly	cp437-inferred	false
/home/mkrueger/work/bbs/bbsarchives/Renegade-Utils/md_2drgdos.zip![27]:RENEGADE	71d056256e41d4ff70832abfe8c37d449ef45f0265bd1d05e0393a339b37cb4a	bbs-archives-passed-banner	ReportOnly	cp437-inferred	false
/home/mkrueger/work/bbs/bbsarchives/Renegade-Utils/menuz03.zip![10]:RENEGADE	71d056256e41d4ff70832abfe8c37d449ef45f0265bd1d05e0393a339b37cb4a	bbs-archives-passed-banner	ReportOnly	cp437-inferred	false
/home/mkrueger/work/bbs/bbsarchives/Renegade-Utils/menuz300.zip![20]:RENEGADE	71d056256e41d4ff70832abfe8c37d449ef45f0265bd1d05e0393a339b37cb4a	bbs-archives-passed-banner	ReportOnly	cp437-inferred	false
/home/mkrueger/work/bbs/bbsarchives/Renegade-Utils/mflcz10b.zip![6]:RENEGADE	71d056256e41d4ff70832abfe8c37d449ef45f0265bd1d05e0393a339b37cb4a	bbs-archives-passed-banner	ReportOnly	cp437-inferred	false
/home/mkrueger/work/bbs/bbsarchives/Renegade-Utils/mflcz12b.zip![4]:RENEGADE	71d056256e41d4ff70832abfe8c37d449ef45f0265bd1d05e0393a339b37cb4a	bbs-archives-passed-banner	ReportOnly	cp437-inferred	false
/home/mkrueger/work/bbs/bbsarchives/Renegade-Utils/mkglo10.zip![3]:RENEGADE	71d056256e41d4ff70832abfe8c37d449ef45f0265bd1d05e0393a339b37cb4a	bbs-archives-passed-banner	ReportOnly	cp437-inferred	false
/home/mkrueger/work/bbs/bbsarchives/Renegade-Utils/mnuwrite.zip![2]:RENEGADE	71d056256e41d4ff70832abfe8c37d449ef45f0265bd1d05e0393a339b37cb4a	bbs-archives-passed-banner	ReportOnly	cp437-inferred	false
/home/mkrueger/work/bbs/bbsarchives/Renegade-Utils/mp_2d101.zip![11]:RENEGADE	71d056256e41d4ff70832abfe8c37d449ef45f0265bd1d05e0393a339b37cb4a	bbs-archives-passed-banner	ReportOnly	cp437-inferred	false
/home/mkrueger/work/bbs/bbsarchives/Renegade-Utils/mscan11.zip![5]:RENEGADE	71d056256e41d4ff70832abfe8c37d449ef45f0265bd1d05e0393a339b37cb4a	bbs-archives-passed-banner	ReportOnly	cp437-inferred	false
/home/mkrueger/work/bbs/bbsarchives/Renegade-Utils/msgchk20.zip![7]:RENEGADE	71d056256e41d4ff70832abfe8c37d449ef45f0265bd1d05e0393a339b37cb4a	bbs-archives-passed-banner	ReportOnly	cp437-inferred	false
/home/mkrueger/work/bbs/bbsarchives/Renegade-Utils/msrg10.zip![5]:RENEGADE	71d056256e41d4ff70832abfe8c37d449ef45f0265bd1d05e0393a339b37cb4a	bbs-archives-passed-banner	ReportOnly	cp437-inferred	false
/home/mkrueger/work/bbs/bbsarchives/Renegade-Utils/mtx_2d10.zip![4]:RENEGADE	71d056256e41d4ff70832abfe8c37d449ef45f0265bd1d05e0393a339b37cb4a	bbs-archives-passed-banner	ReportOnly	cp437-inferred	false
/home/mkrueger/work/bbs/bbsarchives/Renegade-Utils/mtype.zip![5]:RENEGADE	71d056256e41d4ff70832abfe8c37d449ef45f0265bd1d05e0393a339b37cb4a	bbs-archives-passed-banner	ReportOnly	cp437-inferred	false
/home/mkrueger/work/bbs/bbsarchives/Renegade-Utils/mutl100.zip![7]:RENEGADE	71d056256e41d4ff70832abfe8c37d449ef45f0265bd1d05e0393a339b37cb4a	bbs-archives-passed-banner	ReportOnly	cp437-inferred	false
/home/mkrueger/work/bbs/bbsarchives/Renegade-Utils/mutl200.zip![11]:RENEGADE	71d056256e41d4ff70832abfe8c37d449ef45f0265bd1d05e0393a339b37cb4a	bbs-archives-passed-banner	ReportOnly	cp437-inferred	false
/home/mkrueger/work/bbs/bbsarchives/Renegade-Utils/naplps_.zip![10]:RENEGADE	71d056256e41d4ff70832abfe8c37d449ef45f0265bd1d05e0393a339b37cb4a	bbs-archives-passed-banner	ReportOnly	cp437-inferred	false
/home/mkrueger/work/bbs/bbsarchives/Renegade-Utils/newmsg.zip![3]:RENEGADE	71d056256e41d4ff70832abfe8c37d449ef45f0265bd1d05e0393a339b37cb4a	bbs-archives-passed-banner	ReportOnly	cp437-inferred	false
/home/mkrueger/work/bbs/bbsarchives/Renegade-Utils/nlog11.zip![3]:RENEGADE	71d056256e41d4ff70832abfe8c37d449ef45f0265bd1d05e0393a339b37cb4a	bbs-archives-passed-banner	ReportOnly	cp437-inferred	false
/home/mkrueger/work/bbs/bbsarchives/Renegade-Utils/nocode10.zip![4]:RENEGADE	71d056256e41d4ff70832abfe8c37d449ef45f0265bd1d05e0393a339b37cb4a	bbs-archives-passed-banner	ReportOnly	cp437-inferred	false
/home/mkrueger/work/bbs/bbsarchives/Renegade-Utils/ns0421.zip![2]:RENEGADE	71d056256e41d4ff70832abfe8c37d449ef45f0265bd1d05e0393a339b37cb4a	bbs-archives-passed-banner	ReportOnly	cp437-inferred	false
/home/mkrueger/work/bbs/bbsarchives/Renegade-Utils/nukem10.zip![2]:RENEGADE	71d056256e41d4ff70832abfe8c37d449ef45f0265bd1d05e0393a339b37cb4a	bbs-archives-passed-banner	ReportOnly	cp437-inferred	false
/home/mkrueger/work/bbs/bbsarchives/Renegade-Utils/nukem15.zip![3]:RENEGADE	71d056256e41d4ff70832abfe8c37d449ef45f0265bd1d05e0393a339b37cb4a	bbs-archives-passed-banner	ReportOnly	cp437-inferred	false
/home/mkrueger/work/bbs/bbsarchives/Renegade-Utils/nuvote15.zip![6]:RENEGADE	71d056256e41d4ff70832abfe8c37d449ef45f0265bd1d05e0393a339b37cb4a	bbs-archives-passed-banner	ReportOnly	cp437-inferred	false
/home/mkrueger/work/bbs/bbsarchives/Renegade-Utils/nuvote31.zip![11]:RENEGADE	71d056256e41d4ff70832abfe8c37d449ef45f0265bd1d05e0393a339b37cb4a	bbs-archives-passed-banner	ReportOnly	cp437-inferred	false
/home/mkrueger/work/bbs/bbsarchives/Renegade-Utils/offln101.zip![3]:RENEGADE	71d056256e41d4ff70832abfe8c37d449ef45f0265bd1d05e0393a339b37cb4a	bbs-archives-passed-banner	ReportOnly	cp437-inferred	false
/home/mkrueger/work/bbs/bbsarchives/Renegade-Utils/ol.zip![7]:RENEGADE	71d056256e41d4ff70832abfe8c37d449ef45f0265bd1d05e0393a339b37cb4a	bbs-archives-passed-banner	ReportOnly	cp437-inferred	false
/home/mkrueger/work/bbs/bbsarchives/Renegade-Utils/oldml11.zip![5]:RENEGADE	71d056256e41d4ff70832abfe8c37d449ef45f0265bd1d05e0393a339b37cb4a	bbs-archives-passed-banner	ReportOnly	cp437-inferred	false
/home/mkrueger/work/bbs/bbsarchives/Renegade-Utils/onelin40.zip![3]:RENEGADE	71d056256e41d4ff70832abfe8c37d449ef45f0265bd1d05e0393a339b37cb4a	bbs-archives-passed-banner	ReportOnly	cp437-inferred	false
/home/mkrueger/work/bbs/bbsarchives/Renegade-Utils/opcmds.zip![5]:RENEGADE	71d056256e41d4ff70832abfe8c37d449ef45f0265bd1d05e0393a339b37cb4a	bbs-archives-passed-banner	ReportOnly	cp437-inferred	false
/home/mkrueger/work/bbs/bbsarchives/Renegade-Utils/packasw0.zip![3]:RENEGADE	71d056256e41d4ff70832abfe8c37d449ef45f0265bd1d05e0393a339b37cb4a	bbs-archives-passed-banner	ReportOnly	cp437-inferred	false
/home/mkrueger/work/bbs/bbsarchives/Renegade-Utils/pcrcheck.zip![7]:RENEGADE	71d056256e41d4ff70832abfe8c37d449ef45f0265bd1d05e0393a339b37cb4a	bbs-archives-passed-banner	ReportOnly	cp437-inferred	false
/home/mkrueger/work/bbs/bbsarchives/Renegade-Utils/pcrset11.zip![7]:RENEGADE	71d056256e41d4ff70832abfe8c37d449ef45f0265bd1d05e0393a339b37cb4a	bbs-archives-passed-banner	ReportOnly	cp437-inferred	false
/home/mkrueger/work/bbs/bbsarchives/Renegade-Utils/pdoor11.zip![5]:RENEGADE	71d056256e41d4ff70832abfe8c37d449ef45f0265bd1d05e0393a339b37cb4a	bbs-archives-passed-banner	ReportOnly	cp437-inferred	false
/home/mkrueger/work/bbs/bbsarchives/Renegade-Utils/persoft2.zip![5]:RENEGADE	71d056256e41d4ff70832abfe8c37d449ef45f0265bd1d05e0393a339b37cb4a	bbs-archives-passed-banner	ReportOnly	cp437-inferred	false
/home/mkrueger/work/bbs/bbsarchives/Renegade-Utils/phoon.zip![1]:RENEGADE	71d056256e41d4ff70832abfe8c37d449ef45f0265bd1d05e0393a339b37cb4a	bbs-archives-passed-banner	ReportOnly	cp437-inferred	false
/home/mkrueger/work/bbs/bbsarchives/Renegade-Utils/pic.zip![1]:RENEGADE	71d056256e41d4ff70832abfe8c37d449ef45f0265bd1d05e0393a339b37cb4a	bbs-archives-passed-banner	ReportOnly	cp437-inferred	false
/home/mkrueger/work/bbs/bbsarchives/Renegade-Utils/pick4_40.zip![7]:RENEGADE	71d056256e41d4ff70832abfe8c37d449ef45f0265bd1d05e0393a339b37cb4a	bbs-archives-passed-banner	ReportOnly	cp437-inferred	false
/home/mkrueger/work/bbs/bbsarchives/Renegade-Utils/pin0419.zip![3]:RENEGADE	71d056256e41d4ff70832abfe8c37d449ef45f0265bd1d05e0393a339b37cb4a	bbs-archives-passed-banner	ReportOnly	cp437-inferred	false
/home/mkrueger/work/bbs/bbsarchives/Renegade-Utils/pin0828.zip![5]:RENEGADE	71d056256e41d4ff70832abfe8c37d449ef45f0265bd1d05e0393a339b37cb4a	bbs-archives-passed-banner	ReportOnly	cp437-inferred	false
/home/mkrueger/work/bbs/bbsarchives/Renegade-Utils/pm_2dbbsl.zip![4]:RENEGADE	71d056256e41d4ff70832abfe8c37d449ef45f0265bd1d05e0393a339b37cb4a	bbs-archives-passed-banner	ReportOnly	cp437-inferred	false
/home/mkrueger/work/bbs/bbsarchives/Renegade-Utils/pm_2demail.zip![4]:RENEGADE	71d056256e41d4ff70832abfe8c37d449ef45f0265bd1d05e0393a339b37cb4a	bbs-archives-passed-banner	ReportOnly	cp437-inferred	false
/home/mkrueger/work/bbs/bbsarchives/Renegade-Utils/pm_2diqtb.zip![6]:RENEGADE	71d056256e41d4ff70832abfe8c37d449ef45f0265bd1d05e0393a339b37cb4a	bbs-archives-passed-banner	ReportOnly	cp437-inferred	false
/home/mkrueger/work/bbs/bbsarchives/Renegade-Utils/pm_2dmsg.zip![4]:RENEGADE	71d056256e41d4ff70832abfe8c37d449ef45f0265bd1d05e0393a339b37cb4a	bbs-archives-passed-banner	ReportOnly	cp437-inferred	false
/home/mkrueger/work/bbs/bbsarchives/Renegade-Utils/pmtrx11.zip![7]:RENEGADE	71d056256e41d4ff70832abfe8c37d449ef45f0265bd1d05e0393a339b37cb4a	bbs-archives-passed-banner	ReportOnly	cp437-inferred	false
/home/mkrueger/work/bbs/bbsarchives/Renegade-Utils/popdoor.zip![5]:RENEGADE	71d056256e41d4ff70832abfe8c37d449ef45f0265bd1d05e0393a339b37cb4a	bbs-archives-passed-banner	ReportOnly	cp437-inferred	false
/home/mkrueger/work/bbs/bbsarchives/Renegade-Utils/pownuv2.zip![18]:RENEGADE	71d056256e41d4ff70832abfe8c37d449ef45f0265bd1d05e0393a339b37cb4a	bbs-archives-passed-banner	ReportOnly	cp437-inferred	false
/home/mkrueger/work/bbs/bbsarchives/Renegade-Utils/powrenu1.zip![7]:RENEGADE	71d056256e41d4ff70832abfe8c37d449ef45f0265bd1d05e0393a339b37cb4a	bbs-archives-passed-banner	ReportOnly	cp437-inferred	false
/home/mkrueger/work/bbs/bbsarchives/Renegade-Utils/powrginf.zip![5]:RENEGADE	71d056256e41d4ff70832abfe8c37d449ef45f0265bd1d05e0393a339b37cb4a	bbs-archives-passed-banner	ReportOnly	cp437-inferred	false
/home/mkrueger/work/bbs/bbsarchives/Renegade-Utils/powrgtop.zip![30]:RENEGADE	71d056256e41d4ff70832abfe8c37d449ef45f0265bd1d05e0393a339b37cb4a	bbs-archives-passed-banner	ReportOnly	cp437-inferred	false
/home/mkrueger/work/bbs/bbsarchives/Renegade-Utils/powrgusr.zip![8]:RENEGADE	71d056256e41d4ff70832abfe8c37d449ef45f0265bd1d05e0393a339b37cb4a	bbs-archives-passed-banner	ReportOnly	cp437-inferred	false
/home/mkrueger/work/bbs/bbsarchives/Renegade-Utils/progeny3.zip![10]:RENEGADE	71d056256e41d4ff70832abfe8c37d449ef45f0265bd1d05e0393a339b37cb4a	bbs-archives-passed-banner	ReportOnly	cp437-inferred	false
/home/mkrueger/work/bbs/bbsarchives/Renegade-Utils/progeny4.zip![12]:RENEGADE	71d056256e41d4ff70832abfe8c37d449ef45f0265bd1d05e0393a339b37cb4a	bbs-archives-passed-banner	ReportOnly	cp437-inferred	false
/home/mkrueger/work/bbs/bbsarchives/Renegade-Utils/qclean13.zip![8]:RENEGADE	71d056256e41d4ff70832abfe8c37d449ef45f0265bd1d05e0393a339b37cb4a	bbs-archives-passed-banner	ReportOnly	cp437-inferred	false
/home/mkrueger/work/bbs/bbsarchives/Renegade-Utils/qcvrt13.zip![8]:RENEGADE	71d056256e41d4ff70832abfe8c37d449ef45f0265bd1d05e0393a339b37cb4a	bbs-archives-passed-banner	ReportOnly	cp437-inferred	false
/home/mkrueger/work/bbs/bbsarchives/Renegade-Utils/qfile12.zip![6]:RENEGADE	71d056256e41d4ff70832abfe8c37d449ef45f0265bd1d05e0393a339b37cb4a	bbs-archives-passed-banner	ReportOnly	cp437-inferred	false
/home/mkrueger/work/bbs/bbsarchives/Renegade-Utils/qline112.zip![13]:RENEGADE	71d056256e41d4ff70832abfe8c37d449ef45f0265bd1d05e0393a339b37cb4a	bbs-archives-passed-banner	ReportOnly	cp437-inferred	false
/home/mkrueger/work/bbs/bbsarchives/Renegade-Utils/quote100.zip![5]:RENEGADE	71d056256e41d4ff70832abfe8c37d449ef45f0265bd1d05e0393a339b37cb4a	bbs-archives-passed-banner	ReportOnly	cp437-inferred	false
/home/mkrueger/work/bbs/bbsarchives/Renegade-Utils/qwkie20.zip![3]:RENEGADE	71d056256e41d4ff70832abfe8c37d449ef45f0265bd1d05e0393a339b37cb4a	bbs-archives-passed-banner	ReportOnly	cp437-inferred	false
/home/mkrueger/work/bbs/bbsarchives/Renegade-Utils/r2f_3_2d20.zip![3]:RENEGADE	71d056256e41d4ff70832abfe8c37d449ef45f0265bd1d05e0393a339b37cb4a	bbs-archives-passed-banner	ReportOnly	cp437-inferred	false
/home/mkrueger/work/bbs/bbsarchives/Renegade-Utils/rafl10b.zip![5]:RENEGADE	71d056256e41d4ff70832abfe8c37d449ef45f0265bd1d05e0393a339b37cb4a	bbs-archives-passed-banner	ReportOnly	cp437-inferred	false
/home/mkrueger/work/bbs/bbsarchives/Renegade-Utils/ranks25.zip![16]:RENEGADE	71d056256e41d4ff70832abfe8c37d449ef45f0265bd1d05e0393a339b37cb4a	bbs-archives-passed-banner	ReportOnly	cp437-inferred	false
/home/mkrueger/work/bbs/bbsarchives/Renegade-Utils/rave_2d12.zip![4]:RENEGADE	71d056256e41d4ff70832abfe8c37d449ef45f0265bd1d05e0393a339b37cb4a	bbs-archives-passed-banner	ReportOnly	cp437-inferred	false
/home/mkrueger/work/bbs/bbsarchives/Renegade-Utils/rawmenu1.zip![47]:RENEGADE	71d056256e41d4ff70832abfe8c37d449ef45f0265bd1d05e0393a339b37cb4a	bbs-archives-passed-banner	ReportOnly	cp437-inferred	false
/home/mkrueger/work/bbs/bbsarchives/Renegade-Utils/rd0421.zip![3]:RENEGADE	71d056256e41d4ff70832abfe8c37d449ef45f0265bd1d05e0393a339b37cb4a	bbs-archives-passed-banner	ReportOnly	cp437-inferred	false
/home/mkrueger/work/bbs/bbsarchives/Renegade-Utils/renbak31.zip![5]:RENEGADE	71d056256e41d4ff70832abfe8c37d449ef45f0265bd1d05e0393a339b37cb4a	bbs-archives-passed-banner	ReportOnly	cp437-inferred	false
/home/mkrueger/work/bbs/bbsarchives/Renegade-Utils/rendata.zip![3]:RENEGADE	71d056256e41d4ff70832abfe8c37d449ef45f0265bd1d05e0393a339b37cb4a	bbs-archives-passed-banner	ReportOnly	cp437-inferred	false
/home/mkrueger/work/bbs/bbsarchives/Renegade-Utils/rene1211.zip![6]:RENEGADE	71d056256e41d4ff70832abfe8c37d449ef45f0265bd1d05e0393a339b37cb4a	bbs-archives-passed-banner	ReportOnly	cp437-inferred	false
/home/mkrueger/work/bbs/bbsarchives/Renegade-Utils/renegade.zip![6]:RENEGADE	71d056256e41d4ff70832abfe8c37d449ef45f0265bd1d05e0393a339b37cb4a	bbs-archives-passed-banner	ReportOnly	cp437-inferred	false
/home/mkrueger/work/bbs/bbsarchives/Renegade-Utils/renelist.zip![15]:RENEGADE	71d056256e41d4ff70832abfe8c37d449ef45f0265bd1d05e0393a339b37cb4a	bbs-archives-passed-banner	ReportOnly	cp437-inferred	false
/home/mkrueger/work/bbs/bbsarchives/Renegade-Utils/renemail.zip![2]:RENEGADE	71d056256e41d4ff70832abfe8c37d449ef45f0265bd1d05e0393a339b37cb4a	bbs-archives-passed-banner	ReportOnly	cp437-inferred	false
/home/mkrueger/work/bbs/bbsarchives/Renegade-Utils/reng16.zip![5]:RENEGADE	71d056256e41d4ff70832abfe8c37d449ef45f0265bd1d05e0393a339b37cb4a	bbs-archives-passed-banner	ReportOnly	cp437-inferred	false
/home/mkrueger/work/bbs/bbsarchives/Renegade-Utils/renm0511.zip![3]:RENEGADE	71d056256e41d4ff70832abfe8c37d449ef45f0265bd1d05e0393a339b37cb4a	bbs-archives-passed-banner	ReportOnly	cp437-inferred	false
/home/mkrueger/work/bbs/bbsarchives/Renegade-Utils/renrvt21.zip![7]:RENEGADE	71d056256e41d4ff70832abfe8c37d449ef45f0265bd1d05e0393a339b37cb4a	bbs-archives-passed-banner	ReportOnly	cp437-inferred	false
/home/mkrueger/work/bbs/bbsarchives/Renegade-Utils/rentips.zip![3]:RENEGADE	71d056256e41d4ff70832abfe8c37d449ef45f0265bd1d05e0393a339b37cb4a	bbs-archives-passed-banner	ReportOnly	cp437-inferred	false
/home/mkrueger/work/bbs/bbsarchives/Renegade-Utils/rentips2.zip![5]:RENEGADE	71d056256e41d4ff70832abfe8c37d449ef45f0265bd1d05e0393a339b37cb4a	bbs-archives-passed-banner	ReportOnly	cp437-inferred	false
/home/mkrueger/work/bbs/bbsarchives/Renegade-Utils/rg.zip![6]:RENEGADE	71d056256e41d4ff70832abfe8c37d449ef45f0265bd1d05e0393a339b37cb4a	bbs-archives-passed-banner	ReportOnly	cp437-inferred	false
/home/mkrueger/work/bbs/bbsarchives/Renegade-Utils/rg12last.zip![7]:RENEGADE	71d056256e41d4ff70832abfe8c37d449ef45f0265bd1d05e0393a339b37cb4a	bbs-archives-passed-banner	ReportOnly	cp437-inferred	false
/home/mkrueger/work/bbs/bbsarchives/Renegade-Utils/rg2bbs10.zip![4]:RENEGADE	71d056256e41d4ff70832abfe8c37d449ef45f0265bd1d05e0393a339b37cb4a	bbs-archives-passed-banner	ReportOnly	cp437-inferred	false
/home/mkrueger/work/bbs/bbsarchives/Renegade-Utils/rg2fd100.zip![3]:RENEGADE	71d056256e41d4ff70832abfe8c37d449ef45f0265bd1d05e0393a339b37cb4a	bbs-archives-passed-banner	ReportOnly	cp437-inferred	false
/home/mkrueger/work/bbs/bbsarchives/Renegade-Utils/rg4dos10.zip![5]:RENEGADE	71d056256e41d4ff70832abfe8c37d449ef45f0265bd1d05e0393a339b37cb4a	bbs-archives-passed-banner	ReportOnly	cp437-inferred	false
/home/mkrueger/work/bbs/bbsarchives/Renegade-Utils/rg531usr.zip![3]:RENEGADE	71d056256e41d4ff70832abfe8c37d449ef45f0265bd1d05e0393a339b37cb4a	bbs-archives-passed-banner	ReportOnly	cp437-inferred	false
/home/mkrueger/work/bbs/bbsarchives/Renegade-Utils/rg_2dclg10.zip![7]:RENEGADE	71d056256e41d4ff70832abfe8c37d449ef45f0265bd1d05e0393a339b37cb4a	bbs-archives-passed-banner	ReportOnly	cp437-inferred	false
/home/mkrueger/work/bbs/bbsarchives/Renegade-Utils/rg_2ddos.zip![13]:RENEGADE	71d056256e41d4ff70832abfe8c37d449ef45f0265bd1d05e0393a339b37cb4a	bbs-archives-passed-banner	ReportOnly	cp437-inferred	false
/home/mkrueger/work/bbs/bbsarchives/Renegade-Utils/rg_2donl30.zip![10]:RENEGADE	71d056256e41d4ff70832abfe8c37d449ef45f0265bd1d05e0393a339b37cb4a	bbs-archives-passed-banner	ReportOnly	cp437-inferred	false
/home/mkrueger/work/bbs/bbsarchives/Renegade-Utils/rg_2dspace.zip![57]:RENEGADE	71d056256e41d4ff70832abfe8c37d449ef45f0265bd1d05e0393a339b37cb4a	bbs-archives-passed-banner	ReportOnly	cp437-inferred	false
/home/mkrueger/work/bbs/bbsarchives/Renegade-Utils/rg_2dun16.zip![7]:RENEGADE	71d056256e41d4ff70832abfe8c37d449ef45f0265bd1d05e0393a339b37cb4a	bbs-archives-passed-banner	ReportOnly	cp437-inferred	false
/home/mkrueger/work/bbs/bbsarchives/Renegade-Utils/rg_qref.zip![2]:RENEGADE	71d056256e41d4ff70832abfe8c37d449ef45f0265bd1d05e0393a339b37cb4a	bbs-archives-passed-banner	ReportOnly	cp437-inferred	false
/home/mkrueger/work/bbs/bbsarchives/Renegade-Utils/rg_rip.zip![6]:RENEGADE	71d056256e41d4ff70832abfe8c37d449ef45f0265bd1d05e0393a339b37cb4a	bbs-archives-passed-banner	ReportOnly	cp437-inferred	false
/home/mkrueger/work/bbs/bbsarchives/Renegade-Utils/rg_u0416.zip![6]:RENEGADE	71d056256e41d4ff70832abfe8c37d449ef45f0265bd1d05e0393a339b37cb4a	bbs-archives-passed-banner	ReportOnly	cp437-inferred	false
/home/mkrueger/work/bbs/bbsarchives/Renegade-Utils/rgac_2.zip![5]:RENEGADE	71d056256e41d4ff70832abfe8c37d449ef45f0265bd1d05e0393a339b37cb4a	bbs-archives-passed-banner	ReportOnly	cp437-inferred	false
/home/mkrueger/work/bbs/bbsarchives/Renegade-Utils/rgal100.zip![8]:RENEGADE	71d056256e41d4ff70832abfe8c37d449ef45f0265bd1d05e0393a339b37cb4a	bbs-archives-passed-banner	ReportOnly	cp437-inferred	false
/home/mkrueger/work/bbs/bbsarchives/Renegade-Utils/rgale101.zip![8]:RENEGADE	71d056256e41d4ff70832abfe8c37d449ef45f0265bd1d05e0393a339b37cb4a	bbs-archives-passed-banner	ReportOnly	cp437-inferred	false
/home/mkrueger/work/bbs/bbsarchives/Renegade-Utils/rgannoun.zip![10]:RENEGADE	71d056256e41d4ff70832abfe8c37d449ef45f0265bd1d05e0393a339b37cb4a	bbs-archives-passed-banner	ReportOnly	cp437-inferred	false
/home/mkrueger/work/bbs/bbsarchives/Renegade-Utils/rgapi102.zip![7]:RENEGADE	71d056256e41d4ff70832abfe8c37d449ef45f0265bd1d05e0393a339b37cb4a	bbs-archives-passed-banner	ReportOnly	cp437-inferred	false
/home/mkrueger/work/bbs/bbsarchives/Renegade-Utils/rgatm20.zip![8]:RENEGADE	71d056256e41d4ff70832abfe8c37d449ef45f0265bd1d05e0393a339b37cb4a	bbs-archives-passed-banner	ReportOnly	cp437-inferred	false
/home/mkrueger/work/bbs/bbsarchives/Renegade-Utils/rgavuser.zip![4]:RENEGADE	71d056256e41d4ff70832abfe8c37d449ef45f0265bd1d05e0393a339b37cb4a	bbs-archives-passed-banner	ReportOnly	cp437-inferred	false
/home/mkrueger/work/bbs/bbsarchives/Renegade-Utils/rgback_2.zip![4]:RENEGADE	71d056256e41d4ff70832abfe8c37d449ef45f0265bd1d05e0393a339b37cb4a	bbs-archives-passed-banner	ReportOnly	cp437-inferred	false
/home/mkrueger/work/bbs/bbsarchives/Renegade-Utils/rgbc101.zip![22]:RENEGADE	71d056256e41d4ff70832abfe8c37d449ef45f0265bd1d05e0393a339b37cb4a	bbs-archives-passed-banner	ReportOnly	cp437-inferred	false
/home/mkrueger/work/bbs/bbsarchives/Renegade-Utils/rgbest10.zip![4]:RENEGADE	71d056256e41d4ff70832abfe8c37d449ef45f0265bd1d05e0393a339b37cb4a	bbs-archives-passed-banner	ReportOnly	cp437-inferred	false
/home/mkrueger/work/bbs/bbsarchives/Renegade-Utils/rgbkup40.zip![5]:RENEGADE	71d056256e41d4ff70832abfe8c37d449ef45f0265bd1d05e0393a339b37cb4a	bbs-archives-passed-banner	ReportOnly	cp437-inferred	false
/home/mkrueger/work/bbs/bbsarchives/Renegade-Utils/rgbl.zip![4]:RENEGADE	71d056256e41d4ff70832abfe8c37d449ef45f0265bd1d05e0393a339b37cb4a	bbs-archives-passed-banner	ReportOnly	cp437-inferred	false
/home/mkrueger/work/bbs/bbsarchives/Renegade-Utils/rgbulls.zip![4]:RENEGADE	71d056256e41d4ff70832abfe8c37d449ef45f0265bd1d05e0393a339b37cb4a	bbs-archives-passed-banner	ReportOnly	cp437-inferred	false
/home/mkrueger/work/bbs/bbsarchives/Renegade-Utils/rgbusy12.zip![3]:RENEGADE	71d056256e41d4ff70832abfe8c37d449ef45f0265bd1d05e0393a339b37cb4a	bbs-archives-passed-banner	ReportOnly	cp437-inferred	false
/home/mkrueger/work/bbs/bbsarchives/Renegade-Utils/rgc_155.zip![7]:RENEGADE	71d056256e41d4ff70832abfe8c37d449ef45f0265bd1d05e0393a339b37cb4a	bbs-archives-passed-banner	ReportOnly	cp437-inferred	false
/home/mkrueger/work/bbs/bbsarchives/Renegade-Utils/rgcall10.zip![7]:RENEGADE	71d056256e41d4ff70832abfe8c37d449ef45f0265bd1d05e0393a339b37cb4a	bbs-archives-passed-banner	ReportOnly	cp437-inferred	false
/home/mkrueger/work/bbs/bbsarchives/Renegade-Utils/rgcbv623.zip![14]:RENEGADE	71d056256e41d4ff70832abfe8c37d449ef45f0265bd1d05e0393a339b37cb4a	bbs-archives-passed-banner	ReportOnly	cp437-inferred	false
/home/mkrueger/work/bbs/bbsarchives/Renegade-Utils/rgcc101.zip![19]:RENEGADE	71d056256e41d4ff70832abfe8c37d449ef45f0265bd1d05e0393a339b37cb4a	bbs-archives-passed-banner	ReportOnly	cp437-inferred	false
/home/mkrueger/work/bbs/bbsarchives/Renegade-Utils/rgcs1004.zip![2]:RENEGADE	71d056256e41d4ff70832abfe8c37d449ef45f0265bd1d05e0393a339b37cb4a	bbs-archives-passed-banner	ReportOnly	cp437-inferred	false
/home/mkrueger/work/bbs/bbsarchives/Renegade-Utils/rgcs21.zip![7]:RENEGADE	71d056256e41d4ff70832abfe8c37d449ef45f0265bd1d05e0393a339b37cb4a	bbs-archives-passed-banner	ReportOnly	cp437-inferred	false
/home/mkrueger/work/bbs/bbsarchives/Renegade-Utils/rgcstfix.zip![3]:RENEGADE	71d056256e41d4ff70832abfe8c37d449ef45f0265bd1d05e0393a339b37cb4a	bbs-archives-passed-banner	ReportOnly	cp437-inferred	false
/home/mkrueger/work/bbs/bbsarchives/Renegade-Utils/rgctv13.zip![14]:RENEGADE	71d056256e41d4ff70832abfe8c37d449ef45f0265bd1d05e0393a339b37cb4a	bbs-archives-passed-banner	ReportOnly	cp437-inferred	false
/home/mkrueger/work/bbs/bbsarchives/Renegade-Utils/rgctv17.zip![13]:RENEGADE	71d056256e41d4ff70832abfe8c37d449ef45f0265bd1d05e0393a339b37cb4a	bbs-archives-passed-banner	ReportOnly	cp437-inferred	false
/home/mkrueger/work/bbs/bbsarchives/Renegade-Utils/rgcv1_0.zip![6]:RENEGADE	71d056256e41d4ff70832abfe8c37d449ef45f0265bd1d05e0393a339b37cb4a	bbs-archives-passed-banner	ReportOnly	cp437-inferred	false
/home/mkrueger/work/bbs/bbsarchives/Renegade-Utils/rgd05_2d09.zip![7]:RENEGADE	71d056256e41d4ff70832abfe8c37d449ef45f0265bd1d05e0393a339b37cb4a	bbs-archives-passed-banner	ReportOnly	cp437-inferred	false
/home/mkrueger/work/bbs/bbsarchives/Renegade-Utils/rgd_1005.zip![7]:RENEGADE	71d056256e41d4ff70832abfe8c37d449ef45f0265bd1d05e0393a339b37cb4a	bbs-archives-passed-banner	ReportOnly	cp437-inferred	false
/home/mkrueger/work/bbs/bbsarchives/Renegade-Utils/rgdf015b.zip![3]:RENEGADE	71d056256e41d4ff70832abfe8c37d449ef45f0265bd1d05e0393a339b37cb4a	bbs-archives-passed-banner	ReportOnly	cp437-inferred	false
/home/mkrueger/work/bbs/bbsarchives/Renegade-Utils/rgdlmenu.zip![5]:RENEGADE	71d056256e41d4ff70832abfe8c37d449ef45f0265bd1d05e0393a339b37cb4a	bbs-archives-passed-banner	ReportOnly	cp437-inferred	false
/home/mkrueger/work/bbs/bbsarchives/Renegade-Utils/rgdst10.zip![3]:RENEGADE	71d056256e41d4ff70832abfe8c37d449ef45f0265bd1d05e0393a339b37cb4a	bbs-archives-passed-banner	ReportOnly	cp437-inferred	false
/home/mkrueger/work/bbs/bbsarchives/Renegade-Utils/rgep261.zip![4]:RENEGADE	71d056256e41d4ff70832abfe8c37d449ef45f0265bd1d05e0393a339b37cb4a	bbs-archives-passed-banner	ReportOnly	cp437-inferred	false
/home/mkrueger/work/bbs/bbsarchives/Renegade-Utils/rgexp10.zip![5]:RENEGADE	71d056256e41d4ff70832abfe8c37d449ef45f0265bd1d05e0393a339b37cb4a	bbs-archives-passed-banner	ReportOnly	cp437-inferred	false
/home/mkrueger/work/bbs/bbsarchives/Renegade-Utils/rgfc0320.zip![8]:RENEGADE	71d056256e41d4ff70832abfe8c37d449ef45f0265bd1d05e0393a339b37cb4a	bbs-archives-passed-banner	ReportOnly	cp437-inferred	false
/home/mkrueger/work/bbs/bbsarchives/Renegade-Utils/rgff3_2d14.zip![4]:RENEGADE	71d056256e41d4ff70832abfe8c37d449ef45f0265bd1d05e0393a339b37cb4a	bbs-archives-passed-banner	ReportOnly	cp437-inferred	false
/home/mkrueger/work/bbs/bbsarchives/Renegade-Utils/rgfix11e.zip![5]:RENEGADE	71d056256e41d4ff70832abfe8c37d449ef45f0265bd1d05e0393a339b37cb4a	bbs-archives-passed-banner	ReportOnly	cp437-inferred	false
/home/mkrueger/work/bbs/bbsarchives/Renegade-Utils/rgfl21.zip![6]:RENEGADE	71d056256e41d4ff70832abfe8c37d449ef45f0265bd1d05e0393a339b37cb4a	bbs-archives-passed-banner	ReportOnly	cp437-inferred	false
/home/mkrueger/work/bbs/bbsarchives/Renegade-Utils/rgfl65.zip![4]:RENEGADE	71d056256e41d4ff70832abfe8c37d449ef45f0265bd1d05e0393a339b37cb4a	bbs-archives-passed-banner	ReportOnly	cp437-inferred	false
/home/mkrueger/work/bbs/bbsarchives/Renegade-Utils/rgflco30.zip![5]:RENEGADE	71d056256e41d4ff70832abfe8c37d449ef45f0265bd1d05e0393a339b37cb4a	bbs-archives-passed-banner	ReportOnly	cp437-inferred	false
/home/mkrueger/work/bbs/bbsarchives/Renegade-Utils/rgfpu10.zip![2]:RENEGADE	71d056256e41d4ff70832abfe8c37d449ef45f0265bd1d05e0393a339b37cb4a	bbs-archives-passed-banner	ReportOnly	cp437-inferred	false
/home/mkrueger/work/bbs/bbsarchives/Renegade-Utils/rgfrc13.zip![4]:RENEGADE	71d056256e41d4ff70832abfe8c37d449ef45f0265bd1d05e0393a339b37cb4a	bbs-archives-passed-banner	ReportOnly	cp437-inferred	false
/home/mkrueger/work/bbs/bbsarchives/Renegade-Utils/rggc1_3.zip![5]:RENEGADE	71d056256e41d4ff70832abfe8c37d449ef45f0265bd1d05e0393a339b37cb4a	bbs-archives-passed-banner	ReportOnly	cp437-inferred	false
/home/mkrueger/work/bbs/bbsarchives/Renegade-Utils/rggst101.zip![3]:RENEGADE	71d056256e41d4ff70832abfe8c37d449ef45f0265bd1d05e0393a339b37cb4a	bbs-archives-passed-banner	ReportOnly	cp437-inferred	false
/home/mkrueger/work/bbs/bbsarchives/Renegade-Utils/rghak100.zip![11]:RENEGADE	71d056256e41d4ff70832abfe8c37d449ef45f0265bd1d05e0393a339b37cb4a	bbs-archives-passed-banner	ReportOnly	cp437-inferred	false
/home/mkrueger/work/bbs/bbsarchives/Renegade-Utils/rghelp13.zip![17]:RENEGADE	71d056256e41d4ff70832abfe8c37d449ef45f0265bd1d05e0393a339b37cb4a	bbs-archives-passed-banner	ReportOnly	cp437-inferred	false
/home/mkrueger/work/bbs/bbsarchives/Renegade-Utils/rghist11.zip![6]:RENEGADE	71d056256e41d4ff70832abfe8c37d449ef45f0265bd1d05e0393a339b37cb4a	bbs-archives-passed-banner	ReportOnly	cp437-inferred	false
/home/mkrueger/work/bbs/bbsarchives/Renegade-Utils/rghist15.zip![5]:RENEGADE	71d056256e41d4ff70832abfe8c37d449ef45f0265bd1d05e0393a339b37cb4a	bbs-archives-passed-banner	ReportOnly	cp437-inferred	false
/home/mkrueger/work/bbs/bbsarchives/Renegade-Utils/rgjad20.zip![5]:RENEGADE	71d056256e41d4ff70832abfe8c37d449ef45f0265bd1d05e0393a339b37cb4a	bbs-archives-passed-banner	ReportOnly	cp437-inferred	false
/home/mkrueger/work/bbs/bbsarchives/Renegade-Utils/rglabels.zip![3]:RENEGADE	71d056256e41d4ff70832abfe8c37d449ef45f0265bd1d05e0393a339b37cb4a	bbs-archives-passed-banner	ReportOnly	cp437-inferred	false
/home/mkrueger/work/bbs/bbsarchives/Renegade-Utils/rglast14.zip![9]:RENEGADE	71d056256e41d4ff70832abfe8c37d449ef45f0265bd1d05e0393a339b37cb4a	bbs-archives-passed-banner	ReportOnly	cp437-inferred	false
/home/mkrueger/work/bbs/bbsarchives/Renegade-Utils/rglast17.zip![7]:RENEGADE	71d056256e41d4ff70832abfe8c37d449ef45f0265bd1d05e0393a339b37cb4a	bbs-archives-passed-banner	ReportOnly	cp437-inferred	false
/home/mkrueger/work/bbs/bbsarchives/Renegade-Utils/rglastx.zip![3]:RENEGADE	71d056256e41d4ff70832abfe8c37d449ef45f0265bd1d05e0393a339b37cb4a	bbs-archives-passed-banner	ReportOnly	cp437-inferred	false
/home/mkrueger/work/bbs/bbsarchives/Renegade-Utils/rglc129a.zip![7]:RENEGADE	71d056256e41d4ff70832abfe8c37d449ef45f0265bd1d05e0393a339b37cb4a	bbs-archives-passed-banner	ReportOnly	cp437-inferred	false
/home/mkrueger/work/bbs/bbsarchives/Renegade-Utils/rglfc.zip![3]:RENEGADE	71d056256e41d4ff70832abfe8c37d449ef45f0265bd1d05e0393a339b37cb4a	bbs-archives-passed-banner	ReportOnly	cp437-inferred	false
/home/mkrueger/work/bbs/bbsarchives/Renegade-Utils/rglist11.zip![3]:RENEGADE	71d056256e41d4ff70832abfe8c37d449ef45f0265bd1d05e0393a339b37cb4a	bbs-archives-passed-banner	ReportOnly	cp437-inferred	false
/home/mkrueger/work/bbs/bbsarchives/Renegade-Utils/rglog20.zip![9]:RENEGADE	71d056256e41d4ff70832abfe8c37d449ef45f0265bd1d05e0393a339b37cb4a	bbs-archives-passed-banner	ReportOnly	cp437-inferred	false
/home/mkrueger/work/bbs/bbsarchives/Renegade-Utils/rgloto12.zip![5]:RENEGADE	71d056256e41d4ff70832abfe8c37d449ef45f0265bd1d05e0393a339b37cb4a	bbs-archives-passed-banner	ReportOnly	cp437-inferred	false
/home/mkrueger/work/bbs/bbsarchives/Renegade-Utils/rgls2.zip![3]:RENEGADE	71d056256e41d4ff70832abfe8c37d449ef45f0265bd1d05e0393a339b37cb4a	bbs-archives-passed-banner	ReportOnly	cp437-inferred	false
/home/mkrueger/work/bbs/bbsarchives/Renegade-Utils/rglst101.zip![11]:RENEGADE	71d056256e41d4ff70832abfe8c37d449ef45f0265bd1d05e0393a339b37cb4a	bbs-archives-passed-banner	ReportOnly	cp437-inferred	false
/home/mkrueger/work/bbs/bbsarchives/Renegade-Utils/rglu120.zip![4]:RENEGADE	71d056256e41d4ff70832abfe8c37d449ef45f0265bd1d05e0393a339b37cb4a	bbs-archives-passed-banner	ReportOnly	cp437-inferred	false
/home/mkrueger/work/bbs/bbsarchives/Renegade-Utils/rgm.zip![3]:RENEGADE	71d056256e41d4ff70832abfe8c37d449ef45f0265bd1d05e0393a339b37cb4a	bbs-archives-passed-banner	ReportOnly	cp437-inferred	false
/home/mkrueger/work/bbs/bbsarchives/Renegade-Utils/rgm0524.zip![5]:RENEGADE	71d056256e41d4ff70832abfe8c37d449ef45f0265bd1d05e0393a339b37cb4a	bbs-archives-passed-banner	ReportOnly	cp437-inferred	false
/home/mkrueger/work/bbs/bbsarchives/Renegade-Utils/rgmalc11.zip![5]:RENEGADE	71d056256e41d4ff70832abfe8c37d449ef45f0265bd1d05e0393a339b37cb4a	bbs-archives-passed-banner	ReportOnly	cp437-inferred	false
/home/mkrueger/work/bbs/bbsarchives/Renegade-Utils/rgmbp12.zip![3]:RENEGADE	71d056256e41d4ff70832abfe8c37d449ef45f0265bd1d05e0393a339b37cb4a	bbs-archives-passed-banner	ReportOnly	cp437-inferred	false
/home/mkrueger/work/bbs/bbsarchives/Renegade-Utils/rgmd5_2d11.zip![4]:RENEGADE	71d056256e41d4ff70832abfe8c37d449ef45f0265bd1d05e0393a339b37cb4a	bbs-archives-passed-banner	ReportOnly	cp437-inferred	false
/home/mkrueger/work/bbs/bbsarchives/Renegade-Utils/rgmen_2d1.zip![16]:RENEGADE	71d056256e41d4ff70832abfe8c37d449ef45f0265bd1d05e0393a339b37cb4a	bbs-archives-passed-banner	ReportOnly	cp437-inferred	false
/home/mkrueger/work/bbs/bbsarchives/Renegade-Utils/rgmini.zip![3]:RENEGADE	71d056256e41d4ff70832abfe8c37d449ef45f0265bd1d05e0393a339b37cb4a	bbs-archives-passed-banner	ReportOnly	cp437-inferred	false
/home/mkrueger/work/bbs/bbsarchives/Renegade-Utils/rgmon20.zip![7]:RENEGADE	71d056256e41d4ff70832abfe8c37d449ef45f0265bd1d05e0393a339b37cb4a	bbs-archives-passed-banner	ReportOnly	cp437-inferred	false
/home/mkrueger/work/bbs/bbsarchives/Renegade-Utils/rgmpt10d.zip![6]:RENEGADE	71d056256e41d4ff70832abfe8c37d449ef45f0265bd1d05e0393a339b37cb4a	bbs-archives-passed-banner	ReportOnly	cp437-inferred	false
/home/mkrueger/work/bbs/bbsarchives/Renegade-Utils/rgms20.zip![6]:RENEGADE	71d056256e41d4ff70832abfe8c37d449ef45f0265bd1d05e0393a339b37cb4a	bbs-archives-passed-banner	ReportOnly	cp437-inferred	false
/home/mkrueger/work/bbs/bbsarchives/Renegade-Utils/rgmsgrnk.zip![4]:RENEGADE	71d056256e41d4ff70832abfe8c37d449ef45f0265bd1d05e0393a339b37cb4a	bbs-archives-passed-banner	ReportOnly	cp437-inferred	false
/home/mkrueger/work/bbs/bbsarchives/Renegade-Utils/rgmult15.zip![11]:RENEGADE	71d056256e41d4ff70832abfe8c37d449ef45f0265bd1d05e0393a339b37cb4a	bbs-archives-passed-banner	ReportOnly	cp437-inferred	false
/home/mkrueger/work/bbs/bbsarchives/Renegade-Utils/rgnc40.zip![5]:RENEGADE	71d056256e41d4ff70832abfe8c37d449ef45f0265bd1d05e0393a339b37cb4a	bbs-archives-passed-banner	ReportOnly	cp437-inferred	false
/home/mkrueger/work/bbs/bbsarchives/Renegade-Utils/rgnpop11.zip![3]:RENEGADE	71d056256e41d4ff70832abfe8c37d449ef45f0265bd1d05e0393a339b37cb4a	bbs-archives-passed-banner	ReportOnly	cp437-inferred	false
/home/mkrueger/work/bbs/bbsarchives/Renegade-Utils/rgns100.zip![3]:RENEGADE	71d056256e41d4ff70832abfe8c37d449ef45f0265bd1d05e0393a339b37cb4a	bbs-archives-passed-banner	ReportOnly	cp437-inferred	false
/home/mkrueger/work/bbs/bbsarchives/Renegade-Utils/rgnsc13.zip![5]:RENEGADE	71d056256e41d4ff70832abfe8c37d449ef45f0265bd1d05e0393a339b37cb4a	bbs-archives-passed-banner	ReportOnly	cp437-inferred	false
/home/mkrueger/work/bbs/bbsarchives/Renegade-Utils/rgnuv10.zip![15]:RENEGADE	71d056256e41d4ff70832abfe8c37d449ef45f0265bd1d05e0393a339b37cb4a	bbs-archives-passed-banner	ReportOnly	cp437-inferred	false
/home/mkrueger/work/bbs/bbsarchives/Renegade-Utils/rgnws301.zip![12]:RENEGADE	71d056256e41d4ff70832abfe8c37d449ef45f0265bd1d05e0393a339b37cb4a	bbs-archives-passed-banner	ReportOnly	cp437-inferred	false
/home/mkrueger/work/bbs/bbsarchives/Renegade-Utils/rgotd100.zip![5]:RENEGADE	71d056256e41d4ff70832abfe8c37d449ef45f0265bd1d05e0393a339b37cb4a	bbs-archives-passed-banner	ReportOnly	cp437-inferred	false
/home/mkrueger/work/bbs/bbsarchives/Renegade-Utils/rgotdm01.zip![2]:RENEGADE	71d056256e41d4ff70832abfe8c37d449ef45f0265bd1d05e0393a339b37cb4a	bbs-archives-passed-banner	ReportOnly	cp437-inferred	false
/home/mkrueger/work/bbs/bbsarchives/Renegade-Utils/rgotdm02.zip![2]:RENEGADE	71d056256e41d4ff70832abfe8c37d449ef45f0265bd1d05e0393a339b37cb4a	bbs-archives-passed-banner	ReportOnly	cp437-inferred	false
/home/mkrueger/work/bbs/bbsarchives/Renegade-Utils/rgotdm03.zip![2]:RENEGADE	71d056256e41d4ff70832abfe8c37d449ef45f0265bd1d05e0393a339b37cb4a	bbs-archives-passed-banner	ReportOnly	cp437-inferred	false
/home/mkrueger/work/bbs/bbsarchives/Renegade-Utils/rgotdm04.zip![2]:RENEGADE	71d056256e41d4ff70832abfe8c37d449ef45f0265bd1d05e0393a339b37cb4a	bbs-archives-passed-banner	ReportOnly	cp437-inferred	false
/home/mkrueger/work/bbs/bbsarchives/Renegade-Utils/rgotdm06.zip![2]:RENEGADE	71d056256e41d4ff70832abfe8c37d449ef45f0265bd1d05e0393a339b37cb4a	bbs-archives-passed-banner	ReportOnly	cp437-inferred	false
/home/mkrueger/work/bbs/bbsarchives/Renegade-Utils/rgp1225.zip![2]:RENEGADE	71d056256e41d4ff70832abfe8c37d449ef45f0265bd1d05e0393a339b37cb4a	bbs-archives-passed-banner	ReportOnly	cp437-inferred	false
/home/mkrueger/work/bbs/bbsarchives/Renegade-Utils/rgpaus22.zip![4]:RENEGADE	71d056256e41d4ff70832abfe8c37d449ef45f0265bd1d05e0393a339b37cb4a	bbs-archives-passed-banner	ReportOnly	cp437-inferred	false
/home/mkrueger/work/bbs/bbsarchives/Renegade-Utils/rgpause2.zip![4]:RENEGADE	71d056256e41d4ff70832abfe8c37d449ef45f0265bd1d05e0393a339b37cb4a	bbs-archives-passed-banner	ReportOnly	cp437-inferred	false
/home/mkrueger/work/bbs/bbsarchives/Renegade-Utils/rgpf20.zip![6]:RENEGADE	71d056256e41d4ff70832abfe8c37d449ef45f0265bd1d05e0393a339b37cb4a	bbs-archives-passed-banner	ReportOnly	cp437-inferred	false
/home/mkrueger/work/bbs/bbsarchives/Renegade-Utils/rgprint.zip![2]:RENEGADE	71d056256e41d4ff70832abfe8c37d449ef45f0265bd1d05e0393a339b37cb4a	bbs-archives-passed-banner	ReportOnly	cp437-inferred	false
/home/mkrueger/work/bbs/bbsarchives/Renegade-Utils/rgq11.zip![8]:RENEGADE	71d056256e41d4ff70832abfe8c37d449ef45f0265bd1d05e0393a339b37cb4a	bbs-archives-passed-banner	ReportOnly	cp437-inferred	false
/home/mkrueger/work/bbs/bbsarchives/Renegade-Utils/rgqr717.zip![6]:RENEGADE	71d056256e41d4ff70832abfe8c37d449ef45f0265bd1d05e0393a339b37cb4a	bbs-archives-passed-banner	ReportOnly	cp437-inferred	false
/home/mkrueger/work/bbs/bbsarchives/Renegade-Utils/rgquik11.zip![3]:RENEGADE	71d056256e41d4ff70832abfe8c37d449ef45f0265bd1d05e0393a339b37cb4a	bbs-archives-passed-banner	ReportOnly	cp437-inferred	false
/home/mkrueger/work/bbs/bbsarchives/Renegade-Utils/rgranks.zip![5]:RENEGADE	71d056256e41d4ff70832abfe8c37d449ef45f0265bd1d05e0393a339b37cb4a	bbs-archives-passed-banner	ReportOnly	cp437-inferred	false
/home/mkrueger/work/bbs/bbsarchives/Renegade-Utils/rgranks3.zip![6]:RENEGADE	71d056256e41d4ff70832abfe8c37d449ef45f0265bd1d05e0393a339b37cb4a	bbs-archives-passed-banner	ReportOnly	cp437-inferred	false
/home/mkrueger/work/bbs/bbsarchives/Renegade-Utils/rgrcrd11.zip![3]:RENEGADE	71d056256e41d4ff70832abfe8c37d449ef45f0265bd1d05e0393a339b37cb4a	bbs-archives-passed-banner	ReportOnly	cp437-inferred	false
/home/mkrueger/work/bbs/bbsarchives/Renegade-Utils/rgregfix.zip![3]:RENEGADE	71d056256e41d4ff70832abfe8c37d449ef45f0265bd1d05e0393a339b37cb4a	bbs-archives-passed-banner	ReportOnly	cp437-inferred	false
/home/mkrueger/work/bbs/bbsarchives/Renegade-Utils/rgrumors.zip![14]:RENEGADE	71d056256e41d4ff70832abfe8c37d449ef45f0265bd1d05e0393a339b37cb4a	bbs-archives-passed-banner	ReportOnly	cp437-inferred	false
/home/mkrueger/work/bbs/bbsarchives/Renegade-Utils/rgsapp.zip![7]:RENEGADE	71d056256e41d4ff70832abfe8c37d449ef45f0265bd1d05e0393a339b37cb4a	bbs-archives-passed-banner	ReportOnly	cp437-inferred	false
/home/mkrueger/work/bbs/bbsarchives/Renegade-Utils/rgse20.zip![5]:RENEGADE	71d056256e41d4ff70832abfe8c37d449ef45f0265bd1d05e0393a339b37cb4a	bbs-archives-passed-banner	ReportOnly	cp437-inferred	false
/home/mkrueger/work/bbs/bbsarchives/Renegade-Utils/rgse_2d1a.zip![8]:RENEGADE	71d056256e41d4ff70832abfe8c37d449ef45f0265bd1d05e0393a339b37cb4a	bbs-archives-passed-banner	ReportOnly	cp437-inferred	false
/home/mkrueger/work/bbs/bbsarchives/Renegade-Utils/rgsmp110.zip![4]:RENEGADE	71d056256e41d4ff70832abfe8c37d449ef45f0265bd1d05e0393a339b37cb4a	bbs-archives-passed-banner	ReportOnly	cp437-inferred	false
/home/mkrueger/work/bbs/bbsarchives/Renegade-Utils/rgsn0895.zip![18]:RENEGADE	71d056256e41d4ff70832abfe8c37d449ef45f0265bd1d05e0393a339b37cb4a	bbs-archives-passed-banner	ReportOnly	cp437-inferred	false
/home/mkrueger/work/bbs/bbsarchives/Renegade-Utils/rgsq240.zip![4]:RENEGADE	71d056256e41d4ff70832abfe8c37d449ef45f0265bd1d05e0393a339b37cb4a	bbs-archives-passed-banner	ReportOnly	cp437-inferred	false
/home/mkrueger/work/bbs/bbsarchives/Renegade-Utils/rgstat14.zip![2]:RENEGADE	71d056256e41d4ff70832abfe8c37d449ef45f0265bd1d05e0393a339b37cb4a	bbs-archives-passed-banner	ReportOnly	cp437-inferred	false
/home/mkrueger/work/bbs/bbsarchives/Renegade-Utils/rgstates.zip![3]:RENEGADE	71d056256e41d4ff70832abfe8c37d449ef45f0265bd1d05e0393a339b37cb4a	bbs-archives-passed-banner	ReportOnly	cp437-inferred	false
/home/mkrueger/work/bbs/bbsarchives/Renegade-Utils/rgstats_.zip![4]:RENEGADE	71d056256e41d4ff70832abfe8c37d449ef45f0265bd1d05e0393a339b37cb4a	bbs-archives-passed-banner	ReportOnly	cp437-inferred	false
/home/mkrueger/work/bbs/bbsarchives/Renegade-Utils/rgstatsc.zip![5]:RENEGADE	71d056256e41d4ff70832abfe8c37d449ef45f0265bd1d05e0393a339b37cb4a	bbs-archives-passed-banner	ReportOnly	cp437-inferred	false
/home/mkrueger/work/bbs/bbsarchives/Renegade-Utils/rgstfix.zip![5]:RENEGADE	71d056256e41d4ff70832abfe8c37d449ef45f0265bd1d05e0393a339b37cb4a	bbs-archives-passed-banner	ReportOnly	cp437-inferred	false
/home/mkrueger/work/bbs/bbsarchives/Renegade-Utils/rgstruct.zip![1]:RENEGADE	71d056256e41d4ff70832abfe8c37d449ef45f0265bd1d05e0393a339b37cb4a	bbs-archives-passed-banner	ReportOnly	cp437-inferred	false
/home/mkrueger/work/bbs/bbsarchives/Renegade-Utils/rgtabs12.zip![13]:RENEGADE	71d056256e41d4ff70832abfe8c37d449ef45f0265bd1d05e0393a339b37cb4a	bbs-archives-passed-banner	ReportOnly	cp437-inferred	false
/home/mkrueger/work/bbs/bbsarchives/Renegade-Utils/rgtlb18.zip![15]:RENEGADE	71d056256e41d4ff70832abfe8c37d449ef45f0265bd1d05e0393a339b37cb4a	bbs-archives-passed-banner	ReportOnly	cp437-inferred	false
/home/mkrueger/work/bbs/bbsarchives/Renegade-Utils/rgtop10.zip![11]:RENEGADE	71d056256e41d4ff70832abfe8c37d449ef45f0265bd1d05e0393a339b37cb4a	bbs-archives-passed-banner	ReportOnly	cp437-inferred	false
/home/mkrueger/work/bbs/bbsarchives/Renegade-Utils/rgtop100.zip![10]:RENEGADE	71d056256e41d4ff70832abfe8c37d449ef45f0265bd1d05e0393a339b37cb4a	bbs-archives-passed-banner	ReportOnly	cp437-inferred	false
/home/mkrueger/work/bbs/bbsarchives/Renegade-Utils/rgtopusr.zip![4]:RENEGADE	71d056256e41d4ff70832abfe8c37d449ef45f0265bd1d05e0393a339b37cb4a	bbs-archives-passed-banner	ReportOnly	cp437-inferred	false
/home/mkrueger/work/bbs/bbsarchives/Renegade-Utils/rgtoss.zip![1]:RENEGADE	71d056256e41d4ff70832abfe8c37d449ef45f0265bd1d05e0393a339b37cb4a	bbs-archives-passed-banner	ReportOnly	cp437-inferred	false
/home/mkrueger/work/bbs/bbsarchives/Renegade-Utils/rgtriv15.zip![11]:RENEGADE	71d056256e41d4ff70832abfe8c37d449ef45f0265bd1d05e0393a339b37cb4a	bbs-archives-passed-banner	ReportOnly	cp437-inferred	false
/home/mkrueger/work/bbs/bbsarchives/Renegade-Utils/rgtype11.zip![5]:RENEGADE	71d056256e41d4ff70832abfe8c37d449ef45f0265bd1d05e0393a339b37cb4a	bbs-archives-passed-banner	ReportOnly	cp437-inferred	false
/home/mkrueger/work/bbs/bbsarchives/Renegade-Utils/rgu300.zip![4]:RENEGADE	71d056256e41d4ff70832abfe8c37d449ef45f0265bd1d05e0393a339b37cb4a	bbs-archives-passed-banner	ReportOnly	cp437-inferred	false
/home/mkrueger/work/bbs/bbsarchives/Renegade-Utils/rgue20.zip![2]:RENEGADE	71d056256e41d4ff70832abfe8c37d449ef45f0265bd1d05e0393a339b37cb4a	bbs-archives-passed-banner	ReportOnly	cp437-inferred	false
/home/mkrueger/work/bbs/bbsarchives/Renegade-Utils/rgul20.zip![3]:RENEGADE	71d056256e41d4ff70832abfe8c37d449ef45f0265bd1d05e0393a339b37cb4a	bbs-archives-passed-banner	ReportOnly	cp437-inferred	false
/home/mkrueger/work/bbs/bbsarchives/Renegade-Utils/rgulc10.zip![3]:RENEGADE	71d056256e41d4ff70832abfe8c37d449ef45f0265bd1d05e0393a339b37cb4a	bbs-archives-passed-banner	ReportOnly	cp437-inferred	false
/home/mkrueger/work/bbs/bbsarchives/Renegade-Utils/rgulomen.zip![4]:RENEGADE	71d056256e41d4ff70832abfe8c37d449ef45f0265bd1d05e0393a339b37cb4a	bbs-archives-passed-banner	ReportOnly	cp437-inferred	false
/home/mkrueger/work/bbs/bbsarchives/Renegade-Utils/rgumv101.zip![9]:RENEGADE	71d056256e41d4ff70832abfe8c37d449ef45f0265bd1d05e0393a339b37cb4a	bbs-archives-passed-banner	ReportOnly	cp437-inferred	false
/home/mkrueger/work/bbs/bbsarchives/Renegade-Utils/rgundoc6.zip![3]:RENEGADE	71d056256e41d4ff70832abfe8c37d449ef45f0265bd1d05e0393a339b37cb4a	bbs-archives-passed-banner	ReportOnly	cp437-inferred	false
/home/mkrueger/work/bbs/bbsarchives/Renegade-Utils/rgutil10.zip![2]:RENEGADE	71d056256e41d4ff70832abfe8c37d449ef45f0265bd1d05e0393a339b37cb4a	bbs-archives-passed-banner	ReportOnly	cp437-inferred	false
/home/mkrueger/work/bbs/bbsarchives/Renegade-Utils/rgv100.zip![3]:RENEGADE	71d056256e41d4ff70832abfe8c37d449ef45f0265bd1d05e0393a339b37cb4a	bbs-archives-passed-banner	ReportOnly	cp437-inferred	false
/home/mkrueger/work/bbs/bbsarchives/Renegade-Utils/rgvw151.zip![6]:RENEGADE	71d056256e41d4ff70832abfe8c37d449ef45f0265bd1d05e0393a339b37cb4a	bbs-archives-passed-banner	ReportOnly	cp437-inferred	false
/home/mkrueger/work/bbs/bbsarchives/Renegade-Utils/rgweeder.zip![3]:RENEGADE	71d056256e41d4ff70832abfe8c37d449ef45f0265bd1d05e0393a339b37cb4a	bbs-archives-passed-banner	ReportOnly	cp437-inferred	false
/home/mkrueger/work/bbs/bbsarchives/Renegade-Utils/rgwindow.zip![3]:RENEGADE	71d056256e41d4ff70832abfe8c37d449ef45f0265bd1d05e0393a339b37cb4a	bbs-archives-passed-banner	ReportOnly	cp437-inferred	false
/home/mkrueger/work/bbs/bbsarchives/Renegade-Utils/rgwow13.zip![6]:RENEGADE	71d056256e41d4ff70832abfe8c37d449ef45f0265bd1d05e0393a339b37cb4a	bbs-archives-passed-banner	ReportOnly	cp437-inferred	false
/home/mkrueger/work/bbs/bbsarchives/Renegade-Utils/rha_2d11.zip![14]:RENEGADE	71d056256e41d4ff70832abfe8c37d449ef45f0265bd1d05e0393a339b37cb4a	bbs-archives-passed-banner	ReportOnly	cp437-inferred	false
/home/mkrueger/work/bbs/bbsarchives/Renegade-Utils/rnmon20.zip![5]:RENEGADE	71d056256e41d4ff70832abfe8c37d449ef45f0265bd1d05e0393a339b37cb4a	bbs-archives-passed-banner	ReportOnly	cp437-inferred	false
/home/mkrueger/work/bbs/bbsarchives/Renegade-Utils/rnws121b.zip![17]:RENEGADE	71d056256e41d4ff70832abfe8c37d449ef45f0265bd1d05e0393a339b37cb4a	bbs-archives-passed-banner	ReportOnly	cp437-inferred	false
/home/mkrueger/work/bbs/bbsarchives/Renegade-Utils/rqlist13.zip![4]:RENEGADE	71d056256e41d4ff70832abfe8c37d449ef45f0265bd1d05e0393a339b37cb4a	bbs-archives-passed-banner	ReportOnly	cp437-inferred	false
/home/mkrueger/work/bbs/bbsarchives/Renegade-Utils/rstat_2d33.zip![6]:RENEGADE	71d056256e41d4ff70832abfe8c37d449ef45f0265bd1d05e0393a339b37cb4a	bbs-archives-passed-banner	ReportOnly	cp437-inferred	false
/home/mkrueger/work/bbs/bbsarchives/Renegade-Utils/rtop_2d13.zip![4]:RENEGADE	71d056256e41d4ff70832abfe8c37d449ef45f0265bd1d05e0393a339b37cb4a	bbs-archives-passed-banner	ReportOnly	cp437-inferred	false
/home/mkrueger/work/bbs/bbsarchives/Renegade-Utils/rum28b.zip![15]:RENEGADE	71d056256e41d4ff70832abfe8c37d449ef45f0265bd1d05e0393a339b37cb4a	bbs-archives-passed-banner	ReportOnly	cp437-inferred	false
/home/mkrueger/work/bbs/bbsarchives/Renegade-Utils/rumr1099.zip![8]:RENEGADE	71d056256e41d4ff70832abfe8c37d449ef45f0265bd1d05e0393a339b37cb4a	bbs-archives-passed-banner	ReportOnly	cp437-inferred	false
/home/mkrueger/work/bbs/bbsarchives/Renegade-Utils/rw100wb1.zip![30]:RENEGADE	71d056256e41d4ff70832abfe8c37d449ef45f0265bd1d05e0393a339b37cb4a	bbs-archives-passed-banner	ReportOnly	cp437-inferred	false
/home/mkrueger/work/bbs/bbsarchives/Renegade-Utils/scheme_.zip![6]:RENEGADE	71d056256e41d4ff70832abfe8c37d449ef45f0265bd1d05e0393a339b37cb4a	bbs-archives-passed-banner	ReportOnly	cp437-inferred	false
/home/mkrueger/work/bbs/bbsarchives/Renegade-Utils/scimatrx.zip![13]:RENEGADE	71d056256e41d4ff70832abfe8c37d449ef45f0265bd1d05e0393a339b37cb4a	bbs-archives-passed-banner	ReportOnly	cp437-inferred	false
/home/mkrueger/work/bbs/bbsarchives/Renegade-Utils/sdn2rg.zip![9]:RENEGADE	71d056256e41d4ff70832abfe8c37d449ef45f0265bd1d05e0393a339b37cb4a	bbs-archives-passed-banner	ReportOnly	cp437-inferred	false
/home/mkrueger/work/bbs/bbsarchives/Renegade-Utils/seerg01.zip![5]:RENEGADE	71d056256e41d4ff70832abfe8c37d449ef45f0265bd1d05e0393a339b37cb4a	bbs-archives-passed-banner	ReportOnly	cp437-inferred	false
/home/mkrueger/work/bbs/bbsarchives/Renegade-Utils/setmass.zip![2]:RENEGADE	71d056256e41d4ff70832abfe8c37d449ef45f0265bd1d05e0393a339b37cb4a	bbs-archives-passed-banner	ReportOnly	cp437-inferred	false
/home/mkrueger/work/bbs/bbsarchives/Renegade-Utils/setuprg.zip![4]:RENEGADE	71d056256e41d4ff70832abfe8c37d449ef45f0265bd1d05e0393a339b37cb4a	bbs-archives-passed-banner	ReportOnly	cp437-inferred	false
/home/mkrueger/work/bbs/bbsarchives/Renegade-Utils/short100.zip![2]:RENEGADE	71d056256e41d4ff70832abfe8c37d449ef45f0265bd1d05e0393a339b37cb4a	bbs-archives-passed-banner	ReportOnly	cp437-inferred	false
/home/mkrueger/work/bbs/bbsarchives/Renegade-Utils/shorty10.zip![11]:RENEGADE	71d056256e41d4ff70832abfe8c37d449ef45f0265bd1d05e0393a339b37cb4a	bbs-archives-passed-banner	ReportOnly	cp437-inferred	false
/home/mkrueger/work/bbs/bbsarchives/Renegade-Utils/shuttle.zip![5]:RENEGADE	71d056256e41d4ff70832abfe8c37d449ef45f0265bd1d05e0393a339b37cb4a	bbs-archives-passed-banner	ReportOnly	cp437-inferred	false
/home/mkrueger/work/bbs/bbsarchives/Renegade-Utils/sl11_2ddsw.zip![5]:RENEGADE	71d056256e41d4ff70832abfe8c37d449ef45f0265bd1d05e0393a339b37cb4a	bbs-archives-passed-banner	ReportOnly	cp437-inferred	false
/home/mkrueger/work/bbs/bbsarchives/Renegade-Utils/slockf.zip![3]:RENEGADE	71d056256e41d4ff70832abfe8c37d449ef45f0265bd1d05e0393a339b37cb4a	bbs-archives-passed-banner	ReportOnly	cp437-inferred	false
/home/mkrueger/work/bbs/bbsarchives/Renegade-Utils/smartl11.zip![16]:RENEGADE	71d056256e41d4ff70832abfe8c37d449ef45f0265bd1d05e0393a339b37cb4a	bbs-archives-passed-banner	ReportOnly	cp437-inferred	false
/home/mkrueger/work/bbs/bbsarchives/Renegade-Utils/smlast10.zip![4]:RENEGADE	71d056256e41d4ff70832abfe8c37d449ef45f0265bd1d05e0393a339b37cb4a	bbs-archives-passed-banner	ReportOnly	cp437-inferred	false
/home/mkrueger/work/bbs/bbsarchives/Renegade-Utils/so_2dlcall.zip![6]:RENEGADE	71d056256e41d4ff70832abfe8c37d449ef45f0265bd1d05e0393a339b37cb4a	bbs-archives-passed-banner	ReportOnly	cp437-inferred	false
/home/mkrueger/work/bbs/bbsarchives/Renegade-Utils/sortbbs.zip![2]:RENEGADE	71d056256e41d4ff70832abfe8c37d449ef45f0265bd1d05e0393a339b37cb4a	bbs-archives-passed-banner	ReportOnly	cp437-inferred	false
/home/mkrueger/work/bbs/bbsarchives/Renegade-Utils/sr231.zip![14]:RENEGADE	71d056256e41d4ff70832abfe8c37d449ef45f0265bd1d05e0393a339b37cb4a	bbs-archives-passed-banner	ReportOnly	cp437-inferred	false
/home/mkrueger/work/bbs/bbsarchives/Renegade-Utils/stat10.zip![4]:RENEGADE	71d056256e41d4ff70832abfe8c37d449ef45f0265bd1d05e0393a339b37cb4a	bbs-archives-passed-banner	ReportOnly	cp437-inferred	false
/home/mkrueger/work/bbs/bbsarchives/Renegade-Utils/structs.zip![2]:RENEGADE	71d056256e41d4ff70832abfe8c37d449ef45f0265bd1d05e0393a339b37cb4a	bbs-archives-passed-banner	ReportOnly	cp437-inferred	false
/home/mkrueger/work/bbs/bbsarchives/Renegade-Utils/subdir.zip![3]:RENEGADE	71d056256e41d4ff70832abfe8c37d449ef45f0265bd1d05e0393a339b37cb4a	bbs-archives-passed-banner	ReportOnly	cp437-inferred	false
/home/mkrueger/work/bbs/bbsarchives/Renegade-Utils/suprtape.zip![8]:RENEGADE	71d056256e41d4ff70832abfe8c37d449ef45f0265bd1d05e0393a339b37cb4a	bbs-archives-passed-banner	ReportOnly	cp437-inferred	false
/home/mkrueger/work/bbs/bbsarchives/Renegade-Utils/sus_12.zip![23]:RENEGADE	71d056256e41d4ff70832abfe8c37d449ef45f0265bd1d05e0393a339b37cb4a	bbs-archives-passed-banner	ReportOnly	cp437-inferred	false
/home/mkrueger/work/bbs/bbsarchives/Renegade-Utils/sysfix.zip![2]:RENEGADE	71d056256e41d4ff70832abfe8c37d449ef45f0265bd1d05e0393a339b37cb4a	bbs-archives-passed-banner	ReportOnly	cp437-inferred	false
/home/mkrueger/work/bbs/bbsarchives/Renegade-Utils/tbg100.zip![5]:RENEGADE	71d056256e41d4ff70832abfe8c37d449ef45f0265bd1d05e0393a339b37cb4a	bbs-archives-passed-banner	ReportOnly	cp437-inferred	false
/home/mkrueger/work/bbs/bbsarchives/Renegade-Utils/telehelp.zip![5]:RENEGADE	71d056256e41d4ff70832abfe8c37d449ef45f0265bd1d05e0393a339b37cb4a	bbs-archives-passed-banner	ReportOnly	cp437-inferred	false
/home/mkrueger/work/bbs/bbsarchives/Renegade-Utils/tg2rg103.zip![3]:RENEGADE	71d056256e41d4ff70832abfe8c37d449ef45f0265bd1d05e0393a339b37cb4a	bbs-archives-passed-banner	ReportOnly	cp437-inferred	false
/home/mkrueger/work/bbs/bbsarchives/Renegade-Utils/tg2rg11.zip![2]:RENEGADE	71d056256e41d4ff70832abfe8c37d449ef45f0265bd1d05e0393a339b37cb4a	bbs-archives-passed-banner	ReportOnly	cp437-inferred	false
/home/mkrueger/work/bbs/bbsarchives/Renegade-Utils/thd10bet.zip![7]:RENEGADE	71d056256e41d4ff70832abfe8c37d449ef45f0265bd1d05e0393a339b37cb4a	bbs-archives-passed-banner	ReportOnly	cp437-inferred	false
/home/mkrueger/work/bbs/bbsarchives/Renegade-Utils/thdpro10.zip![21]:RENEGADE	71d056256e41d4ff70832abfe8c37d449ef45f0265bd1d05e0393a339b37cb4a	bbs-archives-passed-banner	ReportOnly	cp437-inferred	false
/home/mkrueger/work/bbs/bbsarchives/Renegade-Utils/thdscan.zip![6]:RENEGADE	71d056256e41d4ff70832abfe8c37d449ef45f0265bd1d05e0393a339b37cb4a	bbs-archives-passed-banner	ReportOnly	cp437-inferred	false
/home/mkrueger/work/bbs/bbsarchives/Renegade-Utils/topal191.zip![8]:RENEGADE	71d056256e41d4ff70832abfe8c37d449ef45f0265bd1d05e0393a339b37cb4a	bbs-archives-passed-banner	ReportOnly	cp437-inferred	false
/home/mkrueger/work/bbs/bbsarchives/Renegade-Utils/topdl_12.zip![4]:RENEGADE	71d056256e41d4ff70832abfe8c37d449ef45f0265bd1d05e0393a339b37cb4a	bbs-archives-passed-banner	ReportOnly	cp437-inferred	false
/home/mkrueger/work/bbs/bbsarchives/Renegade-Utils/topfil11.zip![8]:RENEGADE	71d056256e41d4ff70832abfe8c37d449ef45f0265bd1d05e0393a339b37cb4a	bbs-archives-passed-banner	ReportOnly	cp437-inferred	false
/home/mkrueger/work/bbs/bbsarchives/Renegade-Utils/topguy22.zip![7]:RENEGADE	71d056256e41d4ff70832abfe8c37d449ef45f0265bd1d05e0393a339b37cb4a	bbs-archives-passed-banner	ReportOnly	cp437-inferred	false
/home/mkrueger/work/bbs/bbsarchives/Renegade-Utils/topit10.zip![4]:RENEGADE	71d056256e41d4ff70832abfe8c37d449ef45f0265bd1d05e0393a339b37cb4a	bbs-archives-passed-banner	ReportOnly	cp437-inferred	false
/home/mkrueger/work/bbs/bbsarchives/Renegade-Utils/toppost.zip![2]:RENEGADE	71d056256e41d4ff70832abfe8c37d449ef45f0265bd1d05e0393a339b37cb4a	bbs-archives-passed-banner	ReportOnly	cp437-inferred	false
/home/mkrueger/work/bbs/bbsarchives/Renegade-Utils/topuse13.zip![4]:RENEGADE	71d056256e41d4ff70832abfe8c37d449ef45f0265bd1d05e0393a339b37cb4a	bbs-archives-passed-banner	ReportOnly	cp437-inferred	false
/home/mkrueger/work/bbs/bbsarchives/Renegade-Utils/tpost50.zip![4]:RENEGADE	71d056256e41d4ff70832abfe8c37d449ef45f0265bd1d05e0393a339b37cb4a	bbs-archives-passed-banner	ReportOnly	cp437-inferred	false
/home/mkrueger/work/bbs/bbsarchives/Renegade-Utils/tr23.zip![5]:RENEGADE	71d056256e41d4ff70832abfe8c37d449ef45f0265bd1d05e0393a339b37cb4a	bbs-archives-passed-banner	ReportOnly	cp437-inferred	false
/home/mkrueger/work/bbs/bbsarchives/Renegade-Utils/trek0496.zip![8]:RENEGADE	71d056256e41d4ff70832abfe8c37d449ef45f0265bd1d05e0393a339b37cb4a	bbs-archives-passed-banner	ReportOnly	cp437-inferred	false
/home/mkrueger/work/bbs/bbsarchives/Renegade-Utils/ts10.zip![3]:RENEGADE	71d056256e41d4ff70832abfe8c37d449ef45f0265bd1d05e0393a339b37cb4a	bbs-archives-passed-banner	ReportOnly	cp437-inferred	false
/home/mkrueger/work/bbs/bbsarchives/Renegade-Utils/typerg10.zip![4]:RENEGADE	71d056256e41d4ff70832abfe8c37d449ef45f0265bd1d05e0393a339b37cb4a	bbs-archives-passed-banner	ReportOnly	cp437-inferred	false
/home/mkrueger/work/bbs/bbsarchives/Renegade-Utils/uchat110.zip![5]:RENEGADE	71d056256e41d4ff70832abfe8c37d449ef45f0265bd1d05e0393a339b37cb4a	bbs-archives-passed-banner	ReportOnly	cp437-inferred	false
/home/mkrueger/work/bbs/bbsarchives/Renegade-Utils/ufbf.zip![4]:RENEGADE	71d056256e41d4ff70832abfe8c37d449ef45f0265bd1d05e0393a339b37cb4a	bbs-archives-passed-banner	ReportOnly	cp437-inferred	false
/home/mkrueger/work/bbs/bbsarchives/Renegade-Utils/ufchg10.zip![4]:RENEGADE	71d056256e41d4ff70832abfe8c37d449ef45f0265bd1d05e0393a339b37cb4a	bbs-archives-passed-banner	ReportOnly	cp437-inferred	false
/home/mkrueger/work/bbs/bbsarchives/Renegade-Utils/ulist07.zip![4]:RENEGADE	71d056256e41d4ff70832abfe8c37d449ef45f0265bd1d05e0393a339b37cb4a	bbs-archives-passed-banner	ReportOnly	cp437-inferred	false
/home/mkrueger/work/bbs/bbsarchives/Renegade-Utils/ulist10.zip![6]:RENEGADE	71d056256e41d4ff70832abfe8c37d449ef45f0265bd1d05e0393a339b37cb4a	bbs-archives-passed-banner	ReportOnly	cp437-inferred	false
/home/mkrueger/work/bbs/bbsarchives/Renegade-Utils/ulst12.zip![7]:RENEGADE	71d056256e41d4ff70832abfe8c37d449ef45f0265bd1d05e0393a339b37cb4a	bbs-archives-passed-banner	ReportOnly	cp437-inferred	false
/home/mkrueger/work/bbs/bbsarchives/Renegade-Utils/ultra15.zip![14]:RENEGADE	71d056256e41d4ff70832abfe8c37d449ef45f0265bd1d05e0393a339b37cb4a	bbs-archives-passed-banner	ReportOnly	cp437-inferred	false
/home/mkrueger/work/bbs/bbsarchives/Renegade-Utils/ultra16.zip![13]:RENEGADE	71d056256e41d4ff70832abfe8c37d449ef45f0265bd1d05e0393a339b37cb4a	bbs-archives-passed-banner	ReportOnly	cp437-inferred	false
/home/mkrueger/work/bbs/bbsarchives/Renegade-Utils/ultra17.zip![13]:RENEGADE	71d056256e41d4ff70832abfe8c37d449ef45f0265bd1d05e0393a339b37cb4a	bbs-archives-passed-banner	ReportOnly	cp437-inferred	false
/home/mkrueger/work/bbs/bbsarchives/Renegade-Utils/uod_2drg21.zip![5]:RENEGADE	71d056256e41d4ff70832abfe8c37d449ef45f0265bd1d05e0393a339b37cb4a	bbs-archives-passed-banner	ReportOnly	cp437-inferred	false
/home/mkrueger/work/bbs/bbsarchives/Renegade-Utils/uodrg10.zip![5]:RENEGADE	71d056256e41d4ff70832abfe8c37d449ef45f0265bd1d05e0393a339b37cb4a	bbs-archives-passed-banner	ReportOnly	cp437-inferred	false
/home/mkrueger/work/bbs/bbsarchives/Renegade-Utils/upmsg01.zip![5]:RENEGADE	71d056256e41d4ff70832abfe8c37d449ef45f0265bd1d05e0393a339b37cb4a	bbs-archives-passed-banner	ReportOnly	cp437-inferred	false
/home/mkrueger/work/bbs/bbsarchives/Renegade-Utils/usagev10.zip![4]:RENEGADE	71d056256e41d4ff70832abfe8c37d449ef45f0265bd1d05e0393a339b37cb4a	bbs-archives-passed-banner	ReportOnly	cp437-inferred	false
/home/mkrueger/work/bbs/bbsarchives/Renegade-Utils/ustat11.zip![5]:RENEGADE	71d056256e41d4ff70832abfe8c37d449ef45f0265bd1d05e0393a339b37cb4a	bbs-archives-passed-banner	ReportOnly	cp437-inferred	false
/home/mkrueger/work/bbs/bbsarchives/Renegade-Utils/ustglist.zip![1]:RENEGADE	71d056256e41d4ff70832abfe8c37d449ef45f0265bd1d05e0393a339b37cb4a	bbs-archives-passed-banner	ReportOnly	cp437-inferred	false
/home/mkrueger/work/bbs/bbsarchives/Renegade-Utils/viewer.zip![3]:RENEGADE	71d056256e41d4ff70832abfe8c37d449ef45f0265bd1d05e0393a339b37cb4a	bbs-archives-passed-banner	ReportOnly	cp437-inferred	false
/home/mkrueger/work/bbs/bbsarchives/Renegade-Utils/vmsg101.zip![4]:RENEGADE	71d056256e41d4ff70832abfe8c37d449ef45f0265bd1d05e0393a339b37cb4a	bbs-archives-passed-banner	ReportOnly	cp437-inferred	false
/home/mkrueger/work/bbs/bbsarchives/Renegade-Utils/vpage_b2.zip![5]:RENEGADE	71d056256e41d4ff70832abfe8c37d449ef45f0265bd1d05e0393a339b37cb4a	bbs-archives-passed-banner	ReportOnly	cp437-inferred	false
/home/mkrueger/work/bbs/bbsarchives/Renegade-Utils/vt_2drgmnu.zip![3]:RENEGADE	71d056256e41d4ff70832abfe8c37d449ef45f0265bd1d05e0393a339b37cb4a	bbs-archives-passed-banner	ReportOnly	cp437-inferred	false
/home/mkrueger/work/bbs/bbsarchives/Renegade-Utils/whatdone.zip![1]:RENEGADE	71d056256e41d4ff70832abfe8c37d449ef45f0265bd1d05e0393a339b37cb4a	bbs-archives-passed-banner	ReportOnly	cp437-inferred	false
/home/mkrueger/work/bbs/bbsarchives/Renegade-Utils/woosrg11.zip![5]:RENEGADE	71d056256e41d4ff70832abfe8c37d449ef45f0265bd1d05e0393a339b37cb4a	bbs-archives-passed-banner	ReportOnly	cp437-inferred	false
/home/mkrueger/work/bbs/bbsarchives/Renegade-Utils/xcbv321.zip![8]:RENEGADE	71d056256e41d4ff70832abfe8c37d449ef45f0265bd1d05e0393a339b37cb4a	bbs-archives-passed-banner	ReportOnly	cp437-inferred	false
/home/mkrueger/work/bbs/bbsarchives/Renegade-Utils/xchgrg12.zip![10]:RENEGADE	71d056256e41d4ff70832abfe8c37d449ef45f0265bd1d05e0393a339b37cb4a	bbs-archives-passed-banner	ReportOnly	cp437-inferred	false
/home/mkrueger/work/bbs/bbsarchives/Renegade-Utils/yell.zip![2]:RENEGADE	71d056256e41d4ff70832abfe8c37d449ef45f0265bd1d05e0393a339b37cb4a	bbs-archives-passed-banner	ReportOnly	cp437-inferred	false
/home/mkrueger/work/bbs/bbsarchives/Renegade-Utils/yestat30.zip![9]:RENEGADE	71d056256e41d4ff70832abfe8c37d449ef45f0265bd1d05e0393a339b37cb4a	bbs-archives-passed-banner	ReportOnly	cp437-inferred	false
/home/mkrueger/work/bbs/bbsarchives/Renegade-Utils/yobustrg.zip![9]:RENEGADE	71d056256e41d4ff70832abfe8c37d449ef45f0265bd1d05e0393a339b37cb4a	bbs-archives-passed-banner	ReportOnly	cp437-inferred	false
/home/mkrueger/work/bbs/bbsarchives/Renegade-Utils/ystats11.zip![6]:RENEGADE	71d056256e41d4ff70832abfe8c37d449ef45f0265bd1d05e0393a339b37cb4a	bbs-archives-passed-banner	ReportOnly	cp437-inferred	false
/home/mkrueger/work/bbs/bbsarchives/Rip-Utils/mxp_v210.zip![9]:ARCHIVES.BBS	71d056256e41d4ff70832abfe8c37d449ef45f0265bd1d05e0393a339b37cb4a	bbs-archives-passed-banner	ReportOnly	cp437-inferred	false
/home/mkrueger/work/bbs/bbsarchives/Rip-Utils/mxt_p210.zip![13]:ARCHIVES.BBS	71d056256e41d4ff70832abfe8c37d449ef45f0265bd1d05e0393a339b37cb4a	bbs-archives-passed-banner	ReportOnly	cp437-inferred	false
/home/mkrueger/work/bbs/bbsarchives/Searchlight-Utils/sm_v103.zip![19]:DOORS.BBS	71d056256e41d4ff70832abfe8c37d449ef45f0265bd1d05e0393a339b37cb4a	bbs-archives-passed-banner	ReportOnly	cp437-inferred	false
/home/mkrueger/work/bbs/bbsarchives/Shopping-and-ordering-doors/osmv1_2.zip![54]:ARCHIVES.BBS	71d056256e41d4ff70832abfe8c37d449ef45f0265bd1d05e0393a339b37cb4a	bbs-archives-passed-banner	ReportOnly	cp437-inferred	false
/home/mkrueger/work/bbs/bbsarchives/Shopping-and-ordering-doors/sellit95.zip![5]:DOORS.BBS	71d056256e41d4ff70832abfe8c37d449ef45f0265bd1d05e0393a339b37cb4a	bbs-archives-passed-banner	ReportOnly	cp437-inferred	false
/home/mkrueger/work/bbs/bbsarchives/Shopping-and-ordering-doors/sfonp10.zip![15]:DOORS.BBS	71d056256e41d4ff70832abfe8c37d449ef45f0265bd1d05e0393a339b37cb4a	bbs-archives-passed-banner	ReportOnly	cp437-inferred	false
/home/mkrueger/work/bbs/bbsarchives/Shopping-and-ordering-doors/syseob10.zip![1]:DOORS.BBS	71d056256e41d4ff70832abfe8c37d449ef45f0265bd1d05e0393a339b37cb4a	bbs-archives-passed-banner	ReportOnly	cp437-inferred	false
/home/mkrueger/work/bbs/bbsarchives/TIC-file-Processors/ffx09910.zip![26]:ARCHIVES.BBS	71d056256e41d4ff70832abfe8c37d449ef45f0265bd1d05e0393a339b37cb4a	bbs-archives-passed-banner	ReportOnly	cp437-inferred	false
/home/mkrueger/work/bbs/bbsarchives/TIC-file-Processors/t2tv210.zip![5]:ARCHIVES.BBS	71d056256e41d4ff70832abfe8c37d449ef45f0265bd1d05e0393a339b37cb4a	bbs-archives-passed-banner	ReportOnly	cp437-inferred	false
/home/mkrueger/work/bbs/bbsarchives/UG-RA-Others/cfe_2d1l10.zip![4]:ARCHIVES.BBS	71d056256e41d4ff70832abfe8c37d449ef45f0265bd1d05e0393a339b37cb4a	bbs-archives-passed-banner	ReportOnly	cp437-inferred	false
/home/mkrueger/work/bbs/bbsarchives/UG-RA-Others/cfe_2ddis2.zip![4]:ARCHIVES.BBS	71d056256e41d4ff70832abfe8c37d449ef45f0265bd1d05e0393a339b37cb4a	bbs-archives-passed-banner	ReportOnly	cp437-inferred	false
/home/mkrueger/work/bbs/bbsarchives/UG-RA-Others/cfe_2dpage.zip![5]:ARCHIVES.BBS	71d056256e41d4ff70832abfe8c37d449ef45f0265bd1d05e0393a339b37cb4a	bbs-archives-passed-banner	ReportOnly	cp437-inferred	false
/home/mkrueger/work/bbs/bbsarchives/UG-RA-Others/cfe_2dpl20.zip![5]:ARCHIVES.BBS	71d056256e41d4ff70832abfe8c37d449ef45f0265bd1d05e0393a339b37cb4a	bbs-archives-passed-banner	ReportOnly	cp437-inferred	false
/home/mkrueger/work/bbs/bbsarchives/UG-RA-Others/cfe_2dpl2f.zip![5]:PC_MICRO.NFO	71d056256e41d4ff70832abfe8c37d449ef45f0265bd1d05e0393a339b37cb4a	bbs-archives-passed-banner	ReportOnly	cp437-inferred	false
/home/mkrueger/work/bbs/bbsarchives/UG-RA-Others/dhop.zip![5]:ARCHIVES.BBS	71d056256e41d4ff70832abfe8c37d449ef45f0265bd1d05e0393a339b37cb4a	bbs-archives-passed-banner	ReportOnly	cp437-inferred	false
/home/mkrueger/work/bbs/bbsarchives/UG-RA-Others/dlast21.zip![8]:ARCHIVES.BBS	71d056256e41d4ff70832abfe8c37d449ef45f0265bd1d05e0393a339b37cb4a	bbs-archives-passed-banner	ReportOnly	cp437-inferred	false
/home/mkrueger/work/bbs/bbsarchives/UG-RA-Others/dma_2dchk1.zip![11]:ARCHIVES.BBS	71d056256e41d4ff70832abfe8c37d449ef45f0265bd1d05e0393a339b37cb4a	bbs-archives-passed-banner	ReportOnly	cp437-inferred	false
/home/mkrueger/work/bbs/bbsarchives/UG-RA-Others/dma_2ddp02.zip![10]:ARCHIVES.BBS	71d056256e41d4ff70832abfe8c37d449ef45f0265bd1d05e0393a339b37cb4a	bbs-archives-passed-banner	ReportOnly	cp437-inferred	false
/home/mkrueger/work/bbs/bbsarchives/UG-RA-Others/dma_2dmnus.zip![7]:ARCHIVES.BBS	71d056256e41d4ff70832abfe8c37d449ef45f0265bd1d05e0393a339b37cb4a	bbs-archives-passed-banner	ReportOnly	cp437-inferred	false
/home/mkrueger/work/bbs/bbsarchives/UG-RA-Others/dma_2dvlfd.zip![23]:ARCHIVES.BBS	71d056256e41d4ff70832abfe8c37d449ef45f0265bd1d05e0393a339b37cb4a	bbs-archives-passed-banner	ReportOnly	cp437-inferred	false
/home/mkrueger/work/bbs/bbsarchives/UG-RA-Others/dtaggab.zip![9]:ARCHIVES.BBS	71d056256e41d4ff70832abfe8c37d449ef45f0265bd1d05e0393a339b37cb4a	bbs-archives-passed-banner	ReportOnly	cp437-inferred	false
/home/mkrueger/work/bbs/bbsarchives/UG-RA-Others/dwrinfo.zip![2]:ARCHIVES.BBS	71d056256e41d4ff70832abfe8c37d449ef45f0265bd1d05e0393a339b37cb4a	bbs-archives-passed-banner	ReportOnly	cp437-inferred	false
/home/mkrueger/work/bbs/bbsarchives/UG-RA-Others/efc_ent3.zip![129]:ARCHIVES.BBS	71d056256e41d4ff70832abfe8c37d449ef45f0265bd1d05e0393a339b37cb4a	bbs-archives-passed-banner	ReportOnly	cp437-inferred	false
/home/mkrueger/work/bbs/bbsarchives/UG-RA-Others/lwnews10.zip![8]:ARCHIVES.BBS	71d056256e41d4ff70832abfe8c37d449ef45f0265bd1d05e0393a339b37cb4a	bbs-archives-passed-banner	ReportOnly	cp437-inferred	false
/home/mkrueger/work/bbs/bbsarchives/UG-RA-Others/ml200b3.zip![50]:ARCHIVES.BBS	71d056256e41d4ff70832abfe8c37d449ef45f0265bd1d05e0393a339b37cb4a	bbs-archives-passed-banner	ReportOnly	cp437-inferred	false
/home/mkrueger/work/bbs/bbsarchives/UG-RA-Others/rmenub.zip![6]:ARCHIVES.BBS	71d056256e41d4ff70832abfe8c37d449ef45f0265bd1d05e0393a339b37cb4a	bbs-archives-passed-banner	ReportOnly	cp437-inferred	false
/home/mkrueger/work/bbs/bbsarchives/UG-RA-Others/valsrc.zip![63]:ARCHIVES.BBS	71d056256e41d4ff70832abfe8c37d449ef45f0265bd1d05e0393a339b37cb4a	bbs-archives-passed-banner	ReportOnly	cp437-inferred	false
/home/mkrueger/work/bbs/bbsarchives/Voting-Booth-doors/avb26.zip![27]:ARCHIVES.BBS	71d056256e41d4ff70832abfe8c37d449ef45f0265bd1d05e0393a339b37cb4a	bbs-archives-passed-banner	ReportOnly	cp437-inferred	false
/home/mkrueger/work/bbs/bbsarchives/Voting-Booth-doors/dctvd040.zip![14]:ARCHIVES.BBS	71d056256e41d4ff70832abfe8c37d449ef45f0265bd1d05e0393a339b37cb4a	bbs-archives-passed-banner	ReportOnly	cp437-inferred	false
/home/mkrueger/work/bbs/bbsarchives/Voting-Booth-doors/dvb320.zip![16]:ARCHIVES.BBS	71d056256e41d4ff70832abfe8c37d449ef45f0265bd1d05e0393a339b37cb4a	bbs-archives-passed-banner	ReportOnly	cp437-inferred	false
/home/mkrueger/work/bbs/bbsarchives/Voting-Booth-doors/dvbsp320.zip![16]:ARCHIVES.BBS	71d056256e41d4ff70832abfe8c37d449ef45f0265bd1d05e0393a339b37cb4a	bbs-archives-passed-banner	ReportOnly	cp437-inferred	false
/home/mkrueger/work/bbs/bbsarchives/Voting-Booth-doors/dvote_15.zip![11]:ARCHIVES.BBS	71d056256e41d4ff70832abfe8c37d449ef45f0265bd1d05e0393a339b37cb4a	bbs-archives-passed-banner	ReportOnly	cp437-inferred	false
/home/mkrueger/work/bbs/bbsarchives/Voting-Booth-doors/fvb20.zip![6]:ARCHIVES.BBS	71d056256e41d4ff70832abfe8c37d449ef45f0265bd1d05e0393a339b37cb4a	bbs-archives-passed-banner	ReportOnly	cp437-inferred	false
/home/mkrueger/work/bbs/bbsarchives/Voting-Booth-doors/fvote350.zip![27]:ARCHIVES.BBS	71d056256e41d4ff70832abfe8c37d449ef45f0265bd1d05e0393a339b37cb4a	bbs-archives-passed-banner	ReportOnly	cp437-inferred	false
/home/mkrueger/work/bbs/bbsarchives/Voting-Booth-doors/kpv31r2.zip![6]:ARCHIVES.BBS	71d056256e41d4ff70832abfe8c37d449ef45f0265bd1d05e0393a339b37cb4a	bbs-archives-passed-banner	ReportOnly	cp437-inferred	false
/home/mkrueger/work/bbs/bbsarchives/Voting-Booth-doors/nwbth128.zip![5]:ARCHIVES.BBS	71d056256e41d4ff70832abfe8c37d449ef45f0265bd1d05e0393a339b37cb4a	bbs-archives-passed-banner	ReportOnly	cp437-inferred	false
/home/mkrueger/work/bbs/bbsarchives/Voting-Booth-doors/pbv_210.zip![14]:ARCHIVES.BBS	71d056256e41d4ff70832abfe8c37d449ef45f0265bd1d05e0393a339b37cb4a	bbs-archives-passed-banner	ReportOnly	cp437-inferred	false
/home/mkrueger/work/bbs/bbsarchives/Voting-Booth-doors/rvb_10.zip![35]:ARCHIVES.BBS	71d056256e41d4ff70832abfe8c37d449ef45f0265bd1d05e0393a339b37cb4a	bbs-archives-passed-banner	ReportOnly	cp437-inferred	false
/home/mkrueger/work/bbs/bbsarchives/Voting-Booth-doors/tpsv099a.zip![9]:ARCHIVES.BBS	71d056256e41d4ff70832abfe8c37d449ef45f0265bd1d05e0393a339b37cb4a	bbs-archives-passed-banner	ReportOnly	cp437-inferred	false
/home/mkrueger/work/bbs/bbsarchives/Voting-Booth-doors/vote.zip![20]:ARCHIVES.BBS	71d056256e41d4ff70832abfe8c37d449ef45f0265bd1d05e0393a339b37cb4a	bbs-archives-passed-banner	ReportOnly	cp437-inferred	false
/home/mkrueger/work/bbs/bbsarchives/Voting-Booth-doors/vote11.zip![5]:ARCHIVES.BBS	71d056256e41d4ff70832abfe8c37d449ef45f0265bd1d05e0393a339b37cb4a	bbs-archives-passed-banner	ReportOnly	cp437-inferred	false
/home/mkrueger/work/bbs/bbsarchives/Voting-Booth-doors/vote2.zip![5]:ARCHIVES.BBS	71d056256e41d4ff70832abfe8c37d449ef45f0265bd1d05e0393a339b37cb4a	bbs-archives-passed-banner	ReportOnly	cp437-inferred	false
/home/mkrueger/work/bbs/bbsarchives/Voting-Booth-doors/voteme12.zip![6]:ARCHIVES.BBS	71d056256e41d4ff70832abfe8c37d449ef45f0265bd1d05e0393a339b37cb4a	bbs-archives-passed-banner	ReportOnly	cp437-inferred	false
/home/mkrueger/work/bbs/bbsarchives/Walls-and-liners-msg-doors/10_wall.zip![10]:ARCHIVES.BBS	71d056256e41d4ff70832abfe8c37d449ef45f0265bd1d05e0393a339b37cb4a	bbs-archives-passed-banner	ReportOnly	cp437-inferred	false
/home/mkrueger/work/bbs/bbsarchives/Walls-and-liners-msg-doors/14nlinez.zip![5]:ARCHIVES.BBS	71d056256e41d4ff70832abfe8c37d449ef45f0265bd1d05e0393a339b37cb4a	bbs-archives-passed-banner	ReportOnly	cp437-inferred	false
/home/mkrueger/work/bbs/bbsarchives/Walls-and-liners-msg-doors/1graf.zip![14]:ARCHIVES.BBS	71d056256e41d4ff70832abfe8c37d449ef45f0265bd1d05e0393a339b37cb4a	bbs-archives-passed-banner	ReportOnly	cp437-inferred	false
/home/mkrueger/work/bbs/bbsarchives/Walls-and-liners-msg-doors/arsenic.zip![10]:ARCHIVES.BBS	71d056256e41d4ff70832abfe8c37d449ef45f0265bd1d05e0393a339b37cb4a	bbs-archives-passed-banner	ReportOnly	cp437-inferred	false
/home/mkrueger/work/bbs/bbsarchives/Walls-and-liners-msg-doors/awall20.zip![11]:ARCHIVES.BBS	71d056256e41d4ff70832abfe8c37d449ef45f0265bd1d05e0393a339b37cb4a	bbs-archives-passed-banner	ReportOnly	cp437-inferred	false
/home/mkrueger/work/bbs/bbsarchives/Walls-and-liners-msg-doors/awall211.zip![27]:ARCHIVES.BBS	71d056256e41d4ff70832abfe8c37d449ef45f0265bd1d05e0393a339b37cb4a	bbs-archives-passed-banner	ReportOnly	cp437-inferred	false
/home/mkrueger/work/bbs/bbsarchives/Walls-and-liners-msg-doors/bbsq_v10.zip![7]:ARCHIVES.BBS	71d056256e41d4ff70832abfe8c37d449ef45f0265bd1d05e0393a339b37cb4a	bbs-archives-passed-banner	ReportOnly	cp437-inferred	false
/home/mkrueger/work/bbs/bbsarchives/Walls-and-liners-msg-doors/blood105.zip![7]:ARCHIVES.BBS	71d056256e41d4ff70832abfe8c37d449ef45f0265bd1d05e0393a339b37cb4a	bbs-archives-passed-banner	ReportOnly	cp437-inferred	false
/home/mkrueger/work/bbs/bbsarchives/Walls-and-liners-msg-doors/cfe_2d1l10.zip![4]:ARCHIVES.BBS	71d056256e41d4ff70832abfe8c37d449ef45f0265bd1d05e0393a339b37cb4a	bbs-archives-passed-banner	ReportOnly	cp437-inferred	false
/home/mkrueger/work/bbs/bbsarchives/Walls-and-liners-msg-doors/davesbar.zip![15]:ARCHIVES.BBS	71d056256e41d4ff70832abfe8c37d449ef45f0265bd1d05e0393a339b37cb4a	bbs-archives-passed-banner	ReportOnly	cp437-inferred	false
/home/mkrueger/work/bbs/bbsarchives/Walls-and-liners-msg-doors/digi11.zip![9]:ARCHIVES.BBS	71d056256e41d4ff70832abfe8c37d449ef45f0265bd1d05e0393a339b37cb4a	bbs-archives-passed-banner	ReportOnly	cp437-inferred	false
/home/mkrueger/work/bbs/bbsarchives/Walls-and-liners-msg-doors/dkpost40.zip![11]:ARCHIVES.BBS	71d056256e41d4ff70832abfe8c37d449ef45f0265bd1d05e0393a339b37cb4a	bbs-archives-passed-banner	ReportOnly	cp437-inferred	false
/home/mkrueger/work/bbs/bbsarchives/Walls-and-liners-msg-doors/dwall141.zip![16]:ARCHIVES.BBS	71d056256e41d4ff70832abfe8c37d449ef45f0265bd1d05e0393a339b37cb4a	bbs-archives-passed-banner	ReportOnly	cp437-inferred	false
/home/mkrueger/work/bbs/bbsarchives/Walls-and-liners-msg-doors/ezwall10.zip![10]:ARCHIVES.BBS	71d056256e41d4ff70832abfe8c37d449ef45f0265bd1d05e0393a339b37cb4a	bbs-archives-passed-banner	ReportOnly	cp437-inferred	false
/home/mkrueger/work/bbs/bbsarchives/Walls-and-liners-msg-doors/flw10.zip![8]:ARCHIVES.BBS	71d056256e41d4ff70832abfe8c37d449ef45f0265bd1d05e0393a339b37cb4a	bbs-archives-passed-banner	ReportOnly	cp437-inferred	false
/home/mkrueger/work/bbs/bbsarchives/Walls-and-liners-msg-doors/gheto251.zip![8]:ARCHIVES.BBS	71d056256e41d4ff70832abfe8c37d449ef45f0265bd1d05e0393a339b37cb4a	bbs-archives-passed-banner	ReportOnly	cp437-inferred	false
/home/mkrueger/work/bbs/bbsarchives/Walls-and-liners-msg-doors/graph20b.zip![6]:ARCHIVES.BBS	71d056256e41d4ff70832abfe8c37d449ef45f0265bd1d05e0393a339b37cb4a	bbs-archives-passed-banner	ReportOnly	cp437-inferred	false
/home/mkrueger/work/bbs/bbsarchives/Walls-and-liners-msg-doors/grfiti20.zip![8]:ARCHIVES.BBS	71d056256e41d4ff70832abfe8c37d449ef45f0265bd1d05e0393a339b37cb4a	bbs-archives-passed-banner	ReportOnly	cp437-inferred	false
/home/mkrueger/work/bbs/bbsarchives/Walls-and-liners-msg-doors/gwall303.zip![3]:ARCHIVES.BBS	71d056256e41d4ff70832abfe8c37d449ef45f0265bd1d05e0393a339b37cb4a	bbs-archives-passed-banner	ReportOnly	cp437-inferred	false
/home/mkrueger/work/bbs/bbsarchives/Walls-and-liners-msg-doors/iolina3.zip![6]:ARCHIVES.BBS	71d056256e41d4ff70832abfe8c37d449ef45f0265bd1d05e0393a339b37cb4a	bbs-archives-passed-banner	ReportOnly	cp437-inferred	false
/home/mkrueger/work/bbs/bbsarchives/Walls-and-liners-msg-doors/klt_2dspn3.zip![6]:ARCHIVES.BBS	71d056256e41d4ff70832abfe8c37d449ef45f0265bd1d05e0393a339b37cb4a	bbs-archives-passed-banner	ReportOnly	cp437-inferred	false
/home/mkrueger/work/bbs/bbsarchives/Walls-and-liners-msg-doors/kpws11r2.zip![6]:ARCHIVES.BBS	71d056256e41d4ff70832abfe8c37d449ef45f0265bd1d05e0393a339b37cb4a	bbs-archives-passed-banner	ReportOnly	cp437-inferred	false
/home/mkrueger/work/bbs/bbsarchives/Walls-and-liners-msg-doors/linerz.zip![8]:ARCHIVES.BBS	71d056256e41d4ff70832abfe8c37d449ef45f0265bd1d05e0393a339b37cb4a	bbs-archives-passed-banner	ReportOnly	cp437-inferred	false
/home/mkrueger/work/bbs/bbsarchives/Walls-and-liners-msg-doors/logbrain.zip![13]:ARCHIVES.BBS	71d056256e41d4ff70832abfe8c37d449ef45f0265bd1d05e0393a339b37cb4a	bbs-archives-passed-banner	ReportOnly	cp437-inferred	false
/home/mkrueger/work/bbs/bbsarchives/Walls-and-liners-msg-doors/nlinez13.zip![5]:ARCHIVES.BBS	71d056256e41d4ff70832abfe8c37d449ef45f0265bd1d05e0393a339b37cb4a	bbs-archives-passed-banner	ReportOnly	cp437-inferred	false
/home/mkrueger/work/bbs/bbsarchives/Walls-and-liners-msg-doors/nsanewal.zip![20]:ARCHIVES.BBS	71d056256e41d4ff70832abfe8c37d449ef45f0265bd1d05e0393a339b37cb4a	bbs-archives-passed-banner	ReportOnly	cp437-inferred	false
/home/mkrueger/work/bbs/bbsarchives/Walls-and-liners-msg-doors/ol_113.zip![7]:ARCHIVES.BBS	71d056256e41d4ff70832abfe8c37d449ef45f0265bd1d05e0393a339b37cb4a	bbs-archives-passed-banner	ReportOnly	cp437-inferred	false
/home/mkrueger/work/bbs/bbsarchives/Walls-and-liners-msg-doors/ol_2d113.zip![7]:ARCHIVES.BBS	71d056256e41d4ff70832abfe8c37d449ef45f0265bd1d05e0393a339b37cb4a	bbs-archives-passed-banner	ReportOnly	cp437-inferred	false
/home/mkrueger/work/bbs/bbsarchives/Walls-and-liners-msg-doors/onelin40.zip![3]:ARCHIVES.BBS	71d056256e41d4ff70832abfe8c37d449ef45f0265bd1d05e0393a339b37cb4a	bbs-archives-passed-banner	ReportOnly	cp437-inferred	false
/home/mkrueger/work/bbs/bbsarchives/Walls-and-liners-msg-doors/oneline1.zip![5]:ARCHIVES.BBS	71d056256e41d4ff70832abfe8c37d449ef45f0265bd1d05e0393a339b37cb4a	bbs-archives-passed-banner	ReportOnly	cp437-inferred	false
/home/mkrueger/work/bbs/bbsarchives/Walls-and-liners-msg-doors/onep100.zip![8]:ARCHIVES.BBS	71d056256e41d4ff70832abfe8c37d449ef45f0265bd1d05e0393a339b37cb4a	bbs-archives-passed-banner	ReportOnly	cp437-inferred	false
/home/mkrueger/work/bbs/bbsarchives/Walls-and-liners-msg-doors/ov_2d1linr.zip![9]:ARCHIVES.BBS	71d056256e41d4ff70832abfe8c37d449ef45f0265bd1d05e0393a339b37cb4a	bbs-archives-passed-banner	ReportOnly	cp437-inferred	false
/home/mkrueger/work/bbs/bbsarchives/Walls-and-liners-msg-doors/pline046.zip![8]:ARCHIVES.BBS	71d056256e41d4ff70832abfe8c37d449ef45f0265bd1d05e0393a339b37cb4a	bbs-archives-passed-banner	ReportOnly	cp437-inferred	false
/home/mkrueger/work/bbs/bbsarchives/Walls-and-liners-msg-doors/pray101.zip![16]:ARCHIVES.BBS	71d056256e41d4ff70832abfe8c37d449ef45f0265bd1d05e0393a339b37cb4a	bbs-archives-passed-banner	ReportOnly	cp437-inferred	false
/home/mkrueger/work/bbs/bbsarchives/Walls-and-liners-msg-doors/pshot102.zip![6]:LORD.IGM	71d056256e41d4ff70832abfe8c37d449ef45f0265bd1d05e0393a339b37cb4a	bbs-archives-passed-banner	ReportOnly	cp437-inferred	false
/home/mkrueger/work/bbs/bbsarchives/Walls-and-liners-msg-doors/pwall10.zip![11]:ARCHIVES.BBS	71d056256e41d4ff70832abfe8c37d449ef45f0265bd1d05e0393a339b37cb4a	bbs-archives-passed-banner	ReportOnly	cp437-inferred	false
/home/mkrueger/work/bbs/bbsarchives/Walls-and-liners-msg-doors/spkout10.zip![9]:ARCHIVES.BBS	71d056256e41d4ff70832abfe8c37d449ef45f0265bd1d05e0393a339b37cb4a	bbs-archives-passed-banner	ReportOnly	cp437-inferred	false
/home/mkrueger/work/bbs/bbsarchives/Walls-and-liners-msg-doors/tf_2dol050.zip![6]:ARCHIVES.BBS	71d056256e41d4ff70832abfe8c37d449ef45f0265bd1d05e0393a339b37cb4a	bbs-archives-passed-banner	ReportOnly	cp437-inferred	false
/home/mkrueger/work/bbs/bbsarchives/Walls-and-liners-msg-doors/tmtnc32.zip![6]:ARCHIVES.BBS	71d056256e41d4ff70832abfe8c37d449ef45f0265bd1d05e0393a339b37cb4a	bbs-archives-passed-banner	ReportOnly	cp437-inferred	false
/home/mkrueger/work/bbs/bbsarchives/Walls-and-liners-msg-doors/tnywal20.zip![5]:DOORS.BBS	71d056256e41d4ff70832abfe8c37d449ef45f0265bd1d05e0393a339b37cb4a	bbs-archives-passed-banner	ReportOnly	cp437-inferred	false
/home/mkrueger/work/bbs/bbsarchives/Walls-and-liners-msg-doors/toilet10.zip![9]:ARCHIVES.BBS	71d056256e41d4ff70832abfe8c37d449ef45f0265bd1d05e0393a339b37cb4a	bbs-archives-passed-banner	ReportOnly	cp437-inferred	false
/home/mkrueger/work/bbs/bbsarchives/Walls-and-liners-msg-doors/trirum14.zip![7]:ARCHIVES.BBS	71d056256e41d4ff70832abfe8c37d449ef45f0265bd1d05e0393a339b37cb4a	bbs-archives-passed-banner	ReportOnly	cp437-inferred	false
/home/mkrueger/work/bbs/bbsarchives/Walls-and-liners-msg-doors/ts_2dmarma.zip![20]:ARCHIVES.BBS	71d056256e41d4ff70832abfe8c37d449ef45f0265bd1d05e0393a339b37cb4a	bbs-archives-passed-banner	ReportOnly	cp437-inferred	false
/home/mkrueger/work/bbs/bbsarchives/Walls-and-liners-msg-doors/twall60.zip![9]:DOORS.BBS	71d056256e41d4ff70832abfe8c37d449ef45f0265bd1d05e0393a339b37cb4a	bbs-archives-passed-banner	ReportOnly	cp437-inferred	false
/home/mkrueger/work/bbs/bbsarchives/Walls-and-liners-msg-doors/twt_on14.zip![7]:ARCHIVES.BBS	71d056256e41d4ff70832abfe8c37d449ef45f0265bd1d05e0393a339b37cb4a	bbs-archives-passed-banner	ReportOnly	cp437-inferred	false
/home/mkrueger/work/bbs/bbsarchives/Walls-and-liners-msg-doors/wall.zip![7]:ARCHIVES.BBS	71d056256e41d4ff70832abfe8c37d449ef45f0265bd1d05e0393a339b37cb4a	bbs-archives-passed-banner	ReportOnly	cp437-inferred	false
/home/mkrueger/work/bbs/bbsarchives/Walls-and-liners-msg-doors/wall101.zip![14]:ARCHIVES.BBS	71d056256e41d4ff70832abfe8c37d449ef45f0265bd1d05e0393a339b37cb4a	bbs-archives-passed-banner	ReportOnly	cp437-inferred	false
/home/mkrueger/work/bbs/bbsarchives/Walls-and-liners-msg-doors/wall522.zip![10]:ARCHIVES.BBS	71d056256e41d4ff70832abfe8c37d449ef45f0265bd1d05e0393a339b37cb4a	bbs-archives-passed-banner	ReportOnly	cp437-inferred	false
/home/mkrueger/work/bbs/bbsarchives/Walls-and-liners-msg-doors/wallsrc.zip![12]:ARCHIVES.BBS	71d056256e41d4ff70832abfe8c37d449ef45f0265bd1d05e0393a339b37cb4a	bbs-archives-passed-banner	ReportOnly	cp437-inferred	false
/home/mkrueger/work/bbs/bbsarchives/Walls-and-liners-msg-doors/wordwal4.zip![12]:ARCHIVES.BBS	71d056256e41d4ff70832abfe8c37d449ef45f0265bd1d05e0393a339b37cb4a	bbs-archives-passed-banner	ReportOnly	cp437-inferred	false
/home/mkrueger/work/bbs/bbsarchives/Walls-and-liners-msg-doors/ww103b.zip![10]:DOORS.BBS	71d056256e41d4ff70832abfe8c37d449ef45f0265bd1d05e0393a339b37cb4a	bbs-archives-passed-banner	ReportOnly	cp437-inferred	false
/home/mkrueger/work/bbs/bbsarchives/WildCat-5.x-Utils/bobs28.zip![5]:LORD.IGM	71d056256e41d4ff70832abfe8c37d449ef45f0265bd1d05e0393a339b37cb4a	bbs-archives-passed-banner	ReportOnly	cp437-inferred	false
/home/mkrueger/work/bbs/bbsarchives/WildCat-5.x-Utils/carnal15.zip![5]:LORD.IGM	71d056256e41d4ff70832abfe8c37d449ef45f0265bd1d05e0393a339b37cb4a	bbs-archives-passed-banner	ReportOnly	cp437-inferred	false
/home/mkrueger/work/bbs/bbsarchives/WildCat-5.x-Utils/clintn20.zip![3]:LORD.IGM	71d056256e41d4ff70832abfe8c37d449ef45f0265bd1d05e0393a339b37cb4a	bbs-archives-passed-banner	ReportOnly	cp437-inferred	false
/home/mkrueger/work/bbs/bbsarchives/WildCat-5.x-Utils/ever17.zip![5]:LORD.IGM	71d056256e41d4ff70832abfe8c37d449ef45f0265bd1d05e0393a339b37cb4a	bbs-archives-passed-banner	ReportOnly	cp437-inferred	false
/home/mkrueger/work/bbs/bbsarchives/WildCat-5.x-Utils/maddog13.zip![5]:LORD.IGM	71d056256e41d4ff70832abfe8c37d449ef45f0265bd1d05e0393a339b37cb4a	bbs-archives-passed-banner	ReportOnly	cp437-inferred	false
/home/mkrueger/work/bbs/bbsarchives/WildCat-5.x-Utils/otown27.zip![6]:LORD.IGM	71d056256e41d4ff70832abfe8c37d449ef45f0265bd1d05e0393a339b37cb4a	bbs-archives-passed-banner	ReportOnly	cp437-inferred	false
/home/mkrueger/work/bbs/bbsarchives/WildCat-5.x-Utils/rue13.zip![7]:LORD.IGM	71d056256e41d4ff70832abfe8c37d449ef45f0265bd1d05e0393a339b37cb4a	bbs-archives-passed-banner	ReportOnly	cp437-inferred	false
/home/mkrueger/work/bbs/bbsarchives/WildCat-5.x-Utils/russ10.zip![4]:LORD.IGM	71d056256e41d4ff70832abfe8c37d449ef45f0265bd1d05e0393a339b37cb4a	bbs-archives-passed-banner	ReportOnly	cp437-inferred	false
/home/mkrueger/work/bbs/bbsarchives/WildCat-5.x-Utils/wcxf26.zip![5]:LORD.IGM	71d056256e41d4ff70832abfe8c37d449ef45f0265bd1d05e0393a339b37cb4a	bbs-archives-passed-banner	ReportOnly	cp437-inferred	false
/home/mkrueger/work/bbs/bbsarchives/WildCat-5.x-Utils/witch27.zip![5]:LORD.IGM	71d056256e41d4ff70832abfe8c37d449ef45f0265bd1d05e0393a339b37cb4a	bbs-archives-passed-banner	ReportOnly	cp437-inferred	false
